Sr.No.,CustomerID,ProductID,SalesRep,OrderDate,InvoiceDate,DueDate,PaymentDate,Qty,DiscountPct,Sales,PaymentStatus
1,701,39,Rep_17,11-09-2024,13-09-2024,13-10-2024,20-10-2024,1,20.0,5825.53,Paid
2,436,53,Rep_25,06-04-2024,07-04-2024,07-05-2024,14-05-2024,5,10.0,19878.66,Paid
3,117,95,Rep_23,08-11-2025,09-11-2025,09-12-2025,09-12-2025,7,0.0,6970.88,Paid
4,602,93,Rep_3,10-04-2025,12-04-2025,12-05-2025,22-05-2025,5,10.0,8151.62,Paid
5,619,34,Rep_21,20-11-2025,20-11-2025,20-12-2025,18-12-2025,1,15.0,3388.51,Paid
6,709,52,Rep_23,04-11-2025,06-11-2025,06-12-2025,11-12-2025,5,20.0,29268.88,Paid
7,824,39,Rep_7,30-03-2024,30-03-2024,29-04-2024,30-04-2024,2,0.0,14563.82,Paid
8,149,84,Rep_15,04-09-2024,05-09-2024,05-10-2024,29-12-2024,9,5.0,8009.9,Late
9,433,3,Rep_15,29-04-2024,29-04-2024,29-05-2024,,8,15.0,56343.3,Pending
10,207,38,Rep_24,06-08-2025,07-08-2025,06-09-2025,04-09-2025,2,15.0,6557.51,Paid
11,749,71,Rep_2,24-10-2024,24-10-2024,23-11-2024,28-11-2024,9,20.0,3365.06,Paid
12,433,74,Rep_21,19-11-2024,21-11-2024,21-12-2024,29-12-2024,7,15.0,52108.49,Paid
13,715,56,Rep_8,22-01-2024,22-01-2024,21-02-2024,22-02-2024,8,10.0,18104.9,Paid
14,702,44,Rep_22,08-09-2025,10-09-2025,10-10-2025,10-10-2025,5,15.0,20849.22,Paid
15,369,61,Rep_6,14-06-2024,16-06-2024,16-07-2024,25-07-2024,2,15.0,1267.64,Paid
16,104,54,Rep_12,20-05-2025,21-05-2025,20-06-2025,26-06-2025,1,0.0,6668.16,Paid
17,179,65,Rep_16,02-02-2024,02-02-2024,03-03-2024,02-03-2024,10,5.0,30186.92,Paid
18,349,46,Rep_30,17-02-2024,19-02-2024,20-03-2024,20-03-2024,9,20.0,6004.3,Paid
19,819,59,Rep_6,23-04-2024,23-04-2024,23-05-2024,01-08-2024,2,20.0,4743.92,Late
20,892,27,Rep_4,05-01-2025,05-01-2025,04-02-2025,21-04-2025,8,20.0,9684.99,Late
21,373,43,Rep_16,21-05-2024,21-05-2024,20-06-2024,18-08-2024,7,0.0,1456.56,Late
22,518,22,Rep_25,28-03-2024,29-03-2024,28-04-2024,08-05-2024,7,10.0,5306.8,Paid
23,807,30,Rep_15,21-05-2024,22-05-2024,21-06-2024,25-06-2024,8,20.0,12714.69,Paid
24,11,92,Rep_25,13-06-2025,13-06-2025,13-07-2025,16-07-2025,7,5.0,28868.71,Paid
25,945,83,Rep_22,03-06-2024,05-06-2024,05-07-2024,13-07-2024,9,10.0,18123.43,Paid
26,895,39,Rep_15,17-11-2024,18-11-2024,18-12-2024,20-12-2024,9,20.0,52429.75,Paid
27,909,70,Rep_3,01-10-2025,03-10-2025,02-11-2025,11-11-2025,6,15.0,43652.28,Paid
28,343,50,Rep_10,09-05-2024,11-05-2024,10-06-2024,,5,5.0,7724.83,BadDebt
29,776,82,Rep_25,12-06-2024,12-06-2024,12-07-2024,22-07-2024,9,20.0,28541.81,Paid
30,433,65,Rep_25,23-04-2024,25-04-2024,25-05-2024,28-05-2024,5,20.0,12710.28,Paid
31,128,58,Rep_8,01-11-2024,03-11-2024,03-12-2024,01-02-2025,6,5.0,15331.52,Late
32,292,86,Rep_19,09-08-2025,11-08-2025,10-09-2025,14-09-2025,9,5.0,41747.0,Paid
33,798,47,Rep_29,10-04-2025,10-04-2025,10-05-2025,14-05-2025,7,0.0,18841.34,Paid
34,220,58,Rep_28,20-03-2024,21-03-2024,20-04-2024,24-04-2024,10,20.0,21517.92,Paid
35,511,82,Rep_16,09-03-2025,10-03-2025,09-04-2025,14-04-2025,7,5.0,26361.53,Paid
36,133,91,Rep_18,09-06-2025,11-06-2025,11-07-2025,12-07-2025,8,15.0,59643.34,Paid
37,975,16,Rep_4,08-09-2025,09-09-2025,09-10-2025,12-10-2025,10,10.0,11961.99,Paid
38,384,39,Rep_29,28-10-2024,29-10-2024,28-11-2024,28-11-2024,3,20.0,17476.58,Paid
39,291,28,Rep_14,06-07-2024,08-07-2024,07-08-2024,06-08-2024,9,10.0,32599.5,Paid
40,318,73,Rep_15,08-04-2025,09-04-2025,09-05-2025,09-07-2025,10,5.0,34361.88,Late
41,684,58,Rep_29,01-06-2024,03-06-2024,03-07-2024,13-07-2024,10,20.0,21517.92,Paid
42,554,6,Rep_26,17-11-2025,18-11-2025,18-12-2025,28-02-2026,2,5.0,18584.81,Late
43,317,72,Rep_2,22-10-2025,22-10-2025,21-11-2025,20-11-2025,4,20.0,17289.31,Paid
44,535,25,Rep_9,02-05-2025,04-05-2025,03-06-2025,,2,20.0,724.46,Pending
45,252,91,Rep_16,16-08-2025,17-08-2025,16-09-2025,22-09-2025,10,10.0,78939.72,Paid
46,24,44,Rep_4,23-03-2025,23-03-2025,22-04-2025,28-04-2025,6,15.0,25019.07,Paid
47,293,19,Rep_11,06-07-2024,07-07-2024,06-08-2024,15-09-2024,5,15.0,39855.69,Late
48,731,8,Rep_27,01-11-2024,02-11-2024,02-12-2024,02-12-2024,7,10.0,51900.16,Paid
49,54,26,Rep_9,02-09-2024,04-09-2024,04-10-2024,09-10-2024,9,20.0,62043.41,Paid
50,476,71,Rep_19,20-02-2025,20-02-2025,22-03-2025,26-03-2025,4,0.0,1869.48,Paid
51,253,98,Rep_21,22-07-2025,24-07-2025,23-08-2025,12-10-2025,10,15.0,10081.0,Late
52,802,19,Rep_18,17-01-2025,19-01-2025,18-02-2025,,4,20.0,30008.99,BadDebt
53,2,60,Rep_9,27-09-2025,28-09-2025,28-10-2025,28-10-2025,1,0.0,4639.44,Paid
54,390,45,Rep_19,09-10-2025,09-10-2025,08-11-2025,14-11-2025,5,0.0,20163.75,Paid
55,92,51,Rep_17,16-12-2025,16-12-2025,15-01-2026,02-04-2026,9,10.0,78731.6,Late
56,326,88,Rep_11,16-12-2024,18-12-2024,17-01-2025,27-01-2025,8,10.0,44958.24,Paid
57,471,77,Rep_1,02-12-2024,02-12-2024,01-01-2025,,3,0.0,2779.68,Pending
58,424,72,Rep_29,14-12-2025,16-12-2025,15-01-2026,19-01-2026,9,0.0,48626.19,Paid
59,688,57,Rep_25,19-11-2025,19-11-2025,19-12-2025,23-12-2025,10,10.0,6570.0,Paid
60,9,16,Rep_25,18-04-2025,19-04-2025,19-05-2025,,8,0.0,10632.88,Pending
61,944,91,Rep_12,01-01-2025,01-01-2025,31-01-2025,07-02-2025,5,5.0,41662.63,Paid
62,505,91,Rep_16,24-12-2025,26-12-2025,25-01-2026,26-01-2026,7,0.0,61397.56,Paid
63,199,85,Rep_5,02-08-2025,04-08-2025,03-09-2025,10-09-2025,3,0.0,7072.08,Paid
64,584,30,Rep_29,19-06-2025,21-06-2025,21-07-2025,02-09-2025,1,20.0,1589.34,Late
65,961,55,Rep_14,18-10-2025,20-10-2025,19-11-2025,,1,10.0,5149.13,Pending
66,697,67,Rep_14,22-04-2025,23-04-2025,23-05-2025,02-06-2025,1,5.0,3349.04,Paid
67,324,1,Rep_30,05-02-2025,05-02-2025,07-03-2025,14-03-2025,1,5.0,5150.63,Paid
68,169,43,Rep_19,14-11-2024,14-11-2024,14-12-2024,13-12-2024,1,15.0,176.87,Paid
69,958,43,Rep_8,13-09-2024,13-09-2024,13-10-2024,14-10-2024,6,0.0,1248.48,Paid
70,795,77,Rep_2,26-09-2025,27-09-2025,27-10-2025,06-01-2026,8,20.0,5929.98,Late
71,387,41,Rep_14,11-12-2025,11-12-2025,10-01-2026,13-02-2026,8,0.0,28472.56,Late
72,694,8,Rep_20,26-07-2025,26-07-2025,25-08-2025,29-08-2025,7,0.0,57666.84,Paid
73,639,2,Rep_22,09-04-2025,10-04-2025,10-05-2025,14-05-2025,10,20.0,67515.76,Paid
74,465,67,Rep_27,02-12-2024,04-12-2024,03-01-2025,02-01-2025,1,20.0,2820.24,Paid
75,587,17,Rep_5,14-10-2025,16-10-2025,15-11-2025,19-11-2025,8,20.0,49487.62,Paid
76,62,17,Rep_5,15-11-2024,17-11-2024,17-12-2024,25-12-2024,6,10.0,41755.18,Paid
77,618,44,Rep_17,25-10-2024,26-10-2024,25-11-2024,,9,20.0,35321.04,BadDebt
78,573,7,Rep_16,08-03-2025,09-03-2025,08-04-2025,09-04-2025,4,0.0,2808.12,Paid
79,479,77,Rep_6,10-12-2025,11-12-2025,10-01-2026,,10,10.0,8339.04,Pending
80,898,6,Rep_8,22-05-2025,22-05-2025,21-06-2025,,4,5.0,37169.62,Pending
81,787,43,Rep_18,19-01-2025,19-01-2025,18-02-2025,16-02-2025,6,0.0,1248.48,Paid
82,298,57,Rep_10,18-07-2024,20-07-2024,19-08-2024,29-08-2024,6,0.0,4380.0,Paid
83,907,34,Rep_9,27-06-2024,28-06-2024,28-07-2024,12-09-2024,3,5.0,11361.47,Late
84,22,87,Rep_12,20-05-2024,21-05-2024,20-06-2024,19-06-2024,6,5.0,9405.17,Paid
85,677,22,Rep_5,23-06-2025,25-06-2025,25-07-2025,,2,0.0,1684.7,Pending
86,197,69,Rep_19,22-01-2025,24-01-2025,23-02-2025,02-03-2025,7,5.0,55768.89,Paid
87,549,38,Rep_29,01-06-2024,02-06-2024,02-07-2024,10-07-2024,5,5.0,18322.46,Paid
88,745,11,Rep_17,26-04-2025,28-04-2025,28-05-2025,28-05-2025,9,15.0,15434.87,Paid
89,330,92,Rep_21,17-01-2025,19-01-2025,18-02-2025,27-02-2025,8,15.0,29519.89,Paid
90,598,84,Rep_14,07-02-2024,07-02-2024,08-03-2024,09-03-2024,8,5.0,7119.91,Paid
91,586,21,Rep_8,18-01-2025,19-01-2025,18-02-2025,18-02-2025,2,10.0,8408.66,Paid
92,477,66,Rep_11,28-09-2025,29-09-2025,29-10-2025,03-11-2025,7,15.0,65836.45,Paid
93,26,23,Rep_17,28-03-2025,28-03-2025,27-04-2025,26-04-2025,6,0.0,17521.62,Paid
94,81,36,Rep_22,21-08-2024,21-08-2024,20-09-2024,23-09-2024,1,20.0,715.03,Paid
95,310,96,Rep_10,30-11-2025,01-12-2025,31-12-2025,07-01-2026,3,20.0,19145.33,Paid
96,355,52,Rep_8,19-02-2025,21-02-2025,23-03-2025,23-04-2025,8,20.0,46830.21,Late
97,768,27,Rep_3,30-04-2025,30-04-2025,30-05-2025,09-06-2025,9,15.0,11576.59,Paid
98,193,55,Rep_28,15-12-2025,16-12-2025,15-01-2026,20-01-2026,9,0.0,51491.34,Paid
99,966,95,Rep_22,10-01-2024,11-01-2024,10-02-2024,04-05-2024,6,10.0,5377.54,Late
100,782,100,Rep_5,08-12-2025,10-12-2025,09-01-2026,16-01-2026,1,20.0,2678.89,Paid
101,339,73,Rep_13,06-10-2025,08-10-2025,07-11-2025,,10,15.0,30744.84,Pending
102,396,25,Rep_18,01-05-2025,01-05-2025,31-05-2025,05-06-2025,5,0.0,2263.95,Paid
103,847,89,Rep_10,09-09-2025,10-09-2025,10-10-2025,11-10-2025,2,15.0,3201.32,Paid
104,72,59,Rep_4,28-02-2024,29-02-2024,30-03-2024,30-03-2024,6,15.0,15121.24,Paid
105,429,62,Rep_27,11-03-2024,12-03-2024,11-04-2024,,4,5.0,26950.66,Pending
106,487,21,Rep_15,10-09-2025,12-09-2025,12-10-2025,,10,5.0,44379.06,Pending
107,8,19,Rep_29,01-04-2025,01-04-2025,01-05-2025,09-07-2025,4,20.0,30008.99,Late
108,474,74,Rep_27,10-02-2024,12-02-2024,13-03-2024,21-03-2024,8,10.0,63055.66,Paid
109,180,54,Rep_6,12-09-2024,12-09-2024,12-10-2024,,7,15.0,39675.55,Pending
110,98,51,Rep_3,16-12-2025,16-12-2025,15-01-2026,15-01-2026,5,20.0,38879.8,Paid
111,740,28,Rep_4,20-05-2025,21-05-2025,20-06-2025,,9,0.0,36221.67,BadDebt
112,799,42,Rep_21,23-02-2025,24-02-2025,26-03-2025,27-03-2025,9,0.0,94202.64,Paid
113,768,60,Rep_4,25-01-2025,26-01-2025,25-02-2025,21-05-2025,4,15.0,15774.1,Late
114,140,42,Rep_23,17-11-2025,19-11-2025,19-12-2025,24-12-2025,2,0.0,20933.92,Paid
115,144,61,Rep_18,12-10-2024,12-10-2024,11-11-2024,09-11-2024,10,0.0,7456.7,Paid
116,173,10,Rep_2,18-11-2025,18-11-2025,18-12-2025,18-12-2025,8,10.0,36643.54,Paid
117,546,28,Rep_15,28-03-2025,30-03-2025,29-04-2025,07-05-2025,9,0.0,36221.67,Paid
118,5,7,Rep_14,21-01-2025,21-01-2025,20-02-2025,,6,5.0,4001.57,Pending
119,15,44,Rep_17,15-07-2024,17-07-2024,16-08-2024,17-08-2024,2,5.0,9320.83,Paid
120,335,42,Rep_7,29-07-2025,31-07-2025,30-08-2025,31-08-2025,9,15.0,80072.24,Paid
121,332,23,Rep_22,16-01-2024,17-01-2024,16-02-2024,14-02-2024,7,5.0,19419.8,Paid
122,666,80,Rep_4,12-01-2025,12-01-2025,11-02-2025,12-02-2025,7,10.0,23639.18,Paid
123,811,73,Rep_25,24-06-2024,25-06-2024,25-07-2024,,10,10.0,32553.36,Pending
124,341,23,Rep_30,12-10-2025,14-10-2025,13-11-2025,21-11-2025,8,0.0,23362.16,Paid
125,392,66,Rep_29,17-10-2025,19-10-2025,18-11-2025,25-11-2025,1,5.0,10511.7,Paid
126,243,95,Rep_5,14-03-2025,14-03-2025,13-04-2025,11-04-2025,3,10.0,2688.77,Paid
127,658,5,Rep_26,31-08-2024,02-09-2024,02-10-2024,07-10-2024,6,5.0,5837.03,Paid
128,534,54,Rep_2,25-10-2025,26-10-2025,25-11-2025,09-01-2026,6,10.0,36008.06,Late
129,681,32,,04-12-2025,06-12-2025,05-01-2026,15-03-2026,7,20.0,15584.97,Late
130,891,63,Rep_18,12-03-2024,12-03-2024,11-04-2024,11-04-2024,4,5.0,6347.25,Paid
131,955,27,Rep_8,29-08-2024,31-08-2024,30-09-2024,09-10-2024,8,10.0,10895.62,Paid
132,621,32,Rep_12,06-11-2024,07-11-2024,07-12-2024,15-12-2024,4,10.0,10018.91,Paid
133,172,61,Rep_13,27-03-2025,28-03-2025,27-04-2025,06-05-2025,7,5.0,4958.71,Paid
134,86,98,Rep_15,03-11-2024,05-11-2024,05-12-2024,11-12-2024,3,10.0,3202.2,Paid
135,576,78,Rep_1,07-05-2025,07-05-2025,06-06-2025,15-06-2025,8,5.0,50914.3,Paid
136,513,94,Rep_21,18-01-2025,19-01-2025,18-02-2025,22-02-2025,7,10.0,17493.84,Paid
137,73,53,Rep_25,09-02-2024,09-02-2024,10-03-2024,17-03-2024,3,5.0,12589.82,Paid
138,740,45,Rep_24,05-06-2025,07-06-2025,07-07-2025,16-07-2025,6,0.0,24196.5,Paid
139,490,5,Rep_5,05-01-2025,07-01-2025,06-02-2025,10-03-2025,3,10.0,2764.91,Late
140,617,75,Rep_29,09-11-2025,09-11-2025,09-12-2025,19-12-2025,2,15.0,12852.8,Paid
141,932,25,Rep_13,09-03-2025,09-03-2025,08-04-2025,25-05-2025,5,20.0,1811.16,Late
142,752,53,Rep_30,01-04-2024,01-04-2024,01-05-2024,11-05-2024,6,5.0,25179.64,Paid
143,716,40,Rep_21,07-01-2024,07-01-2024,06-02-2024,08-03-2024,2,0.0,11023.32,Late
144,442,22,Rep_4,29-06-2024,30-06-2024,30-07-2024,30-07-2024,4,15.0,2863.99,Paid
145,834,28,Rep_30,09-07-2024,09-07-2024,08-08-2024,08-08-2024,4,10.0,14488.67,Paid
146,890,82,Rep_19,19-06-2024,19-06-2024,19-07-2024,23-07-2024,2,10.0,7135.45,Paid
147,497,87,Rep_17,13-04-2024,13-04-2024,13-05-2024,23-05-2024,1,20.0,1320.02,Paid
148,385,78,Rep_22,16-06-2025,17-06-2025,17-07-2025,,8,10.0,48234.6,Pending
149,323,31,Rep_1,04-01-2025,06-01-2025,05-02-2025,12-02-2025,1,10.0,4184.99,Paid
150,716,52,Rep_22,22-05-2024,22-05-2024,21-06-2024,27-06-2024,5,5.0,34756.8,Paid
151,487,66,Rep_26,27-02-2025,01-03-2025,31-03-2025,08-04-2025,6,0.0,66389.7,Paid
152,695,57,Rep_30,27-08-2024,29-08-2024,28-09-2024,07-10-2024,10,0.0,7300.0,Paid
153,488,85,Rep_29,17-12-2025,17-12-2025,16-01-2026,06-03-2026,10,5.0,22394.92,Late
154,878,92,Rep_15,31-05-2025,31-05-2025,30-06-2025,10-07-2025,2,10.0,7814.09,Paid
155,457,15,Rep_23,08-05-2025,10-05-2025,09-06-2025,10-06-2025,4,5.0,23470.4,Paid
156,952,42,Rep_21,27-01-2025,28-01-2025,27-02-2025,01-03-2025,8,0.0,83735.68,Paid
157,93,89,Rep_23,06-12-2024,06-12-2024,05-01-2025,,10,0.0,18831.3,Pending
158,743,49,Rep_10,31-10-2025,02-11-2025,02-12-2025,25-02-2026,7,5.0,50431.07,Late
159,92,44,Rep_13,29-08-2025,29-08-2025,28-09-2025,05-11-2025,10,10.0,44151.3,Late
160,2,40,Rep_30,04-03-2024,06-03-2024,05-04-2024,09-04-2024,7,10.0,34723.46,Paid
161,533,85,Rep_27,08-09-2025,10-09-2025,10-10-2025,14-10-2025,1,20.0,1885.89,Paid
162,858,29,Rep_10,26-05-2025,28-05-2025,27-06-2025,04-07-2025,5,5.0,25044.18,Paid
163,706,16,Rep_13,07-10-2024,09-10-2024,08-11-2024,16-11-2024,4,15.0,4518.97,Paid
164,830,43,Rep_24,05-06-2024,07-06-2024,07-07-2024,16-07-2024,4,0.0,832.32,Paid
165,835,85,Rep_13,12-06-2024,12-06-2024,12-07-2024,15-07-2024,7,15.0,14026.29,Paid
166,745,37,Rep_25,16-10-2024,18-10-2024,17-11-2024,,9,15.0,51802.05,Pending
167,887,7,Rep_10,27-12-2025,28-12-2025,27-01-2026,27-01-2026,10,5.0,6669.28,Paid
168,215,28,Rep_14,19-07-2024,21-07-2024,20-08-2024,23-08-2024,10,0.0,40246.3,Paid
169,173,8,Rep_21,08-04-2024,09-04-2024,09-05-2024,,3,0.0,24714.36,BadDebt
170,445,20,Rep_23,04-10-2025,06-10-2025,05-11-2025,03-11-2025,2,5.0,3876.02,Paid
171,177,84,Rep_21,19-01-2025,21-01-2025,20-02-2025,,2,15.0,1592.61,BadDebt
172,12,16,Rep_19,29-04-2024,29-04-2024,29-05-2024,06-06-2024,9,5.0,11363.89,Paid
173,711,96,Rep_3,06-04-2024,08-04-2024,08-05-2024,13-05-2024,7,10.0,50256.49,Paid
174,883,69,Rep_17,08-07-2024,09-07-2024,08-08-2024,09-09-2024,7,20.0,46963.28,Late
175,532,75,Rep_20,05-07-2025,07-07-2025,06-08-2025,17-10-2025,2,5.0,14364.89,Late
176,6,72,Rep_9,02-04-2025,03-04-2025,03-05-2025,03-05-2025,10,5.0,51327.64,Paid
177,36,11,Rep_2,07-05-2024,09-05-2024,08-06-2024,14-06-2024,3,15.0,5144.96,Paid
178,532,38,Rep_12,05-11-2025,07-11-2025,07-12-2025,14-12-2025,8,10.0,27772.99,Paid
179,523,27,Rep_28,05-12-2025,05-12-2025,04-01-2026,02-01-2026,4,0.0,6053.12,Paid
180,981,18,Rep_9,08-09-2025,10-09-2025,10-10-2025,13-10-2025,5,5.0,10393.28,Paid
181,666,21,Rep_21,13-02-2025,14-02-2025,16-03-2025,18-03-2025,7,5.0,31065.34,Paid
182,649,90,Rep_5,23-10-2025,23-10-2025,22-11-2025,28-01-2026,9,20.0,40702.25,Late
183,807,56,Rep_4,23-01-2025,23-01-2025,22-02-2025,,4,0.0,10058.28,Pending
184,417,9,Rep_4,03-12-2024,05-12-2024,04-01-2025,07-01-2025,5,5.0,986.19,Paid
185,993,29,Rep_26,22-01-2025,22-01-2025,21-02-2025,31-03-2025,3,20.0,12653.9,Late
186,542,45,Rep_6,18-12-2025,20-12-2025,19-01-2026,,9,10.0,32665.28,Pending
187,770,50,Rep_5,04-07-2024,05-07-2024,04-08-2024,17-10-2024,9,20.0,11709.22,Late
188,704,66,Rep_24,31-12-2025,31-12-2025,30-01-2026,30-01-2026,7,20.0,61963.72,Paid
189,380,91,Rep_26,12-09-2024,14-09-2024,14-10-2024,23-10-2024,8,5.0,66660.21,Paid
190,294,36,Rep_14,14-03-2025,16-03-2025,15-04-2025,,4,10.0,3217.64,Pending
191,866,12,Rep_10,11-10-2025,11-10-2025,10-11-2025,11-11-2025,2,5.0,19437.44,Paid
192,505,2,Rep_22,10-03-2025,12-03-2025,11-04-2025,20-04-2025,3,15.0,21520.65,Paid
193,715,16,Rep_8,19-02-2025,19-02-2025,21-03-2025,30-03-2025,1,15.0,1129.74,Paid
194,678,68,Rep_12,01-12-2025,03-12-2025,02-01-2026,07-01-2026,3,20.0,23000.02,Paid
195,527,46,Rep_8,22-02-2024,23-02-2024,24-03-2024,24-03-2024,6,0.0,5003.58,Paid
196,872,99,Rep_19,30-04-2024,01-05-2024,31-05-2024,02-06-2024,5,5.0,8420.94,Paid
197,946,40,Rep_1,20-10-2025,22-10-2025,21-11-2025,24-12-2025,8,20.0,35274.62,Late
198,337,39,Rep_14,28-12-2024,28-12-2024,27-01-2025,05-02-2025,3,15.0,18568.87,Paid
199,87,68,Rep_13,10-06-2025,10-06-2025,10-07-2025,15-07-2025,1,5.0,9104.17,Paid
200,374,55,Rep_24,05-07-2024,07-07-2024,06-08-2024,12-09-2024,8,15.0,38904.57,Late
201,368,91,Rep_29,22-07-2024,22-07-2024,21-08-2024,19-08-2024,3,15.0,22366.25,Paid
202,683,26,Rep_26,05-05-2025,07-05-2025,06-06-2025,,2,15.0,14649.14,BadDebt
203,131,42,Rep_26,13-02-2025,15-02-2025,17-03-2025,03-06-2025,7,5.0,69605.28,Late
204,160,45,,27-05-2025,27-05-2025,26-06-2025,11-08-2025,1,10.0,3629.48,Late
205,492,38,Rep_6,15-10-2024,16-10-2024,15-11-2024,19-11-2024,4,20.0,12343.55,Paid
206,786,15,Rep_17,26-09-2024,28-09-2024,28-10-2024,01-11-2024,4,15.0,20999.83,Paid
207,194,76,Rep_7,06-10-2025,08-10-2025,07-11-2025,06-11-2025,3,15.0,25600.32,Paid
208,437,3,Rep_21,23-09-2025,23-09-2025,23-10-2025,21-10-2025,7,15.0,49300.39,Paid
209,228,44,Rep_9,12-03-2025,13-03-2025,12-04-2025,16-04-2025,1,10.0,4415.13,Paid
210,729,54,Rep_24,09-09-2024,10-09-2024,10-10-2024,,3,0.0,20004.48,Pending
211,293,61,Rep_4,13-10-2024,15-10-2024,14-11-2024,14-11-2024,5,15.0,3169.1,Paid
212,14,88,Rep_8,19-07-2025,19-07-2025,18-08-2025,27-08-2025,6,20.0,29972.16,Paid
213,216,75,Rep_30,28-01-2025,28-01-2025,27-02-2025,,3,20.0,18145.13,Pending
214,838,25,Rep_16,16-07-2024,18-07-2024,17-08-2024,16-08-2024,2,20.0,724.46,Paid
215,207,69,Rep_15,06-06-2024,06-06-2024,06-07-2024,10-07-2024,9,10.0,67929.03,Paid
216,121,56,Rep_5,10-03-2024,11-03-2024,10-04-2024,16-04-2024,1,5.0,2388.84,Paid
217,979,73,Rep_6,03-03-2024,05-03-2024,04-04-2024,08-04-2024,8,20.0,23149.06,Paid
218,522,50,Rep_7,29-07-2025,30-07-2025,29-08-2025,31-08-2025,4,5.0,6179.86,Paid
219,10,66,Rep_9,11-04-2025,13-04-2025,13-05-2025,16-07-2025,5,10.0,49792.28,Late
220,176,29,Rep_26,16-02-2024,18-02-2024,19-03-2024,17-03-2024,3,10.0,14235.64,Paid
221,255,27,Rep_23,01-07-2025,01-07-2025,31-07-2025,03-08-2025,10,10.0,13619.52,Paid
222,271,93,Rep_1,16-05-2024,17-05-2024,16-06-2024,,5,10.0,8151.62,Pending
223,225,94,Rep_23,13-10-2024,13-10-2024,12-11-2024,10-11-2024,9,20.0,19992.96,Paid
224,670,33,Rep_19,03-10-2025,05-10-2025,04-11-2025,05-11-2025,8,5.0,11222.69,Paid
225,879,97,Rep_3,08-02-2025,08-02-2025,10-03-2025,19-03-2025,7,10.0,48140.57,Paid
226,471,24,Rep_29,29-06-2024,29-06-2024,29-07-2024,07-08-2024,3,10.0,9780.02,Paid
227,404,88,Rep_13,14-09-2025,14-09-2025,14-10-2025,13-10-2025,7,5.0,41523.93,Paid
228,540,18,Rep_21,13-01-2024,15-01-2024,14-02-2024,18-02-2024,1,0.0,2188.06,Paid
229,136,32,Rep_4,26-03-2024,27-03-2024,26-04-2024,04-05-2024,10,0.0,27830.3,Paid
230,838,44,Rep_16,25-12-2025,25-12-2025,24-01-2026,29-01-2026,10,15.0,41698.45,Paid
231,58,70,Rep_4,09-12-2025,10-12-2025,09-01-2026,08-01-2026,1,0.0,8559.27,Paid
232,857,54,Rep_12,25-05-2024,25-05-2024,24-06-2024,,1,5.0,6334.75,Pending
233,232,88,Rep_8,28-01-2025,30-01-2025,01-03-2025,,2,15.0,10615.14,Pending
234,979,37,Rep_6,31-12-2024,31-12-2024,30-01-2025,29-01-2025,6,0.0,40629.06,Paid
235,343,77,Rep_4,04-07-2024,06-07-2024,05-08-2024,13-08-2024,5,20.0,3706.24,Paid
236,512,85,Rep_5,12-01-2025,13-01-2025,12-02-2025,29-04-2025,2,0.0,4714.72,Late
237,400,58,Rep_5,04-05-2025,04-05-2025,03-06-2025,07-06-2025,5,5.0,12776.26,Paid
238,395,46,Rep_21,22-11-2024,23-11-2024,23-12-2024,01-01-2025,7,20.0,4670.01,Paid
239,393,54,Rep_19,16-07-2025,17-07-2025,16-08-2025,21-08-2025,9,20.0,48010.75,Paid
240,540,74,Rep_28,11-12-2025,13-12-2025,12-01-2026,11-01-2026,4,10.0,31527.83,Paid
241,572,61,Rep_27,16-05-2024,16-05-2024,15-06-2024,18-06-2024,6,5.0,4250.32,Paid
242,996,54,Rep_1,05-09-2024,05-09-2024,05-10-2024,08-11-2024,3,0.0,20004.48,Late
243,435,48,Rep_12,25-02-2024,27-02-2024,28-03-2024,04-04-2024,2,15.0,8591.73,Paid
244,251,10,Rep_24,13-01-2024,15-01-2024,14-02-2024,11-04-2024,3,5.0,14504.73,Late
245,972,39,Rep_29,26-04-2025,27-04-2025,27-05-2025,25-07-2025,1,10.0,6553.72,Late
246,619,97,Rep_17,26-06-2024,28-06-2024,28-07-2024,01-08-2024,7,15.0,45466.09,Paid
247,233,55,Rep_13,09-06-2024,10-06-2024,10-07-2024,,9,15.0,43767.64,BadDebt
248,225,51,Rep_21,07-07-2024,09-07-2024,08-08-2024,,10,0.0,97199.5,BadDebt
249,848,49,Rep_3,17-06-2024,17-06-2024,17-07-2024,27-09-2024,7,5.0,50431.07,Late
250,798,43,Rep_25,29-01-2024,29-01-2024,28-02-2024,05-03-2024,2,0.0,416.16,Paid
251,193,71,Rep_19,25-07-2024,27-07-2024,26-08-2024,,4,10.0,1682.53,Pending
252,810,62,Rep_17,16-02-2024,16-02-2024,17-03-2024,19-03-2024,1,10.0,6383.05,Paid
253,770,51,Rep_26,30-12-2024,30-12-2024,29-01-2025,07-03-2025,6,15.0,49571.74,Late
254,25,76,Rep_3,26-01-2025,27-01-2025,26-02-2025,24-02-2025,5,5.0,47686.86,Paid
255,96,92,Rep_24,25-08-2024,25-08-2024,24-09-2024,05-12-2024,3,5.0,12372.31,Late
256,536,99,Rep_23,15-12-2024,16-12-2024,15-01-2025,08-03-2025,5,10.0,7977.74,Late
257,397,31,Rep_5,01-08-2024,03-08-2024,02-09-2024,02-09-2024,10,15.0,39524.91,Paid
258,317,71,Rep_19,30-03-2024,31-03-2024,30-04-2024,03-05-2024,3,10.0,1261.9,Paid
259,92,10,Rep_5,02-07-2024,04-07-2024,03-08-2024,19-09-2024,8,10.0,36643.54,Late
260,996,73,Rep_17,14-05-2025,14-05-2025,13-06-2025,15-06-2025,7,15.0,21521.39,Paid
261,975,41,Rep_21,17-01-2025,17-01-2025,16-02-2025,22-02-2025,8,10.0,25625.3,Paid
262,810,32,Rep_28,17-12-2025,19-12-2025,18-01-2026,17-01-2026,5,15.0,11827.88,Paid
263,398,60,Rep_24,16-11-2025,16-11-2025,16-12-2025,21-12-2025,9,15.0,35491.72,Paid
264,983,51,Rep_24,19-03-2025,19-03-2025,18-04-2025,17-04-2025,6,10.0,52487.73,Paid
265,286,59,Rep_20,09-02-2024,11-02-2024,12-03-2024,17-03-2024,3,5.0,8450.11,Paid
266,64,47,Rep_6,16-03-2025,17-03-2025,16-04-2025,17-04-2025,1,15.0,2287.88,Paid
267,71,36,Rep_29,18-02-2025,18-02-2025,20-03-2025,29-03-2025,8,15.0,6077.77,Paid
268,851,7,Rep_14,04-04-2024,05-04-2024,05-05-2024,15-05-2024,5,5.0,3334.64,Paid
269,549,89,Rep_29,13-06-2024,15-06-2024,15-07-2024,24-07-2024,10,15.0,16006.61,Paid
270,80,93,Rep_30,14-11-2025,16-11-2025,16-12-2025,19-12-2025,6,0.0,10868.82,Paid
271,886,41,Rep_21,26-04-2024,28-04-2024,28-05-2024,03-06-2024,1,15.0,3025.21,Paid
272,100,5,Rep_7,11-08-2024,13-08-2024,12-09-2024,,7,20.0,5734.62,BadDebt
273,976,25,Rep_10,26-11-2025,28-11-2025,28-12-2025,,6,10.0,2445.07,Pending
274,889,16,Rep_18,17-12-2025,18-12-2025,17-01-2026,22-01-2026,7,15.0,7908.2,Paid
275,998,98,Rep_20,09-12-2024,09-12-2024,08-01-2025,,8,15.0,8064.8,Pending
276,447,49,Rep_26,18-10-2024,20-10-2024,19-11-2024,23-11-2024,5,20.0,30334.48,Paid
277,92,84,Rep_15,17-01-2024,19-01-2024,18-02-2024,,2,15.0,1592.61,Pending
278,826,5,Rep_4,14-11-2025,15-11-2025,15-12-2025,,4,5.0,3891.35,Pending
279,481,16,Rep_17,25-12-2024,26-12-2024,25-01-2025,02-02-2025,7,0.0,9303.77,Paid
280,901,85,Rep_14,27-09-2024,28-09-2024,28-10-2024,17-01-2025,7,5.0,15676.44,Late
281,27,20,Rep_14,18-01-2025,20-01-2025,19-02-2025,29-04-2025,6,10.0,11016.05,Late
282,997,51,Rep_13,16-07-2024,18-07-2024,17-08-2024,15-08-2024,10,15.0,82619.58,Paid
283,178,52,Rep_19,21-11-2024,23-11-2024,23-12-2024,24-12-2024,2,5.0,13902.72,Paid
284,864,98,Rep_14,04-10-2025,05-10-2025,04-11-2025,15-12-2025,6,5.0,6760.2,Late
285,789,76,Rep_24,05-06-2024,05-06-2024,05-07-2024,11-07-2024,2,20.0,16062.94,Paid
286,465,82,Rep_8,08-10-2025,09-10-2025,08-11-2025,16-11-2025,4,10.0,14270.9,Paid
287,827,49,Rep_30,23-09-2024,25-09-2024,25-10-2024,24-10-2024,3,0.0,22750.86,Paid
288,110,19,Rep_30,16-10-2024,17-10-2024,16-11-2024,,2,0.0,18755.62,Pending
289,401,13,Rep_11,17-05-2025,17-05-2025,16-06-2025,21-06-2025,2,5.0,12770.58,Paid
290,462,21,Rep_11,03-07-2024,04-07-2024,03-08-2024,03-08-2024,10,20.0,37371.84,Paid
291,496,79,Rep_18,06-09-2025,08-09-2025,08-10-2025,14-10-2025,5,0.0,8089.3,Paid
292,525,98,Rep_8,05-06-2024,05-06-2024,05-07-2024,,2,5.0,2253.4,Pending
293,709,17,Rep_26,01-10-2024,02-10-2024,01-11-2024,31-10-2024,6,20.0,37115.71,Paid
294,525,52,Rep_25,16-07-2024,17-07-2024,16-08-2024,24-08-2024,5,15.0,31098.18,Paid
295,170,27,Rep_20,14-05-2025,15-05-2025,14-06-2025,,7,20.0,8474.37,Pending
296,393,55,Rep_17,23-07-2024,25-07-2024,24-08-2024,01-09-2024,2,15.0,9726.14,Paid
297,420,38,Rep_6,10-09-2025,12-09-2025,12-10-2025,,9,10.0,31244.62,Pending
298,440,24,,01-01-2025,01-01-2025,31-01-2025,08-02-2025,6,10.0,19560.04,Paid
299,705,2,Rep_20,02-12-2024,02-12-2024,01-01-2025,11-01-2025,6,5.0,48104.98,Paid
300,223,14,Rep_14,28-07-2025,29-07-2025,28-08-2025,23-11-2025,2,20.0,4802.11,Late
301,328,26,Rep_15,20-07-2024,20-07-2024,19-08-2024,20-10-2024,1,10.0,7755.43,Late
302,335,76,Rep_10,27-01-2025,27-01-2025,26-02-2025,28-02-2025,1,20.0,8031.47,Paid
303,991,52,Rep_4,07-02-2024,09-02-2024,10-03-2024,,1,10.0,6585.5,Pending
304,426,93,Rep_2,04-11-2024,05-11-2024,05-12-2024,08-12-2024,7,0.0,12680.29,Paid
305,714,59,Rep_2,20-05-2025,22-05-2025,21-06-2025,,2,10.0,5336.91,Pending
306,143,14,Rep_26,26-11-2024,28-11-2024,28-12-2024,11-02-2025,3,0.0,9003.96,Late
307,925,69,Rep_10,06-01-2024,08-01-2024,07-02-2024,,5,0.0,41931.5,Pending
308,338,89,Rep_11,19-09-2025,20-09-2025,20-10-2025,20-10-2025,3,20.0,4519.51,Paid
309,772,75,Rep_22,27-02-2025,01-03-2025,31-03-2025,30-03-2025,9,20.0,54435.38,Paid
310,288,42,Rep_28,09-05-2025,09-05-2025,08-06-2025,18-06-2025,5,0.0,52334.8,Paid
311,663,95,Rep_15,29-07-2024,31-07-2024,30-08-2024,04-09-2024,1,5.0,946.05,Paid
312,193,63,Rep_10,17-04-2024,18-04-2024,18-05-2024,25-05-2024,9,20.0,12026.38,Paid
313,672,20,Rep_28,31-05-2025,31-05-2025,30-06-2025,,4,10.0,7344.04,Pending
314,208,100,Rep_29,13-02-2025,13-02-2025,15-03-2025,19-03-2025,3,10.0,9041.25,Paid
315,113,31,Rep_4,17-01-2024,18-01-2024,17-02-2024,15-02-2024,8,20.0,29759.94,Paid
316,87,46,Rep_9,17-03-2025,17-03-2025,16-04-2025,22-04-2025,7,20.0,4670.01,Paid
317,51,84,Rep_20,26-01-2025,28-01-2025,27-02-2025,,4,10.0,3372.59,Pending
318,623,64,Rep_29,15-06-2025,16-06-2025,16-07-2025,14-07-2025,4,0.0,16374.8,Paid
319,273,31,Rep_8,08-03-2024,10-03-2024,09-04-2024,10-04-2024,10,15.0,39524.91,Paid
320,901,89,Rep_10,01-10-2024,02-10-2024,01-11-2024,11-11-2024,4,10.0,6779.27,Paid
321,97,24,Rep_3,30-05-2025,01-06-2025,01-07-2025,10-07-2025,5,5.0,17205.59,Paid
322,341,59,Rep_29,25-05-2024,25-05-2024,24-06-2024,28-06-2024,6,0.0,17789.7,Paid
323,696,98,Rep_16,10-01-2024,12-01-2024,11-02-2024,16-02-2024,10,0.0,11860.0,Paid
324,839,3,Rep_5,03-08-2025,05-08-2025,04-09-2025,,4,20.0,26514.5,BadDebt
325,103,39,Rep_15,09-12-2024,10-12-2024,09-01-2025,12-01-2025,9,10.0,58983.47,Paid
326,362,39,Rep_17,28-12-2025,29-12-2025,28-01-2026,,10,15.0,61896.24,Pending
327,22,19,Rep_24,24-02-2025,24-02-2025,26-03-2025,26-03-2025,6,15.0,47826.83,Paid
328,442,47,Rep_15,30-07-2024,01-08-2024,31-08-2024,04-09-2024,2,10.0,4844.92,Paid
329,898,68,Rep_9,28-06-2024,29-06-2024,29-07-2024,,6,10.0,51750.04,Pending
330,43,75,Rep_26,16-06-2025,18-06-2025,18-07-2025,25-07-2025,2,15.0,12852.8,Paid
331,296,15,Rep_10,09-01-2024,10-01-2024,09-02-2024,,3,15.0,15749.87,Pending
332,681,21,Rep_10,06-11-2024,07-11-2024,07-12-2024,17-12-2024,5,0.0,23357.4,Paid
333,127,7,Rep_29,15-05-2025,16-05-2025,15-06-2025,18-06-2025,1,0.0,702.03,Paid
334,880,65,Rep_30,12-11-2025,14-11-2025,14-12-2025,13-12-2025,5,5.0,15093.46,Paid
335,225,5,Rep_4,29-04-2025,30-04-2025,30-05-2025,07-06-2025,7,15.0,6093.04,Paid
336,943,39,Rep_7,03-09-2025,04-09-2025,04-10-2025,08-10-2025,6,20.0,34953.17,Paid
337,427,71,Rep_26,23-07-2024,24-07-2024,23-08-2024,25-08-2024,10,15.0,3972.64,Paid
338,448,13,Rep_15,21-05-2024,23-05-2024,22-06-2024,25-06-2024,9,10.0,54443.02,Paid
339,421,60,Rep_10,29-01-2024,31-01-2024,01-03-2024,11-03-2024,7,0.0,32476.08,Paid
340,595,66,,17-01-2025,17-01-2025,16-02-2025,23-02-2025,5,0.0,55324.75,Paid
341,827,98,Rep_4,14-06-2025,15-06-2025,15-07-2025,20-08-2025,1,10.0,1067.4,Late
342,580,62,Rep_2,08-12-2025,09-12-2025,08-01-2026,,2,20.0,11347.65,Pending
343,529,19,Rep_10,29-07-2025,31-07-2025,30-08-2025,,3,5.0,26726.76,Pending
344,960,1,Rep_4,11-05-2025,13-05-2025,12-06-2025,11-06-2025,2,0.0,10843.44,Paid
345,254,27,Rep_10,16-04-2024,17-04-2024,17-05-2024,23-05-2024,8,15.0,10290.3,Paid
346,189,31,Rep_21,13-07-2025,14-07-2025,13-08-2025,26-10-2025,8,20.0,29759.94,Late
347,146,96,Rep_10,04-11-2025,04-11-2025,04-12-2025,13-12-2025,9,5.0,68205.23,Paid
348,983,76,Rep_14,19-05-2025,20-05-2025,19-06-2025,23-06-2025,7,0.0,70275.38,Paid
349,291,59,Rep_30,03-05-2024,05-05-2024,04-06-2024,11-06-2024,5,0.0,14824.75,Paid
350,143,60,Rep_29,14-04-2025,15-04-2025,15-05-2025,15-05-2025,6,20.0,22269.31,Paid
351,400,66,Rep_26,05-03-2024,05-03-2024,04-04-2024,07-04-2024,10,10.0,99584.55,Paid
352,804,98,Rep_20,05-11-2025,06-11-2025,06-12-2025,,2,15.0,2016.2,Pending
353,590,91,Rep_27,03-06-2025,05-06-2025,05-07-2025,05-07-2025,6,20.0,42101.18,Paid
354,47,4,Rep_25,11-06-2024,11-06-2024,11-07-2024,10-07-2024,8,15.0,19965.07,Paid
355,751,31,Rep_4,17-04-2024,17-04-2024,17-05-2024,11-07-2024,7,0.0,32549.93,Late
356,768,10,Rep_13,28-03-2025,29-03-2025,28-04-2025,26-04-2025,3,10.0,13741.33,Paid
357,653,74,Rep_6,23-07-2025,23-07-2025,22-08-2025,27-08-2025,8,10.0,63055.66,Paid
358,542,25,,29-03-2024,31-03-2024,30-04-2024,08-05-2024,2,5.0,860.3,Paid
359,793,53,Rep_27,04-08-2025,06-08-2025,05-09-2025,,6,5.0,25179.64,Pending
360,848,61,Rep_13,27-05-2025,28-05-2025,27-06-2025,03-07-2025,3,0.0,2237.01,Paid
361,583,11,Rep_11,10-05-2024,12-05-2024,11-06-2024,10-06-2024,8,5.0,15333.99,Paid
362,842,38,Rep_8,14-09-2024,15-09-2024,15-10-2024,19-11-2024,3,10.0,10414.87,Late
363,955,79,Rep_9,27-05-2025,28-05-2025,27-06-2025,25-06-2025,9,0.0,14560.74,Paid
364,34,44,Rep_24,07-03-2025,08-03-2025,07-04-2025,17-04-2025,1,5.0,4660.42,Paid
365,776,85,Rep_3,04-03-2024,04-03-2024,03-04-2024,13-04-2024,10,20.0,18858.88,Paid
366,613,95,Rep_4,19-09-2025,19-09-2025,19-10-2025,,8,5.0,7568.38,Pending
367,520,29,Rep_26,27-10-2025,28-10-2025,27-11-2025,29-11-2025,4,0.0,21089.84,Paid
368,548,78,Rep_13,23-01-2025,25-01-2025,24-02-2025,22-02-2025,9,15.0,51249.26,Paid
369,441,90,Rep_11,13-03-2025,15-03-2025,14-04-2025,19-04-2025,2,20.0,9044.94,Paid
370,60,31,Rep_1,25-08-2024,25-08-2024,24-09-2024,25-09-2024,7,20.0,26039.94,Paid
371,256,8,Rep_21,19-03-2024,19-03-2024,18-04-2024,18-04-2024,5,0.0,41190.6,Paid
372,300,17,Rep_7,12-09-2025,13-09-2025,13-10-2025,12-10-2025,2,0.0,15464.88,Paid
373,753,46,Rep_9,13-08-2024,14-08-2024,13-09-2024,06-11-2024,9,10.0,6754.83,Late
374,555,65,Rep_30,16-04-2024,16-04-2024,16-05-2024,20-05-2024,10,15.0,27009.34,Paid
375,1000,67,Rep_8,24-08-2024,25-08-2024,24-09-2024,07-11-2024,2,10.0,6345.54,Late
376,666,98,Rep_3,09-04-2025,09-04-2025,09-05-2025,07-05-2025,5,10.0,5337.0,Paid
377,876,79,Rep_13,28-01-2025,29-01-2025,28-02-2025,04-03-2025,7,15.0,9626.27,Paid
378,442,69,Rep_30,23-02-2024,25-02-2024,26-03-2024,01-04-2024,6,0.0,50317.8,Paid
379,772,76,Rep_18,09-08-2024,09-08-2024,08-09-2024,15-09-2024,7,15.0,59734.07,Paid
380,739,87,Rep_13,21-10-2024,23-10-2024,22-11-2024,29-11-2024,10,20.0,13200.24,Paid
381,947,31,Rep_10,15-05-2024,15-05-2024,14-06-2024,22-06-2024,5,0.0,23249.95,Paid
382,405,5,Rep_19,22-09-2025,23-09-2025,23-10-2025,31-10-2025,5,20.0,4096.16,Paid
383,857,34,Rep_16,02-07-2024,03-07-2024,02-08-2024,07-08-2024,1,15.0,3388.51,Paid
384,570,28,Rep_15,22-02-2025,22-02-2025,24-03-2025,23-03-2025,5,20.0,16098.52,Paid
385,785,36,Rep_21,22-09-2024,23-09-2024,23-10-2024,31-10-2024,3,5.0,2547.3,Paid
386,701,65,Rep_1,26-03-2025,28-03-2025,27-04-2025,03-05-2025,4,0.0,12710.28,Paid
387,879,46,Rep_4,07-07-2025,09-07-2025,08-08-2025,09-08-2025,6,0.0,5003.58,Paid
388,243,27,Rep_5,29-11-2024,01-12-2024,31-12-2024,08-01-2025,7,0.0,10592.96,Paid
389,622,47,Rep_6,09-12-2024,10-12-2024,09-01-2025,,6,15.0,13727.26,Pending
390,298,20,Rep_23,28-08-2025,28-08-2025,27-09-2025,28-09-2025,6,20.0,9792.05,Paid
391,221,49,Rep_8,19-08-2025,19-08-2025,18-09-2025,18-09-2025,7,0.0,53085.34,Paid
392,589,81,Rep_22,15-07-2025,17-07-2025,16-08-2025,25-08-2025,2,20.0,2027.25,Paid
393,452,41,Rep_12,02-10-2024,02-10-2024,01-11-2024,20-12-2024,4,10.0,12812.65,Late
394,323,96,Rep_17,28-04-2024,30-04-2024,30-05-2024,08-06-2024,7,10.0,50256.49,Paid
395,371,84,Rep_8,10-05-2025,12-05-2025,11-06-2025,21-06-2025,7,5.0,6229.92,Paid
396,418,87,Rep_14,21-08-2025,23-08-2025,22-09-2025,24-09-2025,5,10.0,7425.14,Paid
397,152,74,Rep_4,21-05-2025,23-05-2025,22-06-2025,,4,5.0,33279.37,Pending
398,784,71,Rep_3,29-12-2025,30-12-2025,29-01-2026,09-03-2026,1,15.0,397.26,Late
399,888,68,Rep_29,01-02-2025,02-02-2025,04-03-2025,08-03-2025,9,5.0,81937.56,Paid
400,345,76,Rep_30,15-09-2025,17-09-2025,17-10-2025,26-10-2025,1,0.0,10039.34,Paid
401,461,95,,22-03-2025,23-03-2025,22-04-2025,06-07-2025,3,5.0,2838.14,Late
402,608,48,Rep_9,21-11-2025,23-11-2025,23-12-2025,26-12-2025,8,5.0,38410.1,Paid
403,100,30,Rep_14,31-10-2024,01-11-2024,01-12-2024,08-12-2024,9,20.0,14304.02,Paid
404,394,41,Rep_29,01-07-2024,01-07-2024,31-07-2024,09-08-2024,4,15.0,12100.84,Paid
405,102,45,Rep_10,18-10-2024,18-10-2024,17-11-2024,19-11-2024,8,15.0,27422.7,Paid
406,266,78,Rep_1,18-04-2024,18-04-2024,18-05-2024,18-05-2024,2,5.0,12728.58,Paid
407,41,70,Rep_19,04-07-2025,04-07-2025,03-08-2025,01-08-2025,6,5.0,48787.84,Paid
408,456,67,Rep_3,09-05-2024,10-05-2024,09-06-2024,08-06-2024,2,15.0,5993.01,Paid
409,286,94,Rep_17,15-11-2025,15-11-2025,15-12-2025,,2,5.0,5275.92,Pending
410,465,81,Rep_23,09-06-2025,11-06-2025,11-07-2025,25-09-2025,6,0.0,7602.18,Late
411,326,25,Rep_13,25-07-2025,27-07-2025,26-08-2025,05-11-2025,1,0.0,452.79,Late
412,226,87,Rep_21,19-07-2024,20-07-2024,19-08-2024,24-08-2024,3,15.0,4207.58,Paid
413,974,67,Rep_2,07-08-2024,07-08-2024,06-09-2024,11-09-2024,9,20.0,25382.16,Paid
414,270,79,Rep_6,24-01-2025,26-01-2025,25-02-2025,05-03-2025,6,15.0,8251.09,Paid
415,861,30,Rep_10,26-10-2024,28-10-2024,27-11-2024,07-12-2024,7,20.0,11125.35,Paid
416,116,97,Rep_15,21-10-2024,22-10-2024,21-11-2024,,6,5.0,43555.75,Pending
417,677,15,Rep_1,21-12-2024,23-12-2024,22-01-2025,22-01-2025,8,15.0,41999.66,Paid
418,520,28,Rep_15,22-02-2025,22-02-2025,24-03-2025,27-03-2025,5,10.0,18110.84,Paid
419,267,7,Rep_19,01-10-2024,02-10-2024,01-11-2024,23-12-2024,1,10.0,631.83,Late
420,549,27,Rep_18,02-10-2025,02-10-2025,01-11-2025,,10,20.0,12106.24,Pending
421,740,3,Rep_17,23-01-2025,23-01-2025,22-02-2025,15-04-2025,6,20.0,39771.74,Late
422,549,26,Rep_11,09-06-2024,11-06-2024,11-07-2024,20-07-2024,4,10.0,31021.7,Paid
423,567,94,Rep_16,11-09-2024,11-09-2024,11-10-2024,09-10-2024,9,0.0,24991.2,Paid
424,290,39,Rep_27,25-01-2024,25-01-2024,24-02-2024,04-03-2024,4,0.0,29127.64,Paid
425,672,52,Rep_23,14-05-2024,16-05-2024,15-06-2024,,2,0.0,14634.44,Pending
426,426,3,Rep_20,16-01-2024,18-01-2024,17-02-2024,26-04-2024,3,0.0,24857.34,Late
427,804,42,Rep_21,11-03-2025,13-03-2025,12-04-2025,01-06-2025,5,15.0,44484.58,Late
428,386,38,Rep_23,15-03-2025,15-03-2025,14-04-2025,18-04-2025,9,10.0,31244.62,Paid
429,251,49,Rep_1,18-01-2024,19-01-2024,18-02-2024,12-04-2024,9,0.0,68252.58,Late
430,238,58,Rep_3,13-01-2025,14-01-2025,13-02-2025,21-02-2025,5,10.0,12103.83,Paid
431,174,27,Rep_27,16-05-2025,18-05-2025,17-06-2025,17-06-2025,7,20.0,8474.37,Paid
432,239,8,Rep_19,20-05-2025,21-05-2025,20-06-2025,29-06-2025,6,5.0,46957.28,Paid
433,893,1,Rep_21,01-10-2024,03-10-2024,02-11-2024,08-11-2024,8,20.0,34699.01,Paid
434,473,91,Rep_13,09-05-2025,11-05-2025,10-06-2025,19-06-2025,2,0.0,17542.16,Paid
435,14,21,Rep_16,16-06-2025,18-06-2025,18-07-2025,19-07-2025,8,0.0,37371.84,Paid
436,823,68,Rep_14,13-05-2025,13-05-2025,12-06-2025,17-08-2025,7,15.0,57020.87,Late
437,738,87,Rep_22,04-10-2024,06-10-2024,05-11-2024,08-11-2024,10,5.0,15675.28,Paid
438,629,92,Rep_24,15-01-2025,17-01-2025,16-02-2025,21-02-2025,8,5.0,32992.82,Paid
439,951,18,Rep_16,17-06-2024,19-06-2024,19-07-2024,18-09-2024,1,10.0,1969.25,Late
440,6,40,Rep_20,19-12-2025,19-12-2025,18-01-2026,17-01-2026,9,15.0,42164.2,Paid
441,161,9,Rep_27,24-12-2024,26-12-2024,25-01-2025,26-01-2025,6,0.0,1245.72,Paid
442,437,75,Rep_7,09-11-2024,10-11-2024,10-12-2024,14-12-2024,5,20.0,30241.88,Paid
443,157,14,Rep_25,09-08-2024,10-08-2024,09-09-2024,16-09-2024,2,5.0,5702.51,Paid
444,590,99,Rep_26,29-08-2025,31-08-2025,30-09-2025,10-10-2025,10,15.0,15069.05,Paid
445,222,12,Rep_2,21-09-2025,21-09-2025,21-10-2025,26-10-2025,1,10.0,9207.21,Paid
446,827,57,Rep_13,11-03-2025,13-03-2025,12-04-2025,14-04-2025,9,0.0,6570.0,Paid
447,724,61,Rep_21,29-12-2024,30-12-2024,29-01-2025,21-03-2025,9,0.0,6711.03,Late
448,729,19,Rep_6,23-03-2025,25-03-2025,24-04-2025,03-05-2025,5,0.0,46889.05,Paid
449,375,60,Rep_6,17-11-2025,18-11-2025,18-12-2025,31-01-2026,10,20.0,37115.52,Late
450,11,26,Rep_12,28-03-2025,29-03-2025,28-04-2025,26-04-2025,10,10.0,77554.26,Paid
451,515,2,Rep_23,13-09-2025,14-09-2025,14-10-2025,16-10-2025,8,15.0,57388.4,Paid
452,641,8,Rep_16,08-08-2025,08-08-2025,07-09-2025,,8,20.0,52723.97,Pending
453,664,97,Rep_5,12-07-2025,12-07-2025,11-08-2025,09-08-2025,10,5.0,72592.92,Paid
454,855,16,Rep_28,27-02-2024,28-02-2024,29-03-2024,27-03-2024,6,0.0,7974.66,Paid
455,629,95,Rep_22,18-01-2024,19-01-2024,18-02-2024,13-05-2024,6,5.0,5676.29,Late
456,858,86,Rep_15,16-11-2025,16-11-2025,16-12-2025,26-12-2025,9,5.0,41747.0,Paid
457,624,26,Rep_4,06-12-2025,08-12-2025,07-01-2026,15-01-2026,1,10.0,7755.43,Paid
458,582,90,Rep_3,29-03-2024,31-03-2024,30-04-2024,,2,0.0,11306.18,Pending
459,606,81,Rep_8,21-01-2024,21-01-2024,20-02-2024,04-04-2024,6,15.0,6461.85,Late
460,698,83,Rep_6,14-07-2024,16-07-2024,15-08-2024,23-09-2024,5,0.0,11187.3,Late
461,579,41,Rep_15,27-02-2025,27-02-2025,29-03-2025,16-05-2025,4,5.0,13524.47,Late
462,502,46,Rep_27,15-08-2025,16-08-2025,15-09-2025,23-09-2025,9,15.0,6379.56,Paid
463,160,69,Rep_23,05-08-2025,05-08-2025,04-09-2025,,7,10.0,52833.69,BadDebt
464,565,96,Rep_30,02-10-2024,02-10-2024,01-11-2024,02-11-2024,5,5.0,37891.8,Paid
465,675,81,Rep_29,09-07-2024,10-07-2024,09-08-2024,16-08-2024,6,10.0,6841.96,Paid
466,719,14,Rep_11,06-10-2025,07-10-2025,06-11-2025,,1,5.0,2851.25,Pending
467,103,24,Rep_15,01-01-2025,02-01-2025,01-02-2025,07-02-2025,3,0.0,10866.69,Paid
468,712,56,Rep_13,12-02-2025,13-02-2025,15-03-2025,01-05-2025,6,20.0,12069.94,Late
469,995,30,Rep_6,03-06-2025,03-06-2025,03-07-2025,13-07-2025,5,20.0,7946.68,Paid
470,945,39,Rep_11,03-09-2025,05-09-2025,05-10-2025,,4,20.0,23302.11,Pending
471,56,12,Rep_5,12-11-2024,12-11-2024,12-12-2024,10-02-2025,7,5.0,68031.03,Late
472,177,39,Rep_18,10-11-2024,10-11-2024,10-12-2024,11-12-2024,7,0.0,50973.37,Paid
473,384,1,Rep_22,03-05-2025,03-05-2025,02-06-2025,07-06-2025,9,15.0,41476.16,Paid
474,475,91,Rep_27,05-09-2024,05-09-2024,05-10-2024,08-10-2024,3,15.0,22366.25,Paid
475,894,55,Rep_20,03-09-2025,04-09-2025,04-10-2025,07-10-2025,8,20.0,36616.06,Paid
476,241,48,Rep_21,05-01-2025,06-01-2025,05-02-2025,03-02-2025,10,20.0,40431.68,Paid
477,512,25,Rep_10,15-02-2024,15-02-2024,16-03-2024,15-03-2024,6,15.0,2309.23,Paid
478,692,62,Rep_17,05-02-2024,06-02-2024,07-03-2024,,7,5.0,47163.66,Pending
479,477,11,Rep_19,20-12-2024,22-12-2024,21-01-2025,03-04-2025,7,0.0,14123.41,Late
480,703,59,Rep_9,12-01-2024,13-01-2024,12-02-2024,20-02-2024,7,15.0,17641.45,Paid
481,119,78,Rep_6,06-04-2025,08-04-2025,08-05-2025,13-05-2025,6,20.0,32156.4,Paid
482,545,98,Rep_27,27-01-2025,29-01-2025,28-02-2025,26-02-2025,6,20.0,5692.8,Paid
483,894,59,Rep_29,21-03-2025,21-03-2025,20-04-2025,18-04-2025,2,15.0,5040.42,Paid
484,379,33,Rep_12,11-03-2025,12-03-2025,11-04-2025,21-04-2025,1,20.0,1181.34,Paid
485,458,42,Rep_8,31-10-2024,02-11-2024,02-12-2024,01-12-2024,6,0.0,62801.76,Paid
486,548,13,Rep_23,09-05-2024,11-05-2024,10-06-2024,15-06-2024,7,10.0,42344.57,Paid
487,941,94,Rep_24,20-06-2025,22-06-2025,22-07-2025,21-07-2025,6,10.0,14994.72,Paid
488,904,13,Rep_1,26-01-2025,28-01-2025,27-02-2025,,2,10.0,12098.45,BadDebt
489,765,33,Rep_10,30-10-2025,01-11-2025,01-12-2025,,7,0.0,10336.69,Pending
490,553,32,Rep_25,11-12-2025,11-12-2025,10-01-2026,15-01-2026,4,15.0,9462.3,Paid
491,514,86,Rep_1,16-02-2024,18-02-2024,19-03-2024,19-03-2024,5,10.0,21972.1,Paid
492,673,17,Rep_23,08-10-2024,09-10-2024,08-11-2024,18-11-2024,6,0.0,46394.64,Paid
493,66,79,Rep_11,21-10-2024,23-10-2024,22-11-2024,13-02-2025,8,20.0,10354.3,Late
494,488,72,Rep_16,13-01-2024,14-01-2024,13-02-2024,16-02-2024,8,5.0,41062.12,Paid
495,715,22,Rep_12,20-11-2025,21-11-2025,21-12-2025,19-12-2025,10,0.0,8423.5,Paid
496,766,68,Rep_19,13-01-2025,14-01-2025,13-02-2025,16-02-2025,8,15.0,65166.71,Paid
497,361,73,Rep_13,17-03-2025,18-03-2025,17-04-2025,,1,10.0,3255.34,BadDebt
498,135,49,Rep_6,13-09-2025,13-09-2025,13-10-2025,14-10-2025,4,0.0,30334.48,Paid
499,753,52,Rep_12,17-07-2025,18-07-2025,17-08-2025,18-08-2025,7,20.0,40976.43,Paid
500,681,88,Rep_16,10-10-2025,12-10-2025,11-11-2025,17-11-2025,9,15.0,47768.13,Paid
501,294,58,Rep_22,09-06-2024,09-06-2024,09-07-2024,07-07-2024,9,10.0,21786.89,Paid
502,393,75,Rep_5,30-10-2025,31-10-2025,30-11-2025,,7,5.0,50277.13,BadDebt
503,516,11,Rep_21,05-09-2025,07-09-2025,07-10-2025,08-11-2025,6,20.0,9684.62,Late
504,94,48,Rep_28,24-01-2024,26-01-2024,25-02-2024,06-03-2024,7,20.0,28302.18,Paid
505,469,48,Rep_29,02-09-2024,02-09-2024,02-10-2024,11-10-2024,4,10.0,18194.26,Paid
506,592,60,Rep_4,15-04-2025,15-04-2025,15-05-2025,20-05-2025,4,5.0,17629.87,Paid
507,858,43,Rep_16,12-06-2024,12-06-2024,12-07-2024,11-07-2024,1,0.0,208.08,Paid
508,73,54,Rep_27,23-09-2024,25-09-2024,25-10-2024,03-11-2024,10,20.0,53345.28,Paid
509,300,51,Rep_28,10-02-2024,11-02-2024,12-03-2024,18-03-2024,8,15.0,66095.66,Paid
510,846,75,Rep_7,24-04-2024,26-04-2024,26-05-2024,30-05-2024,6,5.0,43094.68,Paid
511,338,83,Rep_23,11-12-2025,11-12-2025,10-01-2026,19-01-2026,8,5.0,17004.7,Paid
512,807,58,Rep_1,17-12-2025,18-12-2025,17-01-2026,24-01-2026,1,5.0,2555.25,Paid
513,380,73,Rep_15,06-01-2025,08-01-2025,07-02-2025,16-02-2025,3,20.0,8680.9,Paid
514,159,96,Rep_7,12-12-2025,12-12-2025,11-01-2026,13-01-2026,7,10.0,50256.49,Paid
515,152,75,Rep_6,13-01-2024,14-01-2024,13-02-2024,19-02-2024,9,15.0,57837.6,Paid
516,660,20,Rep_16,24-08-2025,26-08-2025,25-09-2025,28-09-2025,7,15.0,12138.06,Paid
517,919,49,Rep_5,15-01-2024,17-01-2024,16-02-2024,,6,5.0,43226.63,Pending
518,797,94,Rep_28,02-05-2024,04-05-2024,03-06-2024,08-06-2024,8,20.0,17771.52,Paid
519,807,68,Rep_17,21-08-2024,23-08-2024,22-09-2024,30-09-2024,1,15.0,8145.84,Paid
520,567,69,Rep_9,04-07-2025,04-07-2025,03-08-2025,,1,15.0,7128.36,BadDebt
521,188,89,Rep_9,28-10-2025,28-10-2025,27-11-2025,06-12-2025,8,5.0,14311.79,Paid
522,94,96,Rep_8,13-07-2024,15-07-2024,14-08-2024,18-09-2024,3,20.0,19145.33,Late
523,780,75,Rep_4,03-05-2025,04-05-2025,03-06-2025,13-06-2025,1,10.0,6804.42,Paid
524,488,26,Rep_28,12-04-2024,14-04-2024,14-05-2024,21-05-2024,8,10.0,62043.41,Paid
525,738,57,Rep_14,20-10-2025,20-10-2025,19-11-2025,27-11-2025,10,15.0,6205.0,Paid
526,505,81,Rep_8,29-06-2024,30-06-2024,30-07-2024,05-08-2024,5,10.0,5701.64,Paid
527,695,72,Rep_17,30-05-2025,31-05-2025,30-06-2025,29-06-2025,3,15.0,13777.42,Paid
528,168,23,Rep_7,08-03-2024,09-03-2024,08-04-2024,07-04-2024,8,10.0,21025.94,Paid
529,782,30,Rep_30,06-08-2024,07-08-2024,06-09-2024,09-09-2024,9,15.0,15198.03,Paid
530,585,87,Rep_6,07-06-2024,08-06-2024,08-07-2024,18-07-2024,7,5.0,10972.7,Paid
531,529,61,Rep_28,31-10-2025,02-11-2025,02-12-2025,20-02-2026,5,5.0,3541.93,Late
532,380,19,Rep_13,09-11-2024,10-11-2024,10-12-2024,04-03-2025,6,15.0,47826.83,Late
533,6,98,Rep_1,17-02-2025,17-02-2025,19-03-2025,,6,5.0,6760.2,Pending
534,208,27,Rep_11,08-11-2025,10-11-2025,10-12-2025,13-12-2025,1,10.0,1361.95,Paid
535,757,26,Rep_24,08-08-2024,10-08-2024,09-09-2024,11-09-2024,2,0.0,17234.28,Paid
536,739,76,Rep_19,26-04-2025,26-04-2025,26-05-2025,20-07-2025,8,5.0,76298.98,Late
537,104,8,Rep_29,16-10-2025,17-10-2025,16-11-2025,19-11-2025,8,10.0,59314.46,Paid
538,333,100,Rep_15,27-02-2025,27-02-2025,29-03-2025,,10,10.0,30137.49,Pending
539,587,70,Rep_23,07-11-2025,08-11-2025,08-12-2025,10-12-2025,1,5.0,8131.31,Paid
540,322,47,Rep_12,01-04-2025,03-04-2025,03-05-2025,,3,10.0,7267.37,Pending
541,694,91,Rep_26,22-09-2024,23-09-2024,23-10-2024,21-10-2024,3,0.0,26313.24,Paid
542,50,68,Rep_11,02-03-2024,04-03-2024,03-04-2024,10-04-2024,7,0.0,67083.38,Paid
543,504,37,Rep_25,11-08-2025,12-08-2025,11-09-2025,20-09-2025,2,20.0,10834.42,Paid
544,163,66,Rep_14,30-03-2024,01-04-2024,01-05-2024,,10,5.0,105117.02,Pending
545,477,58,Rep_23,04-06-2024,06-06-2024,06-07-2024,06-07-2024,10,10.0,24207.66,Paid
546,972,56,Rep_11,22-01-2024,23-01-2024,22-02-2024,20-02-2024,10,15.0,21373.84,Paid
547,266,29,Rep_23,21-08-2025,23-08-2025,22-09-2025,26-11-2025,8,5.0,40070.7,Late
548,157,25,Rep_18,31-05-2024,31-05-2024,30-06-2024,29-06-2024,1,20.0,362.23,Paid
549,71,42,Rep_8,18-11-2024,18-11-2024,18-12-2024,19-12-2024,5,5.0,49718.06,Paid
550,223,99,Rep_24,29-12-2024,29-12-2024,28-01-2025,02-02-2025,2,15.0,3013.81,Paid
551,214,49,Rep_6,20-02-2024,21-02-2024,22-03-2024,23-03-2024,4,15.0,25784.31,Paid
552,593,93,Rep_11,12-06-2025,12-06-2025,12-07-2025,13-07-2025,2,15.0,3079.5,Paid
553,216,12,Rep_26,03-06-2025,04-06-2025,04-07-2025,10-07-2025,2,15.0,17391.39,Paid
554,985,13,Rep_23,29-12-2024,30-12-2024,29-01-2025,,2,15.0,11426.31,Pending
555,660,50,Rep_8,27-04-2025,27-04-2025,27-05-2025,,5,10.0,7318.26,Pending
556,10,17,Rep_22,15-06-2025,15-06-2025,15-07-2025,20-07-2025,1,0.0,7732.44,Paid
557,633,54,Rep_4,10-06-2024,11-06-2024,11-07-2024,17-07-2024,3,5.0,19004.26,Paid
558,31,64,Rep_1,27-07-2024,28-07-2024,27-08-2024,30-08-2024,5,20.0,16374.8,Paid
559,911,61,Rep_20,05-02-2024,07-02-2024,08-03-2024,,7,0.0,5219.69,Pending
560,174,21,Rep_16,12-04-2024,12-04-2024,12-05-2024,13-05-2024,2,15.0,7941.52,Paid
561,426,69,Rep_29,26-03-2025,26-03-2025,25-04-2025,,1,10.0,7547.67,Pending
562,331,85,Rep_28,06-07-2025,07-07-2025,06-08-2025,,2,15.0,4007.51,Pending
563,129,29,Rep_10,11-06-2025,11-06-2025,11-07-2025,20-08-2025,4,0.0,21089.84,Late
564,108,32,Rep_17,19-08-2024,20-08-2024,19-09-2024,27-09-2024,5,10.0,12523.64,Paid
565,905,35,Rep_26,14-05-2024,15-05-2024,14-06-2024,22-06-2024,3,20.0,14384.28,Paid
566,50,26,Rep_19,05-07-2024,05-07-2024,04-08-2024,02-08-2024,4,5.0,32745.13,Paid
567,879,45,Rep_15,11-07-2024,13-07-2024,12-08-2024,,10,15.0,34278.38,Pending
568,559,57,Rep_6,30-04-2024,02-05-2024,01-06-2024,11-06-2024,9,10.0,5913.0,Paid
569,827,63,Rep_12,16-07-2025,17-07-2025,16-08-2025,24-08-2025,6,20.0,8017.58,Paid
570,27,70,Rep_12,09-05-2024,09-05-2024,08-06-2024,13-06-2024,2,0.0,17118.54,Paid
571,447,71,Rep_7,25-03-2024,27-03-2024,26-04-2024,02-05-2024,4,5.0,1776.01,Paid
572,363,68,Rep_8,07-09-2025,07-09-2025,07-10-2025,13-10-2025,9,0.0,86250.06,Paid
573,544,22,Rep_20,18-01-2025,18-01-2025,17-02-2025,17-02-2025,10,5.0,8002.32,Paid
574,208,36,Rep_24,20-02-2024,21-02-2024,22-03-2024,28-03-2024,7,15.0,5318.05,Paid
575,1,10,Rep_14,14-09-2024,16-09-2024,16-10-2024,18-10-2024,4,20.0,16286.02,Paid
576,493,21,Rep_12,05-09-2024,06-09-2024,06-10-2024,17-12-2024,7,15.0,27795.31,Late
577,987,36,Rep_22,23-05-2024,24-05-2024,23-06-2024,02-07-2024,10,5.0,8491.0,Paid
578,336,2,Rep_15,14-10-2025,14-10-2025,13-11-2025,19-11-2025,2,20.0,13503.15,Paid
579,128,70,Rep_29,16-09-2025,17-09-2025,17-10-2025,27-10-2025,6,10.0,46220.06,Paid
580,642,60,Rep_3,12-03-2025,14-03-2025,13-04-2025,22-04-2025,8,10.0,33403.97,Paid
581,618,77,Rep_4,06-01-2025,06-01-2025,05-02-2025,,8,15.0,6300.61,Pending
582,287,93,Rep_4,09-10-2024,10-10-2024,09-11-2024,12-11-2024,7,10.0,11412.26,Paid
583,498,32,Rep_27,22-08-2025,23-08-2025,22-09-2025,26-09-2025,5,0.0,13915.15,Paid
584,622,67,Rep_25,14-11-2025,15-11-2025,15-12-2025,14-12-2025,10,0.0,35253.0,Paid
585,595,87,Rep_19,27-12-2025,29-12-2025,28-01-2026,01-02-2026,1,10.0,1485.03,Paid
586,39,52,Rep_11,05-10-2025,07-10-2025,06-11-2025,18-01-2026,1,5.0,6951.36,Late
587,943,53,Rep_8,30-01-2024,01-02-2024,02-03-2024,04-03-2024,6,10.0,23854.39,Paid
588,803,7,Rep_28,28-11-2024,29-11-2024,29-12-2024,06-01-2025,5,5.0,3334.64,Paid
589,330,95,Rep_18,14-02-2025,15-02-2025,17-03-2025,28-04-2025,8,0.0,7966.72,Late
590,857,30,Rep_21,20-11-2024,21-11-2024,21-12-2024,30-12-2024,2,15.0,3377.34,Paid
591,392,26,Rep_11,28-09-2024,30-09-2024,30-10-2024,02-11-2024,8,10.0,62043.41,Paid
592,195,75,Rep_20,13-11-2024,15-11-2024,15-12-2024,19-02-2025,5,20.0,30241.88,Late
593,204,12,Rep_18,02-04-2024,04-04-2024,04-05-2024,12-05-2024,7,10.0,64450.45,Paid
594,137,50,Rep_8,16-04-2024,18-04-2024,18-05-2024,13-08-2024,5,20.0,6505.12,Late
595,42,32,Rep_8,15-07-2025,15-07-2025,14-08-2025,16-08-2025,1,15.0,2365.58,Paid
596,232,57,Rep_14,25-10-2025,25-10-2025,24-11-2025,26-11-2025,4,0.0,2920.0,Paid
597,582,25,Rep_23,26-02-2025,26-02-2025,28-03-2025,04-06-2025,7,20.0,2535.62,Late
598,373,34,Rep_23,17-03-2025,18-03-2025,17-04-2025,18-04-2025,6,20.0,19135.1,Paid
599,881,90,Rep_26,09-09-2024,11-09-2024,11-10-2024,10-10-2024,9,15.0,43246.14,Paid
600,234,93,Rep_2,22-12-2024,24-12-2024,23-01-2025,30-03-2025,4,15.0,6159.0,Late
601,449,64,Rep_2,28-08-2025,29-08-2025,28-09-2025,28-09-2025,1,20.0,3274.96,Paid
602,489,91,Rep_24,31-05-2024,31-05-2024,30-06-2024,29-06-2024,5,20.0,35084.32,Paid
603,613,63,Rep_23,17-03-2025,19-03-2025,18-04-2025,27-05-2025,7,5.0,11107.69,Late
604,339,30,Rep_20,06-08-2025,08-08-2025,07-09-2025,,3,20.0,4768.01,Pending
605,773,46,Rep_6,24-08-2025,24-08-2025,23-09-2025,28-10-2025,10,0.0,8339.3,Late
606,255,77,Rep_13,02-07-2024,02-07-2024,01-08-2024,06-08-2024,2,10.0,1667.81,Paid
607,972,88,Rep_12,31-01-2025,01-02-2025,03-03-2025,08-03-2025,3,10.0,16859.34,Paid
608,441,33,Rep_21,26-05-2025,26-05-2025,25-06-2025,29-06-2025,4,5.0,5611.35,Paid
609,463,97,Rep_4,06-04-2024,08-04-2024,08-05-2024,15-05-2024,1,20.0,6113.09,Paid
610,987,68,Rep_6,13-01-2024,13-01-2024,12-02-2024,14-02-2024,1,20.0,7666.67,Paid
611,636,64,Rep_29,05-07-2024,07-07-2024,06-08-2024,09-08-2024,2,5.0,7778.03,Paid
612,867,99,Rep_29,30-06-2024,02-07-2024,01-08-2024,06-08-2024,1,20.0,1418.26,Paid
613,964,16,Rep_4,15-11-2024,16-11-2024,16-12-2024,24-12-2024,3,20.0,3189.86,Paid
614,618,20,Rep_22,19-09-2025,20-09-2025,20-10-2025,,9,15.0,15606.08,Pending
615,347,32,Rep_30,09-01-2025,09-01-2025,08-02-2025,13-02-2025,4,15.0,9462.3,Paid
616,492,85,Rep_23,25-12-2025,27-12-2025,26-01-2026,01-02-2026,2,10.0,4243.25,Paid
617,404,97,Rep_21,13-07-2025,15-07-2025,14-08-2025,17-08-2025,3,15.0,19485.47,Paid
618,446,49,Rep_10,25-03-2024,26-03-2024,25-04-2024,24-04-2024,6,20.0,36401.38,Paid
619,806,99,Rep_19,21-10-2024,23-10-2024,22-11-2024,28-11-2024,1,5.0,1684.19,Paid
620,585,70,Rep_13,26-06-2024,28-06-2024,28-07-2024,26-07-2024,9,0.0,77033.43,Paid
621,988,69,Rep_22,23-02-2024,25-02-2024,26-03-2024,,9,20.0,60381.36,Pending
622,933,28,Rep_16,11-04-2024,12-04-2024,12-05-2024,,4,10.0,14488.67,Pending
623,656,79,Rep_8,16-01-2024,16-01-2024,15-02-2024,,4,0.0,6471.44,Pending
624,938,43,Rep_8,30-06-2024,01-07-2024,31-07-2024,23-09-2024,7,0.0,1456.56,Late
625,265,55,Rep_1,27-11-2025,29-11-2025,29-12-2025,27-03-2026,5,5.0,27175.98,Late
626,424,49,Rep_13,11-10-2024,11-10-2024,10-11-2024,11-01-2025,5,20.0,30334.48,Late
627,786,58,Rep_16,11-05-2024,13-05-2024,12-06-2024,11-06-2024,2,0.0,5379.48,Paid
628,550,42,Rep_28,20-06-2024,22-06-2024,22-07-2024,30-07-2024,7,10.0,65941.85,Paid
629,112,98,Rep_17,02-05-2024,03-05-2024,02-06-2024,28-08-2024,4,0.0,4744.0,Late
630,481,62,Rep_20,21-04-2024,21-04-2024,21-05-2024,25-05-2024,3,0.0,21276.84,Paid
631,757,19,Rep_2,28-03-2025,30-03-2025,29-04-2025,11-07-2025,9,5.0,80180.28,Late
632,972,20,Rep_2,15-12-2024,16-12-2024,15-01-2025,,6,15.0,10404.05,Pending
633,157,38,Rep_15,01-06-2025,01-06-2025,01-07-2025,09-07-2025,4,10.0,13886.5,Paid
634,252,78,Rep_3,25-06-2025,26-06-2025,26-07-2025,26-07-2025,9,10.0,54263.92,Paid
635,548,3,Rep_22,25-09-2025,27-09-2025,27-10-2025,30-10-2025,6,0.0,49714.68,Paid
636,391,1,Rep_2,30-07-2025,30-07-2025,29-08-2025,17-11-2025,10,0.0,54217.2,Late
637,76,3,Rep_24,26-10-2025,27-10-2025,26-11-2025,,7,10.0,52200.41,Pending
638,503,79,Rep_29,13-09-2024,14-09-2024,14-10-2024,,8,15.0,11001.45,BadDebt
639,148,37,Rep_14,14-10-2025,16-10-2025,15-11-2025,19-11-2025,5,5.0,32164.67,Paid
640,148,6,Rep_12,15-04-2025,16-04-2025,16-05-2025,20-07-2025,4,15.0,33257.03,Late
641,416,54,Rep_22,03-03-2025,04-03-2025,03-04-2025,01-06-2025,7,15.0,39675.55,Late
642,741,68,Rep_18,29-07-2024,29-07-2024,28-08-2024,29-08-2024,10,5.0,91041.73,Paid
643,812,53,Rep_15,18-01-2025,20-01-2025,19-02-2025,23-02-2025,3,15.0,11264.57,Paid
644,853,100,Rep_30,30-09-2025,01-10-2025,31-10-2025,01-11-2025,6,20.0,16073.33,Paid
645,185,57,Rep_19,25-01-2024,27-01-2024,26-02-2024,04-03-2024,3,10.0,1971.0,Paid
646,203,20,Rep_25,25-02-2025,26-02-2025,28-03-2025,06-04-2025,3,15.0,5202.03,Paid
647,753,81,Rep_28,06-02-2024,08-02-2024,09-03-2024,08-03-2024,2,0.0,2534.06,Paid
648,874,12,Rep_30,16-11-2024,17-11-2024,17-12-2024,17-12-2024,4,10.0,36828.83,Paid
649,927,58,Rep_5,01-05-2025,02-05-2025,01-06-2025,20-07-2025,5,0.0,13448.7,Late
650,122,69,Rep_22,25-09-2025,26-09-2025,26-10-2025,01-11-2025,8,10.0,60381.36,Paid
651,932,57,Rep_1,09-04-2024,09-04-2024,09-05-2024,13-05-2024,8,15.0,4964.0,Paid
652,838,47,Rep_3,27-03-2025,29-03-2025,28-04-2025,03-05-2025,1,15.0,2287.88,Paid
653,71,23,Rep_11,18-05-2024,20-05-2024,19-06-2024,23-06-2024,3,0.0,8760.81,Paid
654,812,11,Rep_12,29-12-2024,31-12-2024,30-01-2025,,8,0.0,16141.04,BadDebt
655,197,66,Rep_2,13-10-2024,15-10-2024,14-11-2024,,1,15.0,9405.21,Pending
656,718,40,Rep_25,26-09-2024,27-09-2024,27-10-2024,,6,0.0,33069.96,BadDebt
657,676,11,Rep_7,06-12-2024,08-12-2024,07-01-2025,14-01-2025,1,20.0,1614.1,Paid
658,390,50,Rep_28,06-02-2024,08-02-2024,09-03-2024,18-03-2024,7,10.0,10245.56,Paid
659,435,53,Rep_9,25-12-2025,26-12-2025,25-01-2026,28-01-2026,5,20.0,17669.92,Paid
660,461,86,Rep_26,27-03-2024,29-03-2024,28-04-2024,,9,0.0,43944.21,Pending
661,249,10,Rep_1,30-06-2024,01-07-2024,31-07-2024,07-08-2024,4,0.0,20357.52,Paid
662,350,80,Rep_5,13-03-2024,13-03-2024,12-04-2024,17-04-2024,6,0.0,22513.5,Paid
663,764,11,Rep_23,09-07-2024,09-07-2024,08-08-2024,13-09-2024,1,15.0,1714.99,Late
664,329,81,Rep_24,26-06-2025,26-06-2025,26-07-2025,27-07-2025,8,20.0,8108.99,Paid
665,886,8,Rep_18,29-03-2025,29-03-2025,28-04-2025,27-04-2025,3,5.0,23478.64,Paid
666,194,90,Rep_21,06-05-2024,08-05-2024,07-06-2024,20-07-2024,3,10.0,15263.34,Late
667,304,77,,26-02-2025,28-02-2025,30-03-2025,31-03-2025,7,10.0,5837.33,Paid
668,912,88,Rep_24,14-09-2024,15-09-2024,15-10-2024,19-11-2024,1,0.0,6244.2,Late
669,774,56,Rep_25,22-03-2024,24-03-2024,23-04-2024,08-07-2024,8,0.0,20116.56,Late
670,371,90,Rep_24,28-11-2025,30-11-2025,30-12-2025,29-12-2025,10,10.0,50877.81,Paid
671,380,64,Rep_12,03-11-2024,04-11-2024,04-12-2024,13-12-2024,4,5.0,15556.06,Paid
672,902,60,Rep_13,28-11-2024,29-11-2024,29-12-2024,03-01-2025,8,5.0,35259.74,Paid
673,26,18,Rep_26,20-11-2024,21-11-2024,21-12-2024,,3,15.0,5579.55,BadDebt
674,928,23,Rep_5,03-06-2024,05-06-2024,05-07-2024,,4,0.0,11681.08,Pending
675,203,3,Rep_24,24-05-2025,25-05-2025,24-06-2025,30-06-2025,5,5.0,39357.46,Paid
676,446,21,Rep_5,14-05-2025,16-05-2025,15-06-2025,14-06-2025,2,10.0,8408.66,Paid
677,966,64,Rep_14,09-08-2024,10-08-2024,09-09-2024,11-09-2024,3,10.0,11052.99,Paid
678,614,17,Rep_15,26-06-2025,27-06-2025,27-07-2025,30-07-2025,3,10.0,20877.59,Paid
679,253,27,Rep_11,30-11-2024,02-12-2024,01-01-2025,04-01-2025,8,10.0,10895.62,Paid
680,924,17,Rep_8,25-11-2024,27-11-2024,27-12-2024,28-12-2024,10,20.0,61859.52,Paid
681,482,3,Rep_16,16-11-2024,18-11-2024,18-12-2024,,7,5.0,55100.44,Pending
682,923,94,Rep_25,29-09-2024,29-09-2024,29-10-2024,08-11-2024,4,10.0,9996.48,Paid
683,253,29,Rep_11,10-10-2025,10-10-2025,09-11-2025,16-11-2025,8,20.0,33743.74,Paid
684,322,78,Rep_2,03-07-2025,03-07-2025,02-08-2025,13-10-2025,4,20.0,21437.6,Late
685,200,68,Rep_5,31-05-2025,01-06-2025,01-07-2025,05-07-2025,7,0.0,67083.38,Paid
686,30,84,Rep_20,21-10-2025,22-10-2025,21-11-2025,26-11-2025,3,15.0,2388.92,Paid
687,322,14,Rep_5,07-10-2024,08-10-2024,07-11-2024,16-11-2024,10,15.0,25511.22,Paid
688,18,16,Rep_21,23-02-2024,24-02-2024,25-03-2024,28-03-2024,3,10.0,3588.6,Paid
689,332,51,Rep_19,01-07-2024,02-07-2024,01-08-2024,11-08-2024,1,10.0,8747.96,Paid
690,524,8,Rep_23,31-12-2025,31-12-2025,30-01-2026,29-01-2026,3,5.0,23478.64,Paid
691,773,47,Rep_17,31-12-2024,01-01-2025,31-01-2025,03-02-2025,2,15.0,4575.75,Paid
692,809,51,Rep_30,12-12-2025,12-12-2025,11-01-2026,10-01-2026,4,15.0,33047.83,Paid
693,233,31,Rep_8,27-02-2024,29-02-2024,30-03-2024,28-03-2024,1,5.0,4417.49,Paid
694,973,20,Rep_16,20-05-2024,22-05-2024,21-06-2024,25-06-2024,7,0.0,14280.07,Paid
695,732,90,,28-02-2025,02-03-2025,01-04-2025,02-04-2025,10,0.0,56530.9,Paid
696,719,11,Rep_30,18-08-2025,19-08-2025,18-09-2025,18-09-2025,7,5.0,13417.24,Paid
697,638,37,Rep_11,29-09-2024,01-10-2024,31-10-2024,04-11-2024,3,5.0,19298.8,Paid
698,403,16,Rep_4,28-10-2025,29-10-2025,28-11-2025,03-12-2025,10,20.0,10632.88,Paid
699,824,14,Rep_2,29-07-2024,29-07-2024,28-08-2024,14-11-2024,5,5.0,14256.27,Late
700,236,73,Rep_7,15-09-2024,15-09-2024,15-10-2024,17-10-2024,1,5.0,3436.19,Paid
701,738,50,Rep_20,01-12-2024,02-12-2024,01-01-2025,,10,5.0,15449.66,BadDebt
702,684,32,Rep_9,20-03-2024,22-03-2024,21-04-2024,19-04-2024,1,20.0,2226.42,Paid
703,311,57,Rep_7,25-01-2025,27-01-2025,26-02-2025,26-02-2025,2,0.0,1460.0,Paid
704,760,48,Rep_9,18-03-2024,19-03-2024,18-04-2024,16-04-2024,5,0.0,25269.8,Paid
705,955,27,Rep_3,03-05-2024,05-05-2024,04-06-2024,17-08-2024,1,15.0,1286.29,Late
706,467,75,Rep_5,12-12-2025,14-12-2025,13-01-2026,11-01-2026,10,15.0,64264.0,Paid
707,408,87,Rep_19,21-01-2025,21-01-2025,20-02-2025,24-02-2025,8,15.0,11220.2,Paid
708,673,9,Rep_28,14-10-2024,16-10-2024,15-11-2024,20-11-2024,4,10.0,747.43,Paid
709,707,58,Rep_23,02-01-2024,04-01-2024,03-02-2024,10-02-2024,7,20.0,15062.54,Paid
710,49,37,Rep_29,07-01-2025,07-01-2025,06-02-2025,11-02-2025,8,20.0,43337.66,Paid
711,565,70,Rep_12,29-05-2024,30-05-2024,29-06-2024,21-08-2024,7,5.0,56919.15,Late
712,152,87,Rep_11,21-05-2025,23-05-2025,22-06-2025,25-06-2025,7,0.0,11550.21,Paid
713,661,60,Rep_28,06-04-2025,08-04-2025,08-05-2025,,3,0.0,13918.32,Pending
714,149,77,Rep_26,15-12-2024,17-12-2024,16-01-2025,25-01-2025,3,20.0,2223.74,Paid
715,710,51,,24-03-2024,25-03-2024,24-04-2024,,9,20.0,69983.64,Pending
716,957,71,Rep_27,11-11-2025,11-11-2025,11-12-2025,23-02-2026,6,15.0,2383.59,Late
717,562,51,Rep_4,19-06-2025,21-06-2025,21-07-2025,04-09-2025,10,10.0,87479.55,Late
718,660,59,Rep_16,08-06-2024,10-06-2024,10-07-2024,,4,0.0,11859.8,Pending
719,74,89,Rep_7,09-11-2024,09-11-2024,09-12-2024,28-01-2025,4,20.0,6026.02,Late
720,32,38,Rep_4,03-05-2024,03-05-2024,02-06-2024,12-06-2024,2,0.0,7714.72,Paid
721,367,85,Rep_14,16-02-2025,16-02-2025,18-03-2025,20-03-2025,6,15.0,12022.54,Paid
722,942,62,Rep_1,12-10-2025,14-10-2025,13-11-2025,21-11-2025,8,0.0,56738.24,Paid
723,485,50,Rep_13,05-07-2025,05-07-2025,04-08-2025,11-08-2025,10,10.0,14636.52,Paid
724,500,98,Rep_24,29-03-2024,30-03-2024,29-04-2024,28-04-2024,2,5.0,2253.4,Paid
725,619,61,Rep_22,05-02-2024,06-02-2024,07-03-2024,17-03-2024,8,5.0,5667.09,Paid
726,884,87,Rep_13,29-01-2024,31-01-2024,01-03-2024,07-03-2024,3,15.0,4207.58,Paid
727,549,84,Rep_10,19-02-2024,20-02-2024,21-03-2024,30-03-2024,9,15.0,7166.75,Paid
728,41,38,,07-09-2025,08-09-2025,08-10-2025,16-10-2025,3,0.0,11572.08,Paid
729,795,96,Rep_22,31-10-2025,31-10-2025,30-11-2025,02-01-2026,5,5.0,37891.8,Late
730,506,30,Rep_24,31-12-2025,01-01-2026,31-01-2026,30-04-2026,2,0.0,3973.34,Late
731,620,73,Rep_12,25-01-2024,26-01-2024,25-02-2024,06-03-2024,7,0.0,25319.28,Paid
732,109,54,Rep_29,30-04-2025,30-04-2025,30-05-2025,05-06-2025,7,0.0,46677.12,Paid
733,367,61,Rep_19,14-02-2025,16-02-2025,18-03-2025,,3,0.0,2237.01,Pending
734,202,58,Rep_4,06-11-2025,08-11-2025,08-12-2025,10-12-2025,8,0.0,21517.92,Paid
735,238,26,Rep_26,30-05-2024,31-05-2024,30-06-2024,09-07-2024,7,0.0,60319.98,Paid
736,538,86,Rep_26,29-09-2024,01-10-2024,31-10-2024,02-11-2024,3,10.0,13183.26,Paid
737,680,61,Rep_3,04-05-2025,05-05-2025,04-06-2025,04-06-2025,7,20.0,4175.75,Paid
738,131,66,Rep_14,28-05-2024,28-05-2024,27-06-2024,26-06-2024,10,5.0,105117.02,Paid
739,371,29,Rep_22,25-09-2024,26-09-2024,26-10-2024,30-10-2024,1,10.0,4745.21,Paid
740,383,51,Rep_21,05-04-2025,07-04-2025,07-05-2025,21-06-2025,3,15.0,24785.87,Late
741,651,21,Rep_18,04-09-2024,06-09-2024,06-10-2024,11-10-2024,2,15.0,7941.52,Paid
742,914,100,Rep_30,29-05-2024,31-05-2024,30-06-2024,02-07-2024,7,10.0,21096.24,Paid
743,857,69,Rep_28,11-09-2025,12-09-2025,12-10-2025,,8,20.0,53672.32,Pending
744,604,89,Rep_23,27-07-2025,29-07-2025,28-08-2025,05-09-2025,10,5.0,17889.74,Paid
745,351,69,Rep_8,13-06-2025,15-06-2025,15-07-2025,17-07-2025,5,10.0,37738.35,Paid
746,928,42,Rep_9,02-09-2024,04-09-2024,04-10-2024,06-10-2024,4,10.0,37681.06,Paid
747,435,86,Rep_12,05-11-2025,05-11-2025,05-12-2025,02-03-2026,3,10.0,13183.26,Late
748,567,42,Rep_26,28-07-2024,29-07-2024,28-08-2024,28-08-2024,2,10.0,18840.53,Paid
749,346,24,Rep_5,25-10-2025,26-10-2025,25-11-2025,29-11-2025,8,10.0,26080.06,Paid
750,74,33,Rep_9,07-05-2024,08-05-2024,07-06-2024,02-08-2024,1,0.0,1476.67,Late
751,466,71,Rep_21,20-08-2025,21-08-2025,20-09-2025,24-09-2025,4,10.0,1682.53,Paid
752,610,14,Rep_26,02-05-2025,03-05-2025,02-06-2025,01-06-2025,3,5.0,8553.76,Paid
753,43,9,Rep_29,11-10-2024,11-10-2024,10-11-2024,12-11-2024,3,0.0,622.86,Paid
754,62,2,Rep_8,24-04-2024,25-04-2024,25-05-2024,,5,10.0,37977.62,BadDebt
755,585,97,Rep_6,30-09-2024,02-10-2024,01-11-2024,02-11-2024,3,0.0,22924.08,Paid
756,845,50,Rep_4,27-07-2024,29-07-2024,28-08-2024,28-08-2024,2,20.0,2602.05,Paid
757,866,53,Rep_8,14-08-2024,14-08-2024,13-09-2024,13-09-2024,3,5.0,12589.82,Paid
758,446,75,Rep_15,06-09-2025,07-09-2025,07-10-2025,08-10-2025,2,0.0,15120.94,Paid
759,910,50,Rep_29,21-09-2025,22-09-2025,22-10-2025,01-11-2025,5,5.0,7724.83,Paid
760,330,3,Rep_3,26-05-2025,28-05-2025,27-06-2025,02-07-2025,10,5.0,78714.91,Paid
761,716,88,Rep_8,21-01-2025,21-01-2025,20-02-2025,05-04-2025,4,10.0,22479.12,Late
762,921,30,Rep_3,23-01-2025,25-01-2025,24-02-2025,,1,20.0,1589.34,Pending
763,820,3,Rep_30,02-02-2025,04-02-2025,06-03-2025,10-03-2025,1,15.0,7042.91,Paid
764,448,33,Rep_19,22-12-2024,22-12-2024,21-01-2025,23-01-2025,8,5.0,11222.69,Paid
765,614,68,Rep_30,19-07-2024,19-07-2024,18-08-2024,,6,0.0,57500.04,BadDebt
766,631,90,Rep_28,20-07-2025,20-07-2025,19-08-2025,25-08-2025,5,15.0,24025.63,Paid
767,892,24,Rep_19,22-08-2024,23-08-2024,22-09-2024,28-09-2024,2,5.0,6882.24,Paid
768,804,95,Rep_7,29-06-2024,30-06-2024,30-07-2024,03-08-2024,3,5.0,2838.14,Paid
769,79,9,Rep_12,13-04-2024,14-04-2024,14-05-2024,25-06-2024,9,0.0,1868.58,Late
770,157,69,Rep_17,10-07-2024,10-07-2024,09-08-2024,29-09-2024,3,10.0,22643.01,Late
771,59,51,Rep_9,18-05-2024,18-05-2024,17-06-2024,17-06-2024,3,5.0,27701.86,Paid
772,466,23,,28-12-2025,28-12-2025,27-01-2026,09-03-2026,10,0.0,29202.7,Late
773,472,68,Rep_21,16-05-2025,18-05-2025,17-06-2025,22-08-2025,9,15.0,73312.55,Late
774,363,78,Rep_28,14-08-2025,16-08-2025,15-09-2025,10-11-2025,5,20.0,26797.0,Late
775,825,5,Rep_10,30-07-2024,30-07-2024,29-08-2024,01-09-2024,5,0.0,5120.2,Paid
776,323,63,Rep_10,22-07-2024,22-07-2024,21-08-2024,31-08-2024,3,15.0,4259.34,Paid
777,146,3,Rep_15,20-08-2024,21-08-2024,20-09-2024,24-09-2024,8,15.0,56343.3,Paid
778,983,7,Rep_15,08-09-2024,08-09-2024,08-10-2024,,2,10.0,1263.65,Pending
779,909,84,Rep_28,19-03-2025,19-03-2025,18-04-2025,21-04-2025,9,20.0,6745.18,Paid
780,70,46,Rep_23,05-12-2024,05-12-2024,04-01-2025,10-01-2025,3,0.0,2501.79,Paid
781,62,4,Rep_20,05-06-2025,05-06-2025,05-07-2025,08-07-2025,1,15.0,2495.63,Paid
782,637,42,Rep_14,18-10-2024,19-10-2024,18-11-2024,24-11-2024,10,0.0,104669.6,Paid
783,38,86,Rep_23,15-07-2025,17-07-2025,16-08-2025,18-10-2025,2,5.0,9277.11,Late
784,740,82,Rep_8,30-09-2024,30-09-2024,30-10-2024,31-10-2024,2,20.0,6342.62,Paid
785,311,2,Rep_9,16-05-2024,16-05-2024,15-06-2024,16-06-2024,7,5.0,56122.48,Paid
786,216,1,Rep_30,08-03-2024,08-03-2024,07-04-2024,,5,15.0,23042.31,Pending
787,948,87,Rep_9,20-05-2025,20-05-2025,19-06-2025,24-06-2025,6,20.0,7920.14,Paid
788,562,95,Rep_26,04-12-2024,06-12-2024,05-01-2025,11-01-2025,3,20.0,2390.02,Paid
789,919,32,Rep_24,19-08-2024,19-08-2024,18-09-2024,20-09-2024,6,20.0,13358.54,Paid
790,53,76,Rep_8,03-11-2024,04-11-2024,04-12-2024,04-12-2024,9,5.0,85836.36,Paid
791,157,13,Rep_8,15-12-2025,17-12-2025,16-01-2026,20-01-2026,7,15.0,39992.09,Paid
792,493,85,Rep_5,08-03-2024,09-03-2024,08-04-2024,,1,15.0,2003.76,Pending
793,32,43,Rep_28,14-01-2025,14-01-2025,13-02-2025,18-02-2025,8,15.0,1414.94,Paid
794,250,79,Rep_3,17-06-2024,18-06-2024,18-07-2024,21-07-2024,10,15.0,13751.81,Paid
795,9,20,Rep_2,07-07-2025,08-07-2025,07-08-2025,06-08-2025,3,0.0,6120.03,Paid
796,864,47,Rep_29,26-11-2025,28-11-2025,28-12-2025,,6,20.0,12919.78,Pending
797,103,5,Rep_29,19-08-2025,19-08-2025,18-09-2025,,10,0.0,10240.4,BadDebt
798,503,14,Rep_15,30-09-2024,02-10-2024,01-11-2024,07-11-2024,2,20.0,4802.11,Paid
799,267,21,Rep_28,20-10-2025,22-10-2025,21-11-2025,26-11-2025,10,5.0,44379.06,Paid
800,167,89,Rep_30,29-04-2025,30-04-2025,30-05-2025,05-06-2025,5,10.0,8474.09,Paid
801,868,40,Rep_19,13-11-2025,14-11-2025,14-12-2025,19-12-2025,3,5.0,15708.23,Paid
802,152,14,Rep_23,04-04-2025,04-04-2025,04-05-2025,03-05-2025,5,10.0,13505.94,Paid
803,420,16,Rep_7,21-10-2025,23-10-2025,22-11-2025,,9,20.0,9569.59,Pending
804,672,5,Rep_26,07-01-2025,07-01-2025,06-02-2025,09-02-2025,2,0.0,2048.08,Paid
805,192,64,Rep_24,19-04-2025,21-04-2025,21-05-2025,,6,15.0,20877.87,Pending
806,433,85,Rep_14,18-11-2024,20-11-2024,20-12-2024,,3,0.0,7072.08,Pending
807,897,43,Rep_30,31-05-2024,31-05-2024,30-06-2024,,4,20.0,665.86,Pending
808,185,54,Rep_4,09-02-2024,09-02-2024,10-03-2024,19-03-2024,6,20.0,32007.17,Paid
809,845,65,Rep_17,25-07-2024,25-07-2024,24-08-2024,01-09-2024,9,10.0,25738.32,Paid
810,628,79,Rep_25,20-07-2024,21-07-2024,20-08-2024,05-11-2024,1,15.0,1375.18,Late
811,292,43,Rep_30,19-01-2024,20-01-2024,19-02-2024,29-02-2024,2,15.0,353.74,Paid
812,586,30,Rep_19,18-11-2024,20-11-2024,20-12-2024,22-12-2024,5,0.0,9933.35,Paid
813,272,1,Rep_3,27-06-2025,27-06-2025,27-07-2025,01-08-2025,4,15.0,18433.85,Paid
814,281,69,Rep_19,13-07-2025,14-07-2025,13-08-2025,22-08-2025,5,20.0,33545.2,Paid
815,678,71,Rep_21,21-10-2024,21-10-2024,20-11-2024,,7,20.0,2617.27,Pending
816,702,55,Rep_24,22-03-2024,23-03-2024,22-04-2024,27-04-2024,1,0.0,5721.26,Paid
817,674,38,Rep_30,18-11-2025,19-11-2025,19-12-2025,23-12-2025,4,5.0,14657.97,Paid
818,556,89,Rep_25,15-07-2025,17-07-2025,16-08-2025,16-08-2025,2,0.0,3766.26,Paid
819,968,35,Rep_4,02-07-2024,02-07-2024,01-08-2024,22-09-2024,2,20.0,9589.52,Late
820,630,36,Rep_9,26-03-2024,27-03-2024,26-04-2024,18-06-2024,3,15.0,2279.16,Late
821,933,80,Rep_30,29-03-2024,29-03-2024,28-04-2024,01-05-2024,3,20.0,9005.4,Paid
822,360,4,Rep_7,14-12-2024,15-12-2024,14-01-2025,13-03-2025,2,20.0,4697.66,Late
823,496,100,Rep_21,23-08-2025,25-08-2025,24-09-2025,03-10-2025,4,15.0,11385.27,Paid
824,922,6,Rep_14,07-02-2024,08-02-2024,09-03-2024,16-03-2024,6,0.0,58688.88,Paid
825,8,41,Rep_16,19-04-2025,19-04-2025,19-05-2025,18-05-2025,10,20.0,28472.56,Paid
826,565,93,Rep_14,14-12-2024,14-12-2024,13-01-2025,11-01-2025,6,5.0,10325.38,Paid
827,880,14,Rep_28,26-02-2024,27-02-2024,28-03-2024,28-03-2024,5,15.0,12755.61,Paid
828,77,68,Rep_10,07-01-2025,07-01-2025,06-02-2025,15-02-2025,5,15.0,40729.2,Paid
829,729,12,Rep_25,20-05-2024,22-05-2024,21-06-2024,20-06-2024,6,0.0,61381.38,Paid
830,910,16,Rep_27,06-07-2024,08-07-2024,07-08-2024,17-08-2024,2,5.0,2525.31,Paid
831,773,70,Rep_13,22-03-2024,24-03-2024,23-04-2024,30-04-2024,9,10.0,69330.09,Paid
832,42,40,,06-03-2025,06-03-2025,05-04-2025,07-04-2025,1,5.0,5236.08,Paid
833,913,62,Rep_18,13-02-2024,14-02-2024,15-03-2024,10-05-2024,9,0.0,63830.52,Late
834,254,11,Rep_23,08-12-2024,08-12-2024,07-01-2025,14-01-2025,2,0.0,4035.26,Paid
835,756,88,Rep_24,05-06-2025,05-06-2025,05-07-2025,,1,20.0,4995.36,BadDebt
836,193,64,Rep_10,14-07-2025,14-07-2025,13-08-2025,14-08-2025,10,15.0,34796.45,Paid
837,415,76,Rep_20,25-02-2025,27-02-2025,29-03-2025,30-03-2025,10,0.0,100393.4,Paid
838,118,52,Rep_19,27-08-2025,27-08-2025,26-09-2025,10-12-2025,3,20.0,17561.33,Late
839,688,32,Rep_7,15-05-2024,17-05-2024,16-06-2024,17-06-2024,1,0.0,2783.03,Paid
840,116,74,Rep_15,03-01-2024,05-01-2024,04-02-2024,03-02-2024,1,15.0,7444.07,Paid
841,742,83,Rep_7,06-05-2024,07-05-2024,06-06-2024,10-06-2024,7,20.0,12529.78,Paid
842,150,27,Rep_14,02-02-2025,03-02-2025,05-03-2025,13-03-2025,4,15.0,5145.15,Paid
843,4,56,Rep_4,19-04-2025,19-04-2025,19-05-2025,17-05-2025,8,20.0,16093.25,Paid
844,145,37,Rep_12,13-10-2024,13-10-2024,12-11-2024,10-11-2024,8,20.0,43337.66,Paid
845,230,58,Rep_8,24-07-2024,26-07-2024,25-08-2024,,8,15.0,18290.23,Pending
846,137,3,Rep_24,28-08-2024,30-08-2024,29-09-2024,30-09-2024,9,20.0,59657.62,Paid
847,261,89,Rep_19,11-04-2024,12-04-2024,12-05-2024,,9,10.0,15253.35,Pending
848,110,31,Rep_21,16-10-2024,17-10-2024,16-11-2024,03-02-2025,9,20.0,33479.93,Late
849,542,1,Rep_7,01-06-2024,01-06-2024,01-07-2024,10-07-2024,9,15.0,41476.16,Paid
850,751,40,Rep_20,11-03-2025,12-03-2025,11-04-2025,13-04-2025,10,5.0,52360.77,Paid
851,366,13,Rep_25,24-01-2025,25-01-2025,24-02-2025,25-02-2025,6,0.0,40328.16,Paid
852,342,64,Rep_5,21-08-2024,22-08-2024,21-09-2024,,1,0.0,4093.7,Pending
853,888,6,Rep_5,28-07-2024,29-07-2024,28-08-2024,06-09-2024,2,0.0,19562.96,Paid
854,220,28,Rep_21,14-01-2025,14-01-2025,13-02-2025,11-02-2025,10,15.0,34209.36,Paid
855,461,27,Rep_26,05-04-2024,06-04-2024,06-05-2024,,10,0.0,15132.8,Pending
856,765,81,Rep_16,03-09-2024,03-09-2024,03-10-2024,05-10-2024,9,5.0,10833.11,Paid
857,222,53,Rep_23,04-12-2024,04-12-2024,03-01-2025,10-01-2025,4,20.0,14135.94,Paid
858,366,97,Rep_7,08-04-2025,10-04-2025,10-05-2025,08-05-2025,2,20.0,12226.18,Paid
859,161,30,Rep_22,16-02-2024,18-02-2024,19-03-2024,20-03-2024,4,5.0,7549.35,Paid
860,634,18,Rep_14,02-02-2024,02-02-2024,03-03-2024,19-05-2024,4,10.0,7877.02,Late
861,65,21,Rep_29,30-04-2025,01-05-2025,31-05-2025,03-06-2025,1,20.0,3737.18,Paid
862,87,98,Rep_6,10-06-2024,10-06-2024,10-07-2024,14-07-2024,2,15.0,2016.2,Paid
863,533,92,Rep_20,22-07-2025,24-07-2025,23-08-2025,30-08-2025,10,10.0,39070.44,Paid
864,581,28,Rep_7,04-04-2025,05-04-2025,05-05-2025,15-05-2025,8,10.0,28977.34,Paid
865,818,99,Rep_4,21-01-2024,21-01-2024,20-02-2024,24-02-2024,9,15.0,13562.15,Paid
866,130,7,Rep_21,23-08-2024,25-08-2024,24-09-2024,18-12-2024,2,20.0,1123.25,Late
867,756,18,Rep_20,24-02-2024,26-02-2024,27-03-2024,28-03-2024,3,5.0,6235.97,Paid
868,76,31,Rep_18,05-07-2025,07-07-2025,06-08-2025,12-08-2025,9,0.0,41849.91,Paid
869,183,6,Rep_3,13-03-2025,14-03-2025,13-04-2025,,4,5.0,37169.62,Pending
870,640,57,Rep_9,14-03-2024,15-03-2024,14-04-2024,18-06-2024,2,10.0,1314.0,Late
871,346,4,Rep_25,03-02-2024,03-02-2024,04-03-2024,23-05-2024,1,0.0,2936.04,Late
872,653,75,Rep_2,24-03-2024,24-03-2024,23-04-2024,28-04-2024,2,15.0,12852.8,Paid
873,767,78,Rep_17,27-01-2024,29-01-2024,28-02-2024,02-03-2024,6,15.0,34166.17,Paid
874,771,38,Rep_16,24-09-2024,24-09-2024,24-10-2024,24-10-2024,10,20.0,30858.88,Paid
875,787,10,Rep_16,03-06-2024,03-06-2024,03-07-2024,21-08-2024,9,20.0,36643.54,Late
876,446,60,Rep_11,27-01-2024,27-01-2024,26-02-2024,24-02-2024,5,5.0,22037.34,Paid
877,742,67,Rep_26,08-10-2024,10-10-2024,09-11-2024,13-11-2024,10,0.0,35253.0,Paid
878,234,42,Rep_18,13-01-2025,15-01-2025,14-02-2025,16-02-2025,3,20.0,25120.7,Paid
879,641,61,Rep_26,24-02-2024,25-02-2024,26-03-2024,30-03-2024,10,20.0,5965.36,Paid
880,791,80,Rep_28,13-10-2025,15-10-2025,14-11-2025,13-11-2025,1,10.0,3377.02,Paid
881,855,68,Rep_21,07-05-2024,09-05-2024,08-06-2024,,1,10.0,8625.01,Pending
882,972,61,Rep_8,25-05-2025,25-05-2025,24-06-2025,28-06-2025,4,20.0,2386.14,Paid
883,68,19,Rep_6,14-12-2025,15-12-2025,14-01-2026,16-01-2026,3,20.0,22506.74,Paid
884,901,54,Rep_25,13-05-2024,14-05-2024,13-06-2024,06-09-2024,9,15.0,51011.42,Late
885,474,6,Rep_12,03-02-2025,04-02-2025,06-03-2025,,7,5.0,65046.84,Pending
886,888,6,Rep_10,10-07-2024,11-07-2024,10-08-2024,26-10-2024,6,10.0,52819.99,Late
887,887,94,Rep_17,24-01-2024,26-01-2024,25-02-2024,29-02-2024,5,15.0,11801.4,Paid
888,835,68,Rep_17,01-06-2025,01-06-2025,01-07-2025,16-09-2025,2,10.0,17250.01,Late
889,851,36,Rep_11,05-12-2024,07-12-2024,06-01-2025,,8,20.0,5720.26,BadDebt
890,704,82,Rep_9,28-02-2024,29-02-2024,30-03-2024,31-03-2024,4,10.0,14270.9,Paid
891,905,91,Rep_20,05-05-2024,06-05-2024,05-06-2024,26-08-2024,3,0.0,26313.24,Late
892,478,93,Rep_7,06-05-2024,08-05-2024,07-06-2024,08-06-2024,4,20.0,5796.7,Paid
893,138,52,Rep_3,21-10-2025,22-10-2025,21-11-2025,,1,15.0,6219.64,BadDebt
894,627,98,Rep_28,01-06-2025,02-06-2025,02-07-2025,22-08-2025,7,0.0,8302.0,Late
895,566,93,Rep_11,21-06-2025,21-06-2025,21-07-2025,21-07-2025,4,0.0,7245.88,Paid
896,115,71,Rep_23,10-05-2024,12-05-2024,11-06-2024,09-06-2024,4,15.0,1589.06,Paid
897,747,37,Rep_20,02-09-2025,02-09-2025,02-10-2025,,7,0.0,47400.57,Pending
898,138,8,Rep_10,19-03-2024,20-03-2024,19-04-2024,29-04-2024,2,20.0,13180.99,Paid
899,407,68,Rep_24,03-05-2025,04-05-2025,03-06-2025,10-08-2025,3,15.0,24437.52,Late
900,221,78,Rep_3,08-09-2025,10-09-2025,10-10-2025,11-10-2025,8,10.0,48234.6,Paid
901,957,5,Rep_24,13-12-2025,15-12-2025,14-01-2026,,5,5.0,4864.19,Pending
902,376,81,Rep_4,22-01-2024,23-01-2024,22-02-2024,26-02-2024,7,15.0,7538.83,Paid
903,132,55,Rep_13,19-01-2024,19-01-2024,18-02-2024,,1,20.0,4577.01,Pending
904,91,98,Rep_6,28-01-2024,29-01-2024,28-02-2024,04-03-2024,2,10.0,2134.8,Paid
905,261,44,Rep_16,30-12-2024,30-12-2024,29-01-2025,02-04-2025,9,5.0,41943.73,Late
906,497,55,Rep_10,28-07-2025,30-07-2025,29-08-2025,,10,5.0,54351.97,Pending
907,42,15,Rep_11,04-09-2024,05-09-2024,05-10-2024,,1,20.0,4941.14,Pending
908,489,86,Rep_21,17-07-2025,19-07-2025,18-08-2025,,3,15.0,12450.86,Pending
909,742,16,Rep_19,24-02-2024,24-02-2024,25-03-2024,30-03-2024,1,20.0,1063.29,Paid
910,67,38,Rep_20,19-10-2024,21-10-2024,20-11-2024,18-11-2024,8,10.0,27772.99,Paid
911,639,81,Rep_17,06-03-2025,08-03-2025,07-04-2025,11-04-2025,5,20.0,5068.12,Paid
912,549,47,Rep_10,16-08-2025,17-08-2025,16-09-2025,23-09-2025,4,5.0,10228.16,Paid
913,513,40,Rep_27,06-08-2025,08-08-2025,07-09-2025,01-12-2025,4,5.0,20944.31,Late
914,840,29,Rep_23,28-10-2024,28-10-2024,27-11-2024,24-01-2025,7,20.0,29525.78,Late
915,572,61,Rep_7,07-06-2024,08-06-2024,08-07-2024,13-07-2024,7,0.0,5219.69,Paid
916,966,93,Rep_17,21-08-2024,23-08-2024,22-09-2024,25-09-2024,10,10.0,16303.23,Paid
917,919,72,Rep_29,18-01-2024,19-01-2024,18-02-2024,16-05-2024,6,15.0,27554.84,Late
918,625,56,Rep_5,15-12-2024,15-12-2024,14-01-2025,24-01-2025,3,15.0,6412.15,Paid
919,273,12,Rep_16,17-07-2025,18-07-2025,17-08-2025,20-08-2025,7,0.0,71611.61,Paid
920,101,87,Rep_25,03-12-2025,03-12-2025,02-01-2026,25-03-2026,9,10.0,13365.24,Late
921,864,25,Rep_29,30-09-2024,01-10-2024,31-10-2024,01-11-2024,10,10.0,4075.11,Paid
922,31,22,Rep_13,04-05-2025,04-05-2025,03-06-2025,11-06-2025,9,15.0,6443.98,Paid
923,57,15,Rep_27,31-01-2025,02-02-2025,04-03-2025,03-03-2025,4,20.0,19764.54,Paid
924,50,9,Rep_3,19-01-2025,21-01-2025,20-02-2025,28-02-2025,5,0.0,1038.1,Paid
925,330,7,Rep_21,09-04-2025,10-04-2025,10-05-2025,04-08-2025,9,5.0,6002.36,Late
926,748,48,Rep_13,13-08-2024,15-08-2024,14-09-2024,12-09-2024,8,15.0,34366.93,Paid
927,732,58,Rep_18,23-05-2024,25-05-2024,24-06-2024,28-06-2024,3,20.0,6455.38,Paid
928,764,63,Rep_9,02-10-2025,03-10-2025,02-11-2025,,1,5.0,1586.81,Pending
929,960,68,Rep_30,21-11-2025,23-11-2025,23-12-2025,24-12-2025,4,5.0,36416.69,Paid
930,954,41,Rep_18,01-01-2025,03-01-2025,02-02-2025,,4,10.0,12812.65,Pending
931,476,2,Rep_8,28-07-2024,28-07-2024,27-08-2024,26-08-2024,10,5.0,80174.96,Paid
932,244,66,Rep_7,16-11-2025,17-11-2025,17-12-2025,22-12-2025,9,20.0,79667.64,Paid
933,77,86,Rep_28,12-07-2025,13-07-2025,12-08-2025,19-08-2025,1,5.0,4638.56,Paid
934,523,6,Rep_27,06-04-2024,07-04-2024,07-05-2024,05-05-2024,4,15.0,33257.03,Paid
935,482,69,Rep_3,20-04-2024,20-04-2024,20-05-2024,,8,20.0,53672.32,Pending
936,166,82,Rep_7,04-04-2024,05-04-2024,05-05-2024,,10,20.0,31713.12,Pending
937,953,54,Rep_14,24-06-2024,26-06-2024,26-07-2024,04-08-2024,8,20.0,42676.22,Paid
938,238,70,Rep_8,05-09-2024,05-09-2024,05-10-2024,16-11-2024,9,10.0,69330.09,Late
939,461,95,Rep_4,24-01-2024,25-01-2024,24-02-2024,02-05-2024,9,15.0,7618.18,Late
940,717,8,Rep_1,16-02-2025,17-02-2025,19-03-2025,23-03-2025,9,5.0,70435.93,Paid
941,148,11,Rep_13,05-11-2025,05-11-2025,05-12-2025,13-12-2025,6,10.0,10895.2,Paid
942,676,47,Rep_24,16-01-2024,17-01-2024,16-02-2024,21-02-2024,2,10.0,4844.92,Paid
943,667,99,Rep_25,27-06-2024,27-06-2024,27-07-2024,,3,10.0,4786.64,BadDebt
944,41,72,Rep_18,27-08-2025,29-08-2025,28-09-2025,15-11-2025,4,15.0,18369.89,Late
945,976,21,Rep_18,09-05-2024,09-05-2024,08-06-2024,,1,20.0,3737.18,Pending
946,737,77,Rep_20,09-12-2025,10-12-2025,09-01-2026,11-01-2026,3,10.0,2501.71,Paid
947,645,9,Rep_25,24-10-2025,24-10-2025,23-11-2025,28-11-2025,9,20.0,1494.86,Paid
948,712,84,Rep_16,27-03-2025,27-03-2025,26-04-2025,26-04-2025,4,20.0,2997.86,Paid
949,788,85,Rep_20,10-07-2024,10-07-2024,09-08-2024,,8,10.0,16972.99,Pending
950,643,85,Rep_19,17-04-2025,18-04-2025,18-05-2025,23-05-2025,7,20.0,13201.22,Paid
951,518,64,Rep_18,06-06-2024,06-06-2024,06-07-2024,13-07-2024,4,15.0,13918.58,Paid
952,537,1,Rep_29,12-02-2025,14-02-2025,16-03-2025,24-03-2025,4,10.0,19518.19,Paid
953,917,47,Rep_4,03-02-2025,04-02-2025,06-03-2025,27-04-2025,8,20.0,17226.37,Late
954,922,70,Rep_13,29-06-2024,01-07-2024,31-07-2024,03-08-2024,5,10.0,38516.72,Paid
955,404,26,Rep_5,23-05-2024,24-05-2024,23-06-2024,01-09-2024,5,5.0,40931.41,Late
956,758,74,Rep_6,02-10-2024,03-10-2024,02-11-2024,17-12-2024,4,20.0,28024.74,Late
957,701,88,Rep_19,01-12-2024,01-12-2024,31-12-2024,03-01-2025,8,5.0,47455.92,Paid
958,969,76,Rep_17,14-08-2024,16-08-2024,15-09-2024,21-09-2024,10,10.0,90354.06,Paid
959,728,51,Rep_28,13-01-2025,14-01-2025,13-02-2025,21-02-2025,8,20.0,62207.68,Paid
960,17,79,Rep_21,24-11-2024,25-11-2024,25-12-2024,12-02-2025,5,5.0,7684.83,Late
961,899,87,Rep_7,08-06-2025,10-06-2025,10-07-2025,09-07-2025,8,20.0,10560.19,Paid
962,722,43,Rep_3,18-08-2025,18-08-2025,17-09-2025,15-09-2025,2,10.0,374.54,Paid
963,465,14,Rep_16,30-11-2024,01-12-2024,31-12-2024,01-01-2025,3,10.0,8103.56,Paid
964,974,68,Rep_9,09-04-2024,09-04-2024,09-05-2024,07-07-2024,6,0.0,57500.04,Late
965,154,90,Rep_13,20-10-2025,20-10-2025,19-11-2025,29-11-2025,2,0.0,11306.18,Paid
966,971,16,Rep_1,13-12-2025,15-12-2025,14-01-2026,20-01-2026,1,20.0,1063.29,Paid
967,133,31,Rep_30,10-06-2025,12-06-2025,12-07-2025,22-07-2025,6,15.0,23714.95,Paid
968,829,100,Rep_15,14-03-2025,15-03-2025,14-04-2025,17-04-2025,10,20.0,26788.88,Paid
969,287,39,Rep_11,20-06-2024,20-06-2024,20-07-2024,23-07-2024,9,10.0,58983.47,Paid
970,433,47,Rep_20,20-11-2024,22-11-2024,22-12-2024,09-02-2025,3,20.0,6459.89,Late
971,991,11,Rep_2,10-12-2025,11-12-2025,10-01-2026,,1,5.0,1916.75,BadDebt
972,315,48,Rep_27,16-10-2025,16-10-2025,15-11-2025,16-11-2025,2,5.0,9602.52,Paid
973,847,15,Rep_7,29-11-2024,30-11-2024,30-12-2024,28-12-2024,6,10.0,33352.67,Paid
974,436,72,Rep_13,05-07-2024,07-07-2024,06-08-2024,08-08-2024,5,20.0,21611.64,Paid
975,734,63,Rep_26,27-05-2024,28-05-2024,27-06-2024,,4,15.0,5679.12,Pending
976,973,38,Rep_23,20-10-2025,21-10-2025,20-11-2025,18-11-2025,3,10.0,10414.87,Paid
977,378,37,Rep_7,02-08-2024,02-08-2024,01-09-2024,11-09-2024,3,20.0,16251.62,Paid
978,130,26,,13-09-2025,13-09-2025,13-10-2025,,1,10.0,7755.43,Pending
979,93,67,Rep_18,07-09-2024,08-09-2024,08-10-2024,08-10-2024,4,20.0,11280.96,Paid
980,483,52,Rep_11,15-06-2025,17-06-2025,17-07-2025,22-07-2025,3,5.0,20854.08,Paid
981,997,47,Rep_20,29-07-2025,31-07-2025,30-08-2025,30-08-2025,7,5.0,17899.27,Paid
982,837,100,Rep_18,16-11-2025,18-11-2025,18-12-2025,26-12-2025,9,5.0,28630.62,Paid
983,736,57,Rep_23,03-05-2024,05-05-2024,04-06-2024,03-06-2024,8,5.0,5548.0,Paid
984,949,73,Rep_19,02-11-2025,04-11-2025,04-12-2025,,1,10.0,3255.34,Pending
985,932,79,Rep_19,07-08-2024,09-08-2024,08-09-2024,08-09-2024,2,15.0,2750.36,Paid
986,311,31,Rep_28,20-07-2025,22-07-2025,21-08-2025,21-08-2025,6,10.0,25109.95,Paid
987,209,41,Rep_26,23-07-2025,24-07-2025,23-08-2025,22-08-2025,8,15.0,24201.68,Paid
988,254,3,Rep_15,07-08-2025,08-08-2025,07-09-2025,09-09-2025,10,15.0,70429.13,Paid
989,869,75,Rep_8,25-03-2025,25-03-2025,24-04-2025,24-04-2025,8,0.0,60483.76,Paid
990,611,60,Rep_18,23-06-2025,24-06-2025,24-07-2025,06-09-2025,8,10.0,33403.97,Late
991,532,32,Rep_26,13-05-2024,13-05-2024,12-06-2024,20-06-2024,2,5.0,5287.76,Paid
992,56,71,Rep_22,11-07-2024,11-07-2024,10-08-2024,08-08-2024,5,20.0,1869.48,Paid
993,532,65,Rep_8,02-06-2025,04-06-2025,04-07-2025,12-07-2025,4,10.0,11439.25,Paid
994,404,8,Rep_28,11-02-2024,11-02-2024,12-03-2024,14-03-2024,4,15.0,28009.61,Paid
995,329,15,Rep_5,16-04-2025,16-04-2025,16-05-2025,16-05-2025,4,20.0,19764.54,Paid
996,172,100,Rep_21,23-08-2025,25-08-2025,24-09-2025,22-09-2025,2,10.0,6027.5,Paid
997,524,25,Rep_3,28-02-2024,01-03-2024,31-03-2024,28-06-2024,1,20.0,362.23,Late
998,608,64,Rep_24,05-04-2024,07-04-2024,07-05-2024,,3,15.0,10438.93,Pending
999,213,21,Rep_5,30-04-2024,02-05-2024,01-06-2024,,8,15.0,31766.06,Pending
1000,621,99,Rep_2,20-11-2025,20-11-2025,20-12-2025,24-12-2025,7,0.0,12409.81,Paid
1001,739,5,Rep_20,02-04-2025,02-04-2025,02-05-2025,14-07-2025,9,15.0,7833.91,Late
1002,220,5,Rep_6,27-10-2024,29-10-2024,28-11-2024,02-12-2024,6,5.0,5837.03,Paid
1003,898,86,Rep_1,04-11-2024,06-11-2024,06-12-2024,16-12-2024,5,5.0,23192.78,Paid
1004,700,51,Rep_5,02-10-2025,04-10-2025,03-11-2025,06-11-2025,1,20.0,7775.96,Paid
1005,385,17,Rep_24,18-01-2024,20-01-2024,19-02-2024,22-02-2024,6,15.0,39435.44,Paid
1006,825,28,Rep_8,13-11-2025,15-11-2025,15-12-2025,15-12-2025,10,15.0,34209.36,Paid
1007,122,19,Rep_10,09-10-2024,09-10-2024,08-11-2024,11-11-2024,9,10.0,75960.26,Paid
1008,134,28,Rep_30,28-01-2024,29-01-2024,28-02-2024,,3,0.0,12073.89,Pending
1009,127,47,Rep_20,20-09-2025,20-09-2025,20-10-2025,26-10-2025,8,10.0,19379.66,Paid
1010,737,93,Rep_28,28-03-2024,29-03-2024,28-04-2024,05-05-2024,1,15.0,1539.75,Paid
1011,666,14,Rep_2,16-12-2024,17-12-2024,16-01-2025,16-01-2025,1,5.0,2851.25,Paid
1012,631,47,Rep_10,19-02-2025,20-02-2025,22-03-2025,01-04-2025,8,10.0,19379.66,Paid
1013,380,57,Rep_8,27-08-2025,29-08-2025,28-09-2025,20-11-2025,6,10.0,3942.0,Late
1014,862,14,Rep_26,20-05-2024,21-05-2024,20-06-2024,18-06-2024,2,0.0,6002.64,Paid
1015,126,5,Rep_13,31-07-2024,31-07-2024,30-08-2024,16-11-2024,7,20.0,5734.62,Late
1016,966,12,Rep_24,15-05-2025,15-05-2025,14-06-2025,12-06-2025,9,0.0,92072.07,Paid
1017,459,14,Rep_7,31-05-2024,02-06-2024,02-07-2024,11-07-2024,2,10.0,5402.38,Paid
1018,419,58,Rep_27,14-04-2024,14-04-2024,14-05-2024,23-05-2024,4,10.0,9683.06,Paid
1019,370,68,Rep_1,09-10-2024,10-10-2024,09-11-2024,19-11-2024,7,5.0,63729.21,Paid
1020,446,24,Rep_20,23-12-2024,25-12-2024,24-01-2025,,6,15.0,18473.37,Pending
1021,31,27,Rep_26,03-05-2024,05-05-2024,04-06-2024,05-06-2024,4,20.0,4842.5,Paid
1022,451,33,Rep_27,23-03-2025,24-03-2025,23-04-2025,23-04-2025,2,10.0,2658.01,Paid
1023,875,61,Rep_11,20-01-2024,20-01-2024,19-02-2024,21-02-2024,7,15.0,4436.74,Paid
1024,26,97,Rep_2,10-03-2024,10-03-2024,09-04-2024,16-04-2024,8,15.0,51961.25,Paid
1025,671,34,Rep_11,22-08-2025,22-08-2025,21-09-2025,27-09-2025,2,20.0,6378.37,Paid
1026,725,9,Rep_10,20-11-2024,20-11-2024,20-12-2024,27-12-2024,10,20.0,1660.96,Paid
1027,613,64,Rep_15,08-02-2025,10-02-2025,12-03-2025,17-03-2025,4,0.0,16374.8,Paid
1028,834,54,Rep_5,26-01-2025,28-01-2025,27-02-2025,01-03-2025,2,15.0,11335.87,Paid
1029,294,7,Rep_7,11-05-2025,12-05-2025,11-06-2025,12-06-2025,4,5.0,2667.71,Paid
1030,991,66,Rep_3,16-11-2025,18-11-2025,18-12-2025,25-12-2025,10,0.0,110649.5,Paid
1031,933,34,Rep_17,18-06-2024,19-06-2024,19-07-2024,30-09-2024,3,0.0,11959.44,Late
1032,926,70,Rep_30,24-06-2024,24-06-2024,24-07-2024,22-07-2024,3,0.0,25677.81,Paid
1033,559,11,Rep_29,28-08-2024,29-08-2024,28-09-2024,08-10-2024,10,20.0,16141.04,Paid
1034,599,58,Rep_10,30-05-2024,30-05-2024,29-06-2024,04-07-2024,1,20.0,2151.79,Paid
1035,521,4,Rep_25,13-03-2024,15-03-2024,14-04-2024,,5,10.0,13212.18,Pending
1036,970,46,Rep_30,18-06-2025,20-06-2025,20-07-2025,03-09-2025,10,15.0,7088.4,Late
1037,177,8,Rep_27,27-01-2024,28-01-2024,27-02-2024,02-03-2024,8,10.0,59314.46,Paid
1038,863,25,Rep_17,24-01-2025,26-01-2025,25-02-2025,04-03-2025,7,0.0,3169.53,Paid
1039,691,76,Rep_25,03-10-2024,03-10-2024,02-11-2024,06-11-2024,9,20.0,72283.25,Paid
1040,966,86,Rep_4,03-05-2025,05-05-2025,04-06-2025,06-06-2025,1,20.0,3906.15,Paid
1041,810,12,Rep_10,17-08-2025,18-08-2025,17-09-2025,21-09-2025,1,15.0,8695.7,Paid
1042,828,89,Rep_15,20-07-2025,22-07-2025,21-08-2025,30-08-2025,7,10.0,11863.72,Paid
1043,880,85,Rep_10,17-11-2025,19-11-2025,19-12-2025,21-12-2025,1,20.0,1885.89,Paid
1044,386,50,Rep_17,13-07-2025,13-07-2025,12-08-2025,10-11-2025,10,15.0,13823.38,Late
1045,67,57,Rep_12,12-01-2024,12-01-2024,11-02-2024,10-02-2024,7,5.0,4854.5,Paid
1046,249,81,Rep_13,20-02-2025,21-02-2025,23-03-2025,23-03-2025,1,20.0,1013.62,Paid
1047,514,30,Rep_25,20-09-2025,20-09-2025,20-10-2025,,3,10.0,5364.01,Pending
1048,617,74,Rep_27,10-03-2024,11-03-2024,10-04-2024,09-04-2024,2,10.0,15763.91,Paid
1049,918,97,Rep_7,11-09-2024,12-09-2024,12-10-2024,19-10-2024,3,5.0,21777.88,Paid
1050,418,1,Rep_4,15-12-2024,15-12-2024,14-01-2025,,1,10.0,4879.55,BadDebt
1051,799,90,Rep_20,23-01-2024,23-01-2024,22-02-2024,24-02-2024,5,15.0,24025.63,Paid
1052,326,84,Rep_3,02-02-2024,02-02-2024,03-03-2024,05-03-2024,1,20.0,749.46,Paid
1053,759,62,Rep_18,07-03-2024,09-03-2024,08-04-2024,10-04-2024,10,20.0,56738.24,Paid
1054,930,94,Rep_9,03-01-2024,04-01-2024,03-02-2024,09-02-2024,3,0.0,8330.4,Paid
1055,869,14,Rep_22,19-08-2024,20-08-2024,19-09-2024,23-09-2024,7,10.0,18908.32,Paid
1056,825,32,Rep_13,16-12-2025,18-12-2025,17-01-2026,24-01-2026,9,15.0,21290.18,Paid
1057,706,12,Rep_24,01-12-2024,02-12-2024,01-01-2025,04-01-2025,1,0.0,10230.23,Paid
1058,185,8,Rep_3,04-12-2025,05-12-2025,04-01-2026,,4,15.0,28009.61,BadDebt
1059,433,88,Rep_8,04-03-2024,04-03-2024,03-04-2024,07-06-2024,9,15.0,47768.13,Late
1060,727,83,Rep_1,08-05-2024,08-05-2024,07-06-2024,09-06-2024,6,10.0,12082.28,Paid
1061,609,84,Rep_10,28-10-2025,30-10-2025,29-11-2025,29-11-2025,5,20.0,3747.32,Paid
1062,385,88,Rep_2,07-10-2024,09-10-2024,08-11-2024,,10,15.0,53075.7,Pending
1063,447,34,Rep_16,14-06-2024,14-06-2024,14-07-2024,12-10-2024,5,10.0,17939.16,Late
1064,349,69,Rep_26,30-01-2024,01-02-2024,02-03-2024,04-03-2024,6,5.0,47801.91,Paid
1065,436,17,Rep_11,05-09-2024,06-09-2024,06-10-2024,10-10-2024,7,5.0,51420.73,Paid
1066,56,14,Rep_30,10-02-2025,12-02-2025,14-03-2025,21-03-2025,6,5.0,17107.52,Paid
1067,165,24,Rep_16,01-05-2024,01-05-2024,31-05-2024,31-05-2024,8,15.0,24631.16,Paid
1068,138,98,Rep_4,19-11-2024,21-11-2024,21-12-2024,19-12-2024,2,0.0,2372.0,Paid
1069,933,65,Rep_18,14-09-2024,16-09-2024,16-10-2024,26-12-2024,7,0.0,22242.99,Late
1070,486,76,Rep_6,12-06-2025,13-06-2025,13-07-2025,18-07-2025,9,5.0,85836.36,Paid
1071,904,46,Rep_14,30-03-2025,30-03-2025,29-04-2025,,5,15.0,3544.2,Pending
1072,874,22,Rep_9,15-10-2025,16-10-2025,15-11-2025,24-11-2025,2,5.0,1600.46,Paid
1073,778,62,Rep_18,16-12-2024,16-12-2024,15-01-2025,24-01-2025,10,15.0,60284.38,Paid
1074,839,82,Rep_22,21-06-2024,22-06-2024,22-07-2024,,9,5.0,33893.4,BadDebt
1075,770,30,Rep_14,30-05-2025,31-05-2025,30-06-2025,,6,10.0,10728.02,Pending
1076,669,48,Rep_7,19-10-2024,21-10-2024,20-11-2024,29-11-2024,3,5.0,14403.79,Paid
1077,731,58,Rep_29,19-10-2024,21-10-2024,20-11-2024,29-11-2024,8,20.0,17214.34,Paid
1078,783,27,Rep_28,05-09-2024,07-09-2024,07-10-2024,15-10-2024,3,15.0,3858.86,Paid
1079,552,49,Rep_2,02-12-2025,02-12-2025,01-01-2026,30-03-2026,8,10.0,54602.06,Late
1080,69,78,Rep_26,31-01-2025,31-01-2025,02-03-2025,18-04-2025,6,5.0,38185.72,Late
1081,333,93,Rep_29,12-07-2025,14-07-2025,13-08-2025,30-09-2025,10,5.0,17208.96,Late
1082,37,90,Rep_17,11-10-2025,13-10-2025,12-11-2025,11-11-2025,7,15.0,33635.89,Paid
1083,863,55,Rep_27,19-12-2024,19-12-2024,18-01-2025,20-01-2025,6,10.0,30894.8,Paid
1084,840,69,Rep_18,05-01-2025,07-01-2025,06-02-2025,13-02-2025,10,5.0,79669.85,Paid
1085,658,88,Rep_17,28-10-2025,30-10-2025,29-11-2025,30-11-2025,10,0.0,62442.0,Paid
1086,262,69,Rep_29,30-01-2025,01-02-2025,03-03-2025,07-03-2025,10,20.0,67090.4,Paid
1087,708,77,Rep_4,03-03-2024,04-03-2024,03-04-2024,,6,15.0,4725.46,BadDebt
1088,461,88,Rep_13,20-05-2024,21-05-2024,20-06-2024,18-06-2024,2,20.0,9990.72,Paid
1089,180,35,Rep_8,15-05-2024,15-05-2024,14-06-2024,25-08-2024,4,20.0,19179.04,Late
1090,812,14,Rep_27,03-06-2024,03-06-2024,03-07-2024,,9,15.0,22960.1,BadDebt
1091,903,73,Rep_4,03-08-2024,03-08-2024,02-09-2024,08-09-2024,1,20.0,2893.63,Paid
1092,120,2,Rep_14,08-07-2024,08-07-2024,07-08-2024,05-08-2024,1,0.0,8439.47,Paid
1093,47,4,Rep_3,04-06-2025,06-06-2025,06-07-2025,12-07-2025,8,15.0,19965.07,Paid
1094,194,48,Rep_21,27-01-2025,27-01-2025,26-02-2025,07-03-2025,4,20.0,16172.67,Paid
1095,967,11,Rep_25,26-08-2025,28-08-2025,27-09-2025,17-12-2025,8,10.0,14526.94,Late
1096,657,18,Rep_24,18-07-2024,19-07-2024,18-08-2024,25-08-2024,6,0.0,13128.36,Paid
1097,18,59,Rep_3,17-02-2025,17-02-2025,19-03-2025,21-03-2025,6,20.0,14231.76,Paid
1098,925,89,Rep_1,17-02-2024,18-02-2024,19-03-2024,27-03-2024,7,15.0,11204.62,Paid
1099,403,48,Rep_18,02-11-2024,02-11-2024,02-12-2024,16-02-2025,4,10.0,18194.26,Late
1100,409,79,Rep_18,28-08-2025,29-08-2025,28-09-2025,28-11-2025,1,20.0,1294.29,Late
1101,441,54,Rep_20,15-07-2025,15-07-2025,14-08-2025,14-08-2025,7,20.0,37341.7,Paid
1102,16,68,Rep_22,27-08-2024,29-08-2024,28-09-2024,04-10-2024,9,20.0,69000.05,Paid
1103,497,79,Rep_28,15-03-2024,16-03-2024,15-04-2024,25-04-2024,10,15.0,13751.81,Paid
1104,466,49,Rep_23,24-01-2024,26-01-2024,25-02-2024,25-02-2024,1,0.0,7583.62,Paid
1105,368,59,Rep_18,08-10-2025,10-10-2025,09-11-2025,09-11-2025,7,0.0,20754.65,Paid
1106,780,74,Rep_4,12-01-2025,12-01-2025,11-02-2025,,8,10.0,63055.66,Pending
1107,468,38,Rep_26,24-12-2025,24-12-2025,23-01-2026,23-01-2026,8,10.0,27772.99,Paid
1108,555,87,Rep_14,22-10-2025,24-10-2025,23-11-2025,22-11-2025,10,20.0,13200.24,Paid
1109,167,19,Rep_29,09-09-2025,10-09-2025,10-10-2025,17-10-2025,2,15.0,15942.28,Paid
1110,906,34,Rep_12,10-01-2025,11-01-2025,10-02-2025,,2,20.0,6378.37,Pending
1111,856,6,Rep_28,22-11-2024,23-11-2024,23-12-2024,31-01-2025,1,20.0,7825.18,Late
1112,851,1,Rep_23,28-12-2025,30-12-2025,29-01-2026,07-02-2026,1,0.0,5421.72,Paid
1113,420,36,Rep_30,24-02-2024,25-02-2024,26-03-2024,26-03-2024,5,15.0,3798.61,Paid
1114,336,93,Rep_9,13-10-2024,13-10-2024,12-11-2024,17-11-2024,9,20.0,13042.58,Paid
1115,247,12,Rep_26,19-05-2024,20-05-2024,19-06-2024,25-06-2024,6,0.0,61381.38,Paid
1116,576,83,Rep_29,15-12-2025,15-12-2025,14-01-2026,21-01-2026,6,0.0,13424.76,Paid
1117,836,85,Rep_28,29-03-2024,30-03-2024,29-04-2024,28-04-2024,1,10.0,2121.62,Paid
1118,55,73,Rep_1,19-05-2024,19-05-2024,18-06-2024,23-06-2024,2,15.0,6148.97,Paid
1119,263,90,Rep_8,31-10-2025,31-10-2025,30-11-2025,,10,10.0,50877.81,Pending
1120,145,73,Rep_20,18-06-2025,19-06-2025,19-07-2025,25-07-2025,10,5.0,34361.88,Paid
1121,980,61,Rep_7,28-04-2024,29-04-2024,29-05-2024,04-07-2024,10,20.0,5965.36,Late
1122,831,69,Rep_5,25-03-2024,25-03-2024,24-04-2024,,2,0.0,16772.6,Pending
1123,575,85,Rep_29,17-09-2025,18-09-2025,18-10-2025,18-10-2025,2,15.0,4007.51,Paid
1124,746,47,Rep_13,24-03-2025,25-03-2025,24-04-2025,25-04-2025,6,5.0,15342.23,Paid
1125,559,56,Rep_9,09-02-2024,11-02-2024,12-03-2024,13-03-2024,10,20.0,20116.56,Paid
1126,954,70,Rep_26,30-05-2025,30-05-2025,29-06-2025,29-06-2025,6,5.0,48787.84,Paid
1127,993,39,Rep_30,19-02-2025,19-02-2025,21-03-2025,24-03-2025,6,0.0,43691.46,Paid
1128,52,51,Rep_19,03-01-2025,04-01-2025,03-02-2025,06-02-2025,2,10.0,17495.91,Paid
1129,845,2,Rep_23,31-08-2025,31-08-2025,30-09-2025,03-10-2025,6,0.0,50636.82,Paid
1130,29,86,Rep_17,06-09-2025,06-09-2025,06-10-2025,,2,0.0,9765.38,Pending
1131,98,77,Rep_23,04-12-2025,04-12-2025,03-01-2026,13-01-2026,5,15.0,3937.88,Paid
1132,650,4,Rep_1,19-02-2025,21-02-2025,23-03-2025,24-03-2025,6,10.0,15854.62,Paid
1133,683,18,Rep_28,05-07-2024,06-07-2024,05-08-2024,,10,10.0,19692.54,Pending
1134,832,90,Rep_21,21-02-2024,21-02-2024,22-03-2024,25-03-2024,4,5.0,21481.74,Paid
1135,603,34,Rep_27,26-03-2025,28-03-2025,27-04-2025,,6,0.0,23918.88,Pending
1136,784,57,Rep_23,22-12-2025,22-12-2025,21-01-2026,22-03-2026,10,20.0,5840.0,Late
1137,691,47,Rep_10,21-10-2025,21-10-2025,20-11-2025,,2,0.0,5383.24,Pending
1138,637,28,Rep_5,07-11-2024,09-11-2024,09-12-2024,18-12-2024,10,0.0,40246.3,Paid
1139,900,28,Rep_21,14-03-2025,14-03-2025,13-04-2025,22-04-2025,5,0.0,20123.15,Paid
1140,97,29,Rep_25,31-10-2025,01-11-2025,01-12-2025,,10,5.0,50088.37,Pending
1141,932,48,Rep_14,03-12-2025,05-12-2025,04-01-2026,02-01-2026,6,15.0,25775.2,Paid
1142,584,74,Rep_13,14-01-2024,16-01-2024,15-02-2024,22-02-2024,7,20.0,49043.29,Paid
1143,489,34,Rep_5,15-02-2024,17-02-2024,18-03-2024,,8,20.0,25513.47,Pending
1144,980,28,,09-11-2025,09-11-2025,09-12-2025,11-12-2025,5,20.0,16098.52,Paid
1145,503,59,Rep_3,21-01-2025,21-01-2025,20-02-2025,18-02-2025,4,5.0,11266.81,Paid
1146,389,41,Rep_9,18-09-2024,18-09-2024,18-10-2024,,3,10.0,9609.49,Pending
1147,63,81,Rep_28,10-07-2024,12-07-2024,11-08-2024,,3,5.0,3611.04,Pending
1148,16,95,Rep_25,02-02-2024,04-02-2024,05-03-2024,09-03-2024,1,10.0,896.26,Paid
1149,570,53,Rep_8,06-06-2025,07-06-2025,07-07-2025,07-07-2025,2,0.0,8834.96,Paid
1150,632,1,Rep_28,15-10-2024,17-10-2024,16-11-2024,21-11-2024,6,20.0,26024.26,Paid
1151,191,12,Rep_8,24-06-2024,26-06-2024,26-07-2024,14-10-2024,7,10.0,64450.45,Late
1152,247,54,Rep_6,18-11-2025,18-11-2025,18-12-2025,15-03-2026,3,15.0,17003.81,Late
1153,474,60,Rep_27,26-01-2024,28-01-2024,27-02-2024,25-02-2024,8,0.0,37115.52,Paid
1154,731,97,Rep_30,17-07-2025,17-07-2025,16-08-2025,20-08-2025,3,0.0,22924.08,Paid
1155,805,16,Rep_25,18-06-2025,20-06-2025,20-07-2025,,1,10.0,1196.2,Pending
1156,448,28,Rep_15,02-07-2025,03-07-2025,02-08-2025,08-08-2025,2,20.0,6439.41,Paid
1157,482,22,Rep_25,21-12-2025,23-12-2025,22-01-2026,28-01-2026,9,0.0,7581.15,Paid
1158,243,62,Rep_5,01-07-2025,03-07-2025,02-08-2025,03-08-2025,2,20.0,11347.65,Paid
1159,596,62,Rep_24,25-06-2024,27-06-2024,27-07-2024,29-07-2024,1,0.0,7092.28,Paid
1160,167,1,Rep_27,25-02-2024,25-02-2024,26-03-2024,02-04-2024,5,20.0,21686.88,Paid
1161,139,85,Rep_24,08-06-2024,08-06-2024,08-07-2024,10-07-2024,5,15.0,10018.78,Paid
1162,768,68,Rep_22,22-04-2024,22-04-2024,22-05-2024,25-05-2024,10,20.0,76666.72,Paid
1163,643,95,Rep_5,14-01-2024,14-01-2024,13-02-2024,14-02-2024,1,10.0,896.26,Paid
1164,450,64,Rep_25,02-01-2025,02-01-2025,01-02-2025,31-01-2025,4,10.0,14737.32,Paid
1165,516,12,Rep_22,03-03-2025,04-03-2025,03-04-2025,,7,10.0,64450.45,Pending
1166,59,45,Rep_29,01-09-2025,01-09-2025,01-10-2025,,8,15.0,27422.7,Pending
1167,626,69,Rep_29,17-08-2024,17-08-2024,16-09-2024,29-11-2024,1,5.0,7966.98,Late
1168,761,10,Rep_26,25-04-2025,26-04-2025,26-05-2025,02-06-2025,1,5.0,4834.91,Paid
1169,254,95,Rep_26,08-07-2025,09-07-2025,08-08-2025,12-08-2025,7,5.0,6622.34,Paid
1170,962,16,Rep_14,05-03-2025,06-03-2025,05-04-2025,03-04-2025,6,15.0,6778.46,Paid
1171,930,51,Rep_26,16-04-2025,16-04-2025,16-05-2025,25-05-2025,7,5.0,64637.67,Paid
1172,371,8,Rep_14,06-11-2024,08-11-2024,08-12-2024,18-12-2024,5,10.0,37071.54,Paid
1173,202,88,Rep_10,09-11-2024,11-11-2024,11-12-2024,25-02-2025,4,20.0,19981.44,Late
1174,386,22,Rep_4,09-04-2025,09-04-2025,09-05-2025,09-05-2025,7,5.0,5601.63,Paid
1175,992,19,Rep_5,18-09-2024,18-09-2024,18-10-2024,30-12-2024,3,10.0,25320.09,Late
1176,528,66,Rep_30,13-10-2025,13-10-2025,12-11-2025,17-11-2025,10,20.0,88519.6,Paid
1177,655,31,Rep_18,14-11-2024,16-11-2024,16-12-2024,23-12-2024,10,15.0,39524.91,Paid
1178,246,18,Rep_8,15-10-2024,16-10-2024,15-11-2024,,3,10.0,5907.76,BadDebt
1179,267,26,Rep_12,05-02-2024,07-02-2024,08-03-2024,07-03-2024,6,20.0,41362.27,Paid
1180,274,48,Rep_15,23-04-2025,25-04-2025,25-05-2025,03-06-2025,10,10.0,45485.64,Paid
1181,730,93,Rep_14,01-10-2024,03-10-2024,02-11-2024,29-01-2025,6,5.0,10325.38,Late
1182,484,35,Rep_3,06-02-2025,07-02-2025,09-03-2025,,10,20.0,47947.6,Pending
1183,928,36,Rep_1,09-05-2024,09-05-2024,08-06-2024,10-06-2024,6,0.0,5362.74,Paid
1184,948,80,Rep_12,09-11-2024,11-11-2024,11-12-2024,14-12-2024,3,15.0,9568.24,Paid
1185,407,39,Rep_12,02-04-2025,02-04-2025,02-05-2025,03-05-2025,1,15.0,6189.62,Paid
1186,603,16,Rep_8,29-09-2024,29-09-2024,29-10-2024,31-10-2024,1,10.0,1196.2,Paid
1187,162,54,Rep_14,29-04-2024,30-04-2024,30-05-2024,25-08-2024,5,5.0,31673.76,Late
1188,789,59,Rep_24,19-08-2024,19-08-2024,18-09-2024,,1,0.0,2964.95,Pending
1189,963,68,Rep_30,30-12-2024,30-12-2024,29-01-2025,28-01-2025,2,10.0,17250.01,Paid
1190,288,41,Rep_17,09-06-2024,09-06-2024,09-07-2024,17-07-2024,5,5.0,16905.58,Paid
1191,266,35,Rep_21,27-11-2025,29-11-2025,29-12-2025,,8,0.0,47947.6,Pending
1192,891,83,Rep_15,23-11-2025,23-11-2025,23-12-2025,27-12-2025,6,5.0,12753.52,Paid
1193,592,56,Rep_30,13-02-2025,15-02-2025,17-03-2025,18-03-2025,4,15.0,8549.54,Paid
1194,848,6,Rep_30,06-10-2025,08-10-2025,07-11-2025,07-11-2025,8,20.0,62601.47,Paid
1195,665,67,Rep_6,05-11-2025,05-11-2025,05-12-2025,05-12-2025,8,5.0,26792.28,Paid
1196,679,25,Rep_7,02-05-2024,03-05-2024,02-06-2024,04-06-2024,4,20.0,1448.93,Paid
1197,542,81,Rep_20,11-12-2025,11-12-2025,10-01-2026,10-01-2026,1,5.0,1203.68,Paid
1198,727,20,Rep_21,14-06-2025,15-06-2025,15-07-2025,24-07-2025,1,20.0,1632.01,Paid
1199,803,32,Rep_5,18-12-2024,18-12-2024,17-01-2025,28-03-2025,6,5.0,15863.27,Late
1200,790,57,Rep_12,20-08-2024,22-08-2024,21-09-2024,27-09-2024,10,20.0,5840.0,Paid
1201,708,89,Rep_2,15-08-2024,16-08-2024,15-09-2024,16-09-2024,7,15.0,11204.62,Paid
1202,94,7,Rep_4,18-07-2025,19-07-2025,18-08-2025,18-08-2025,7,20.0,3931.37,Paid
1203,827,21,Rep_12,23-07-2024,24-07-2024,23-08-2024,21-08-2024,8,0.0,37371.84,Paid
1204,976,71,Rep_27,15-08-2024,17-08-2024,16-09-2024,24-09-2024,3,0.0,1402.11,Paid
1205,946,91,Rep_25,25-09-2024,27-09-2024,27-10-2024,,7,15.0,52187.93,Pending
1206,149,27,Rep_4,09-08-2024,11-08-2024,10-09-2024,,3,5.0,4312.85,BadDebt
1207,300,33,Rep_12,06-06-2024,07-06-2024,07-07-2024,15-07-2024,10,5.0,14028.36,Paid
1208,387,24,Rep_21,24-09-2025,25-09-2025,25-10-2025,02-11-2025,1,15.0,3078.9,Paid
1209,491,32,Rep_27,09-03-2024,11-03-2024,10-04-2024,08-04-2024,5,15.0,11827.88,Paid
1210,498,86,Rep_29,18-11-2024,18-11-2024,18-12-2024,,5,0.0,24413.45,Pending
1211,226,100,Rep_27,29-01-2025,29-01-2025,28-02-2025,26-02-2025,9,10.0,27123.74,Paid
1212,673,47,Rep_19,30-01-2025,30-01-2025,01-03-2025,03-03-2025,8,0.0,21532.96,Paid
1213,179,81,Rep_30,06-11-2025,06-11-2025,06-12-2025,10-12-2025,5,0.0,6335.15,Paid
1214,338,55,Rep_7,05-10-2024,05-10-2024,04-11-2024,12-11-2024,2,20.0,9154.02,Paid
1215,462,71,Rep_6,23-05-2025,24-05-2025,23-06-2025,27-07-2025,8,0.0,3738.96,Late
1216,163,86,Rep_3,16-01-2024,16-01-2024,15-02-2024,23-02-2024,8,0.0,39061.52,Paid
1217,76,26,Rep_21,08-08-2025,08-08-2025,07-09-2025,04-11-2025,10,15.0,73245.69,Late
1218,38,73,Rep_26,19-06-2025,20-06-2025,20-07-2025,20-07-2025,7,15.0,21521.39,Paid
1219,789,24,Rep_17,15-05-2024,16-05-2024,15-06-2024,23-06-2024,1,15.0,3078.9,Paid
1220,487,84,Rep_20,11-07-2025,12-07-2025,11-08-2025,19-08-2025,4,20.0,2997.86,Paid
1221,789,49,Rep_5,02-12-2024,03-12-2024,02-01-2025,08-01-2025,10,10.0,68252.58,Paid
1222,124,76,Rep_10,11-03-2024,12-03-2024,11-04-2024,30-06-2024,6,15.0,51200.63,Late
1223,468,37,Rep_10,06-05-2025,06-05-2025,05-06-2025,06-07-2025,3,15.0,17267.35,Late
1224,781,56,Rep_3,23-05-2025,24-05-2025,23-06-2025,28-06-2025,10,15.0,21373.84,Paid
1225,207,50,Rep_8,21-12-2024,22-12-2024,21-01-2025,19-01-2025,5,10.0,7318.26,Paid
1226,716,29,Rep_15,26-04-2025,26-04-2025,26-05-2025,04-06-2025,7,10.0,33216.5,Paid
1227,113,82,Rep_23,02-08-2025,04-08-2025,03-09-2025,10-09-2025,7,5.0,26361.53,Paid
1228,478,93,Rep_22,09-01-2024,09-01-2024,08-02-2024,07-02-2024,3,20.0,4347.53,Paid
1229,307,31,Rep_12,21-03-2024,22-03-2024,21-04-2024,27-04-2024,10,20.0,37199.92,Paid
1230,424,85,Rep_9,21-03-2025,21-03-2025,20-04-2025,23-04-2025,5,10.0,10608.12,Paid
1231,811,40,Rep_28,18-09-2025,18-09-2025,18-10-2025,25-10-2025,10,5.0,52360.77,Paid
1232,593,58,Rep_22,18-10-2024,18-10-2024,17-11-2024,19-11-2024,7,10.0,16945.36,Paid
1233,717,72,Rep_24,24-06-2024,24-06-2024,24-07-2024,31-07-2024,6,20.0,25933.97,Paid
1234,958,28,Rep_6,12-08-2025,14-08-2025,13-09-2025,24-11-2025,9,20.0,28977.34,Late
1235,9,98,Rep_16,07-08-2025,08-08-2025,07-09-2025,16-09-2025,3,0.0,3558.0,Paid
1236,921,67,Rep_19,22-12-2024,22-12-2024,21-01-2025,30-01-2025,7,10.0,22209.39,Paid
1237,797,17,Rep_13,08-02-2024,08-02-2024,09-03-2024,11-03-2024,5,20.0,30929.76,Paid
1238,152,93,Rep_4,17-09-2025,17-09-2025,17-10-2025,15-10-2025,3,10.0,4890.97,Paid
1239,885,60,Rep_19,07-12-2024,08-12-2024,07-01-2025,,9,20.0,33403.97,Pending
1240,694,61,Rep_9,03-01-2024,05-01-2024,04-02-2024,,2,20.0,1193.07,Pending
1241,566,39,Rep_30,12-07-2024,13-07-2024,12-08-2024,16-08-2024,7,5.0,48424.7,Paid
1242,380,7,Rep_24,28-07-2024,29-07-2024,28-08-2024,,4,15.0,2386.9,Pending
1243,879,32,Rep_1,18-07-2024,19-07-2024,18-08-2024,18-08-2024,5,15.0,11827.88,Paid
1244,680,58,Rep_26,16-08-2025,17-08-2025,16-09-2025,25-09-2025,7,20.0,15062.54,Paid
1245,973,84,Rep_2,17-11-2024,19-11-2024,19-12-2024,28-01-2025,10,10.0,8431.47,Late
1246,825,84,Rep_7,01-04-2024,03-04-2024,03-05-2024,08-05-2024,8,10.0,6745.18,Paid
1247,310,27,Rep_18,22-11-2024,22-11-2024,22-12-2024,28-12-2024,6,0.0,9079.68,Paid
1248,288,55,Rep_17,04-02-2025,05-02-2025,07-03-2025,17-03-2025,6,5.0,32611.18,Paid
1249,639,30,,10-01-2024,10-01-2024,09-02-2024,12-02-2024,7,20.0,11125.35,Paid
1250,23,29,Rep_12,21-07-2024,22-07-2024,21-08-2024,26-08-2024,2,0.0,10544.92,Paid
1251,11,57,Rep_24,13-03-2025,13-03-2025,12-04-2025,21-06-2025,10,10.0,6570.0,Late
1252,285,83,Rep_6,14-01-2025,14-01-2025,13-02-2025,13-02-2025,4,20.0,7159.87,Paid
1253,222,35,Rep_23,14-05-2024,14-05-2024,13-06-2024,15-06-2024,8,0.0,47947.6,Paid
1254,168,85,Rep_9,15-05-2024,16-05-2024,15-06-2024,18-06-2024,1,15.0,2003.76,Paid
1255,560,60,Rep_20,14-04-2024,15-04-2024,15-05-2024,24-05-2024,8,10.0,33403.97,Paid
1256,616,24,Rep_15,27-09-2024,27-09-2024,27-10-2024,04-11-2024,9,5.0,30970.07,Paid
1257,694,61,Rep_26,06-10-2025,06-10-2025,05-11-2025,04-11-2025,3,5.0,2125.16,Paid
1258,801,89,Rep_5,17-12-2024,18-12-2024,17-01-2025,23-01-2025,5,10.0,8474.09,Paid
1259,498,32,Rep_3,04-10-2025,04-10-2025,03-11-2025,13-11-2025,2,5.0,5287.76,Paid
1260,123,68,Rep_24,13-04-2025,15-04-2025,15-05-2025,24-05-2025,6,20.0,46000.03,Paid
1261,686,10,Rep_30,10-04-2025,10-04-2025,10-05-2025,,8,10.0,36643.54,Pending
1262,155,46,Rep_11,16-04-2024,18-04-2024,18-05-2024,,10,10.0,7505.37,BadDebt
1263,919,98,Rep_8,22-04-2024,23-04-2024,23-05-2024,23-05-2024,3,15.0,3024.3,Paid
1264,466,24,Rep_13,16-06-2024,16-06-2024,16-07-2024,18-07-2024,3,5.0,10323.36,Paid
1265,702,34,Rep_7,28-08-2025,30-08-2025,29-09-2025,30-09-2025,4,0.0,15945.92,Paid
1266,302,39,Rep_15,29-03-2025,29-03-2025,28-04-2025,04-05-2025,8,20.0,46604.22,Paid
1267,171,2,Rep_28,18-01-2025,20-01-2025,19-02-2025,01-03-2025,9,10.0,68359.71,Paid
1268,807,88,Rep_7,03-04-2025,04-04-2025,04-05-2025,13-05-2025,3,15.0,15922.71,Paid
1269,899,77,Rep_6,20-11-2024,21-11-2024,21-12-2024,21-12-2024,8,15.0,6300.61,Paid
1270,368,73,Rep_20,06-06-2024,06-06-2024,06-07-2024,10-07-2024,6,20.0,17361.79,Paid
1271,670,48,Rep_11,09-08-2025,11-08-2025,10-09-2025,,3,20.0,12129.5,Pending
1272,978,99,Rep_8,24-02-2025,24-02-2025,26-03-2025,02-04-2025,6,10.0,9573.28,Paid
1273,738,20,Rep_3,23-10-2025,24-10-2025,23-11-2025,30-11-2025,5,5.0,9690.05,Paid
1274,266,80,Rep_4,10-06-2025,10-06-2025,10-07-2025,16-07-2025,6,0.0,22513.5,Paid
1275,552,98,Rep_3,11-02-2024,11-02-2024,12-03-2024,18-03-2024,4,5.0,4506.8,Paid
1276,156,13,Rep_28,26-06-2024,26-06-2024,26-07-2024,28-07-2024,9,0.0,60492.24,Paid
1277,428,69,Rep_9,26-05-2025,27-05-2025,26-06-2025,24-06-2025,2,20.0,13418.08,Paid
1278,60,50,Rep_30,12-11-2024,13-11-2024,13-12-2024,07-03-2025,1,0.0,1626.28,Late
1279,955,64,Rep_13,28-03-2025,30-03-2025,29-04-2025,30-04-2025,6,20.0,19649.76,Paid
1280,289,52,Rep_4,14-11-2024,16-11-2024,16-12-2024,20-12-2024,3,5.0,20854.08,Paid
1281,733,56,Rep_6,28-05-2024,28-05-2024,27-06-2024,27-06-2024,1,10.0,2263.11,Paid
1282,545,28,Rep_20,25-04-2024,26-04-2024,26-05-2024,28-07-2024,10,0.0,40246.3,Late
1283,846,98,Rep_6,20-02-2025,22-02-2025,24-03-2025,31-03-2025,5,20.0,4744.0,Paid
1284,204,15,Rep_24,16-07-2025,16-07-2025,15-08-2025,19-08-2025,7,15.0,36749.7,Paid
1285,3,8,Rep_13,06-01-2024,07-01-2024,06-02-2024,,3,20.0,19771.49,Pending
1286,99,1,Rep_29,25-11-2024,27-11-2024,27-12-2024,06-01-2025,3,10.0,14638.64,Paid
1287,727,1,Rep_13,29-12-2024,31-12-2024,30-01-2025,03-02-2025,10,5.0,51506.34,Paid
1288,443,21,Rep_17,13-04-2025,14-04-2025,14-05-2025,,4,5.0,17751.62,Pending
1289,395,87,Rep_29,27-07-2024,27-07-2024,26-08-2024,22-10-2024,2,20.0,2640.05,Late
1290,556,97,,16-02-2025,16-02-2025,18-03-2025,17-03-2025,4,15.0,25980.62,Paid
1291,77,25,Rep_18,07-06-2024,09-06-2024,09-07-2024,09-07-2024,4,5.0,1720.6,Paid
1292,749,29,Rep_25,23-12-2024,23-12-2024,22-01-2025,29-01-2025,2,20.0,8435.94,Paid
1293,718,3,,19-02-2025,20-02-2025,22-03-2025,21-03-2025,1,15.0,7042.91,Paid
1294,921,69,Rep_15,19-06-2025,19-06-2025,19-07-2025,,5,5.0,39834.92,Pending
1295,980,53,Rep_18,29-04-2024,30-04-2024,30-05-2024,,2,10.0,7951.46,Pending
1296,555,89,Rep_23,02-11-2024,03-11-2024,03-12-2024,03-12-2024,1,5.0,1788.97,Paid
1297,409,69,Rep_7,28-01-2025,28-01-2025,27-02-2025,02-03-2025,10,0.0,83863.0,Paid
1298,520,76,Rep_1,02-08-2025,02-08-2025,01-09-2025,02-09-2025,10,10.0,90354.06,Paid
1299,756,39,Rep_5,19-05-2024,21-05-2024,20-06-2024,,1,15.0,6189.62,Pending
1300,422,55,,27-08-2025,28-08-2025,27-09-2025,02-10-2025,10,20.0,45770.08,Paid
1301,801,77,Rep_28,13-04-2025,14-04-2025,14-05-2025,19-05-2025,5,20.0,3706.24,Paid
1302,416,36,Rep_8,18-03-2024,20-03-2024,19-04-2024,26-04-2024,9,10.0,7239.7,Paid
1303,470,67,Rep_13,07-10-2025,08-10-2025,07-11-2025,16-11-2025,10,20.0,28202.4,Paid
1304,599,69,,29-01-2024,30-01-2024,29-02-2024,27-02-2024,10,5.0,79669.85,Paid
1305,989,22,Rep_18,01-05-2024,01-05-2024,31-05-2024,31-05-2024,8,0.0,6738.8,Paid
1306,63,3,Rep_1,11-07-2025,11-07-2025,10-08-2025,12-08-2025,6,20.0,39771.74,Paid
1307,553,74,Rep_27,22-07-2025,22-07-2025,21-08-2025,,1,10.0,7881.96,Pending
1308,243,80,Rep_28,01-09-2025,03-09-2025,03-10-2025,12-10-2025,2,20.0,6003.6,Paid
1309,153,58,Rep_13,14-01-2025,14-01-2025,13-02-2025,14-02-2025,1,10.0,2420.77,Paid
1310,910,100,Rep_9,02-09-2025,03-09-2025,03-10-2025,01-10-2025,6,15.0,17077.91,Paid
1311,197,57,Rep_16,08-07-2025,10-07-2025,09-08-2025,27-09-2025,7,15.0,4343.5,Late
1312,935,3,Rep_25,31-10-2025,31-10-2025,30-11-2025,30-11-2025,7,0.0,58000.46,Paid
1313,382,89,Rep_2,05-05-2024,05-05-2024,04-06-2024,06-06-2024,5,10.0,8474.09,Paid
1314,281,86,Rep_13,17-12-2024,18-12-2024,17-01-2025,21-01-2025,6,5.0,27831.33,Paid
1315,797,17,Rep_5,29-04-2024,30-04-2024,30-05-2024,,10,20.0,61859.52,Pending
1316,436,99,Rep_7,01-07-2024,01-07-2024,31-07-2024,,3,0.0,5318.49,Pending
1317,664,85,Rep_10,28-10-2024,29-10-2024,28-11-2024,14-01-2025,8,10.0,16972.99,Late
1318,702,42,Rep_27,16-01-2025,18-01-2025,17-02-2025,21-02-2025,6,5.0,59661.67,Paid
1319,231,41,Rep_6,07-01-2024,08-01-2024,07-02-2024,17-03-2024,5,10.0,16015.82,Late
1320,883,77,Rep_3,27-02-2024,27-02-2024,28-03-2024,23-05-2024,3,5.0,2640.7,Late
1321,798,61,Rep_18,30-08-2024,01-09-2024,01-10-2024,06-10-2024,8,5.0,5667.09,Paid
1322,750,32,Rep_19,24-09-2025,25-09-2025,25-10-2025,03-11-2025,6,20.0,13358.54,Paid
1323,175,88,Rep_11,20-12-2024,20-12-2024,19-01-2025,11-03-2025,2,15.0,10615.14,Late
1324,630,11,Rep_3,04-04-2025,04-04-2025,04-05-2025,02-05-2025,9,0.0,18158.67,Paid
1325,466,40,Rep_28,02-10-2024,03-10-2024,02-11-2024,05-11-2024,4,10.0,19841.98,Paid
1326,762,94,Rep_23,29-10-2024,29-10-2024,28-11-2024,21-02-2025,8,0.0,22214.4,Late
1327,585,59,Rep_17,23-07-2024,24-07-2024,23-08-2024,30-08-2024,4,0.0,11859.8,Paid
1328,228,25,Rep_17,07-05-2024,09-05-2024,08-06-2024,07-06-2024,2,5.0,860.3,Paid
1329,187,55,Rep_6,08-02-2024,10-02-2024,11-03-2024,17-03-2024,3,20.0,13731.02,Paid
1330,487,26,Rep_4,10-01-2024,11-01-2024,10-02-2024,08-04-2024,3,10.0,23266.28,Late
1331,314,53,Rep_17,30-11-2024,02-12-2024,01-01-2025,04-01-2025,4,15.0,15019.43,Paid
1332,110,46,Rep_16,11-03-2025,13-03-2025,12-04-2025,14-04-2025,5,15.0,3544.2,Paid
1333,388,21,Rep_5,29-08-2025,30-08-2025,29-09-2025,28-09-2025,5,5.0,22189.53,Paid
1334,590,33,Rep_4,20-01-2025,22-01-2025,21-02-2025,09-04-2025,6,0.0,8860.02,Late
1335,610,71,Rep_23,14-12-2024,15-12-2024,14-01-2025,12-01-2025,9,5.0,3996.01,Paid
1336,609,53,Rep_17,10-11-2025,12-11-2025,12-12-2025,14-12-2025,3,10.0,11927.2,Paid
1337,305,80,Rep_29,17-11-2025,19-11-2025,19-12-2025,25-02-2026,6,15.0,19136.47,Late
1338,794,63,Rep_27,02-12-2024,04-12-2024,03-01-2025,25-02-2025,9,5.0,14281.32,Late
1339,184,19,Rep_10,14-03-2024,15-03-2024,14-04-2024,13-06-2024,9,20.0,67520.23,Late
1340,193,82,Rep_17,15-09-2025,16-09-2025,16-10-2025,,8,0.0,31713.12,Pending
1341,989,34,Rep_6,02-12-2024,02-12-2024,01-01-2025,23-03-2025,4,15.0,13554.03,Late
1342,401,67,Rep_25,17-04-2024,17-04-2024,17-05-2024,18-05-2024,1,5.0,3349.04,Paid
1343,550,15,Rep_11,24-03-2024,26-03-2024,25-04-2024,30-04-2024,9,0.0,55587.78,Paid
1344,909,3,Rep_19,24-09-2025,26-09-2025,26-10-2025,,10,5.0,78714.91,Pending
1345,324,19,Rep_12,27-07-2025,28-07-2025,27-08-2025,,10,5.0,89089.2,Pending
1346,849,85,Rep_22,16-11-2024,18-11-2024,18-12-2024,28-12-2024,1,15.0,2003.76,Paid
1347,130,87,Rep_3,08-02-2025,08-02-2025,10-03-2025,17-04-2025,2,20.0,2640.05,Late
1348,982,69,Rep_8,08-05-2024,10-05-2024,09-06-2024,,5,5.0,39834.92,BadDebt
1349,44,74,Rep_11,01-03-2024,03-03-2024,02-04-2024,08-04-2024,2,20.0,14012.37,Paid
1350,139,39,Rep_13,05-08-2024,07-08-2024,06-09-2024,10-09-2024,2,10.0,13107.44,Paid
1351,144,57,Rep_8,21-03-2024,21-03-2024,20-04-2024,26-04-2024,10,15.0,6205.0,Paid
1352,62,91,Rep_10,08-01-2024,10-01-2024,09-02-2024,12-02-2024,7,0.0,61397.56,Paid
1353,253,12,Rep_12,28-10-2025,29-10-2025,28-11-2025,,7,5.0,68031.03,Pending
1354,899,15,Rep_30,13-04-2024,14-04-2024,14-05-2024,18-05-2024,10,0.0,61764.2,Paid
1355,498,24,Rep_21,12-04-2025,12-04-2025,12-05-2025,,9,20.0,26080.06,Pending
1356,5,44,Rep_23,12-09-2024,13-09-2024,13-10-2024,12-10-2024,7,10.0,30905.91,Paid
1357,79,5,Rep_28,17-04-2024,19-04-2024,19-05-2024,,8,10.0,7373.09,BadDebt
1358,942,39,,23-02-2025,24-02-2025,26-03-2025,29-03-2025,2,0.0,14563.82,Paid
1359,503,28,Rep_17,09-01-2024,10-01-2024,09-02-2024,13-02-2024,4,15.0,13683.74,Paid
1360,270,82,Rep_26,22-09-2024,24-09-2024,24-10-2024,23-10-2024,9,20.0,28541.81,Paid
1361,23,74,Rep_28,25-02-2025,27-02-2025,29-03-2025,25-05-2025,8,15.0,59552.56,Late
1362,881,78,Rep_25,03-10-2025,05-10-2025,04-11-2025,,10,5.0,63642.88,Pending
1363,962,79,Rep_8,05-06-2025,06-06-2025,06-07-2025,30-09-2025,6,10.0,8736.44,Late
1364,786,43,Rep_29,04-07-2025,06-07-2025,05-08-2025,,3,15.0,530.6,Pending
1365,658,55,Rep_25,20-07-2025,22-07-2025,21-08-2025,,2,15.0,9726.14,BadDebt
1366,208,40,Rep_16,01-08-2024,03-08-2024,02-09-2024,08-09-2024,2,20.0,8818.66,Paid
1367,766,46,Rep_27,08-06-2025,08-06-2025,08-07-2025,21-08-2025,7,10.0,5253.76,Late
1368,239,92,Rep_28,09-01-2024,11-01-2024,10-02-2024,09-02-2024,6,5.0,24744.61,Paid
1369,24,24,Rep_3,12-07-2025,12-07-2025,11-08-2025,14-08-2025,5,5.0,17205.59,Paid
1370,175,30,Rep_9,28-03-2024,30-03-2024,29-04-2024,07-05-2024,6,15.0,10132.02,Paid
1371,68,3,Rep_6,27-02-2024,29-02-2024,30-03-2024,08-04-2024,10,10.0,74572.02,Paid
1372,800,31,Rep_21,18-07-2025,20-07-2025,19-08-2025,26-08-2025,8,20.0,29759.94,Paid
1373,148,97,Rep_13,10-10-2024,12-10-2024,11-11-2024,,1,20.0,6113.09,Pending
1374,887,74,Rep_6,20-02-2025,20-02-2025,22-03-2025,25-03-2025,2,15.0,14888.14,Paid
1375,272,89,Rep_2,23-10-2025,25-10-2025,24-11-2025,28-11-2025,2,0.0,3766.26,Paid
1376,313,49,Rep_18,22-06-2025,23-06-2025,23-07-2025,27-07-2025,4,0.0,30334.48,Paid
1377,712,84,Rep_25,22-06-2024,22-06-2024,22-07-2024,,3,0.0,2810.49,Pending
1378,401,54,Rep_15,18-05-2024,18-05-2024,17-06-2024,18-06-2024,7,20.0,37341.7,Paid
1379,321,4,Rep_15,02-03-2024,02-03-2024,01-04-2024,01-04-2024,6,20.0,14092.99,Paid
1380,473,12,Rep_27,13-07-2024,13-07-2024,12-08-2024,12-08-2024,3,0.0,30690.69,Paid
1381,43,96,Rep_1,05-06-2025,06-06-2025,06-07-2025,,7,15.0,47464.46,Pending
1382,260,41,Rep_18,27-12-2025,28-12-2025,27-01-2026,18-04-2026,2,15.0,6050.42,Late
1383,988,9,Rep_5,30-04-2025,30-04-2025,30-05-2025,01-06-2025,4,15.0,705.91,Paid
1384,778,39,Rep_6,27-10-2024,27-10-2024,26-11-2024,26-11-2024,2,15.0,12379.25,Paid
1385,602,35,Rep_27,25-03-2024,25-03-2024,24-04-2024,,1,20.0,4794.76,Pending
1386,863,61,Rep_8,03-07-2024,04-07-2024,03-08-2024,04-08-2024,3,15.0,1901.46,Paid
1387,482,53,Rep_12,21-03-2024,23-03-2024,22-04-2024,24-04-2024,9,0.0,39757.32,Paid
1388,368,75,Rep_4,07-07-2025,08-07-2025,07-08-2025,05-08-2025,3,0.0,22681.41,Paid
1389,953,69,Rep_26,18-08-2025,18-08-2025,17-09-2025,21-09-2025,9,15.0,64155.19,Paid
1390,424,33,Rep_2,05-05-2025,07-05-2025,06-06-2025,12-06-2025,7,5.0,9819.86,Paid
1391,513,68,Rep_18,02-10-2024,03-10-2024,02-11-2024,31-10-2024,9,5.0,81937.56,Paid
1392,579,15,Rep_2,08-08-2025,08-08-2025,07-09-2025,14-09-2025,10,5.0,58675.99,Paid
1393,585,95,Rep_9,25-06-2025,25-06-2025,25-07-2025,03-08-2025,3,5.0,2838.14,Paid
1394,523,56,Rep_19,03-10-2024,04-10-2024,03-11-2024,,1,20.0,2011.66,Pending
1395,421,41,Rep_7,07-10-2024,08-10-2024,07-11-2024,16-11-2024,1,5.0,3381.12,Paid
1396,504,88,Rep_1,31-05-2024,31-05-2024,30-06-2024,03-07-2024,1,5.0,5931.99,Paid
1397,532,49,Rep_1,11-09-2024,12-09-2024,12-10-2024,07-12-2024,8,5.0,57635.51,Late
1398,586,99,Rep_28,04-08-2025,04-08-2025,03-09-2025,02-09-2025,7,0.0,12409.81,Paid
1399,394,73,Rep_19,04-10-2025,04-10-2025,03-11-2025,12-12-2025,8,5.0,27489.5,Late
1400,968,99,Rep_26,14-08-2025,16-08-2025,15-09-2025,24-09-2025,10,0.0,17728.3,Paid
1401,308,70,Rep_30,25-03-2024,27-03-2024,26-04-2024,28-04-2024,7,5.0,56919.15,Paid
1402,862,76,Rep_8,11-06-2025,12-06-2025,12-07-2025,13-07-2025,7,0.0,70275.38,Paid
1403,85,13,Rep_11,19-06-2025,19-06-2025,19-07-2025,27-07-2025,10,20.0,53770.88,Paid
1404,778,74,Rep_7,12-11-2024,12-11-2024,12-12-2024,,4,10.0,31527.83,BadDebt
1405,245,36,Rep_29,26-02-2025,27-02-2025,29-03-2025,01-04-2025,7,20.0,5005.22,Paid
1406,884,52,Rep_21,18-03-2025,19-03-2025,18-04-2025,16-04-2025,2,0.0,14634.44,Paid
1407,830,18,Rep_17,24-12-2025,26-12-2025,25-01-2026,,9,5.0,18707.91,Pending
1408,945,99,Rep_29,22-10-2024,22-10-2024,21-11-2024,25-11-2024,3,0.0,5318.49,Paid
1409,269,89,Rep_30,28-11-2024,28-11-2024,28-12-2024,07-01-2025,6,5.0,10733.84,Paid
1410,466,3,Rep_11,09-01-2024,10-01-2024,09-02-2024,16-02-2024,2,20.0,13257.25,Paid
1411,119,88,Rep_28,04-03-2025,04-03-2025,03-04-2025,13-04-2025,6,10.0,33718.68,Paid
1412,118,5,Rep_2,03-03-2024,04-03-2024,03-04-2024,04-04-2024,1,10.0,921.64,Paid
1413,576,32,Rep_5,18-06-2025,18-06-2025,18-07-2025,16-07-2025,2,5.0,5287.76,Paid
1414,948,81,Rep_1,13-03-2025,13-03-2025,12-04-2025,12-04-2025,1,10.0,1140.33,Paid
1415,440,56,Rep_29,28-11-2024,28-11-2024,28-12-2024,,5,10.0,11315.56,Pending
1416,182,19,Rep_3,26-03-2025,27-03-2025,26-04-2025,,5,15.0,39855.69,BadDebt
1417,8,47,Rep_9,26-05-2025,28-05-2025,27-06-2025,06-09-2025,4,10.0,9689.83,Late
1418,572,54,Rep_25,26-03-2024,27-03-2024,26-04-2024,,9,5.0,57012.77,BadDebt
1419,696,17,Rep_28,14-04-2025,16-04-2025,16-05-2025,,7,15.0,46008.02,Pending
1420,829,50,Rep_20,25-12-2024,27-12-2024,26-01-2025,07-03-2025,3,10.0,4390.96,Late
1421,906,53,Rep_3,12-07-2025,13-07-2025,12-08-2025,14-08-2025,10,10.0,39757.32,Paid
1422,593,8,Rep_19,16-10-2025,16-10-2025,15-11-2025,13-11-2025,7,0.0,57666.84,Paid
1423,309,19,Rep_14,08-05-2024,08-05-2024,07-06-2024,09-06-2024,4,10.0,33760.12,Paid
1424,772,49,Rep_14,14-07-2025,14-07-2025,13-08-2025,,3,0.0,22750.86,Pending
1425,620,95,Rep_9,30-12-2024,30-12-2024,29-01-2025,05-02-2025,3,0.0,2987.52,Paid
1426,659,12,Rep_17,06-05-2024,06-05-2024,05-06-2024,12-06-2024,8,5.0,77749.75,Paid
1427,256,1,Rep_28,15-11-2025,16-11-2025,16-12-2025,17-12-2025,6,20.0,26024.26,Paid
1428,184,93,Rep_13,07-03-2024,09-03-2024,08-04-2024,15-04-2024,7,20.0,10144.23,Paid
1429,793,3,Rep_12,21-12-2024,21-12-2024,20-01-2025,22-02-2025,3,0.0,24857.34,Late
1430,673,96,Rep_2,12-10-2024,12-10-2024,11-11-2024,23-12-2024,4,0.0,31908.88,Late
1431,762,68,Rep_21,10-03-2025,10-03-2025,09-04-2025,25-05-2025,8,5.0,72833.38,Late
1432,395,7,Rep_19,29-02-2024,29-02-2024,30-03-2024,08-04-2024,4,0.0,2808.12,Paid
1433,935,7,Rep_16,23-03-2024,23-03-2024,22-04-2024,25-05-2024,1,5.0,666.93,Late
1434,247,14,Rep_24,07-12-2025,08-12-2025,07-01-2026,16-03-2026,8,20.0,19208.45,Late
1435,646,97,Rep_19,01-02-2025,01-02-2025,03-03-2025,25-04-2025,10,0.0,76413.6,Late
1436,866,82,Rep_15,22-04-2025,24-04-2025,24-05-2025,27-05-2025,1,0.0,3964.14,Paid
1437,346,68,Rep_27,18-06-2024,20-06-2024,20-07-2024,25-07-2024,3,20.0,23000.02,Paid
1438,763,1,Rep_14,27-04-2025,27-04-2025,27-05-2025,04-08-2025,1,5.0,5150.63,Late
1439,29,71,Rep_22,07-12-2025,09-12-2025,08-01-2026,15-01-2026,8,5.0,3552.01,Paid
1440,777,76,Rep_27,10-10-2025,11-10-2025,10-11-2025,15-11-2025,2,20.0,16062.94,Paid
1441,459,54,Rep_22,27-07-2025,27-07-2025,26-08-2025,,1,5.0,6334.75,Pending
1442,563,47,Rep_9,26-12-2024,27-12-2024,26-01-2025,,9,0.0,24224.58,Pending
1443,301,25,Rep_2,18-05-2024,18-05-2024,17-06-2024,,3,5.0,1290.45,Pending
1444,394,78,Rep_26,15-11-2025,16-11-2025,16-12-2025,21-12-2025,5,15.0,28471.81,Paid
1445,700,46,Rep_29,08-03-2024,09-03-2024,08-04-2024,07-04-2024,4,20.0,2668.58,Paid
1446,92,42,Rep_16,26-02-2024,28-02-2024,29-03-2024,02-04-2024,5,5.0,49718.06,Paid
1447,223,26,Rep_7,07-01-2025,07-01-2025,06-02-2025,,9,10.0,69798.83,BadDebt
1448,712,15,Rep_10,26-09-2025,28-09-2025,28-10-2025,,10,5.0,58675.99,Pending
1449,226,4,Rep_11,11-01-2024,12-01-2024,11-02-2024,,7,20.0,16441.82,Pending
1450,48,19,Rep_23,13-04-2024,14-04-2024,14-05-2024,,7,15.0,55797.97,Pending
1451,398,90,Rep_18,24-10-2024,25-10-2024,24-11-2024,09-01-2025,4,20.0,18089.89,Late
1452,4,42,Rep_5,18-01-2024,18-01-2024,17-02-2024,,5,15.0,44484.58,Pending
1453,840,75,Rep_30,10-03-2025,10-03-2025,09-04-2025,10-04-2025,9,10.0,61239.81,Paid
1454,141,70,Rep_12,19-03-2024,20-03-2024,19-04-2024,,6,0.0,51355.62,Pending
1455,510,65,Rep_24,10-04-2024,11-04-2024,11-05-2024,11-05-2024,7,0.0,22242.99,Paid
1456,158,38,Rep_15,26-10-2024,27-10-2024,26-11-2024,18-02-2025,6,10.0,20829.74,Late
1457,367,9,Rep_13,28-03-2025,28-03-2025,27-04-2025,28-04-2025,1,20.0,166.1,Paid
1458,773,84,Rep_16,07-05-2025,09-05-2025,08-06-2025,,4,15.0,3185.22,BadDebt
1459,234,68,Rep_11,17-01-2024,17-01-2024,16-02-2024,,5,0.0,47916.7,Pending
1460,688,24,Rep_13,27-01-2025,27-01-2025,26-02-2025,26-02-2025,6,10.0,19560.04,Paid
1461,915,58,Rep_5,09-07-2024,11-07-2024,10-08-2024,12-08-2024,1,15.0,2286.28,Paid
1462,669,49,Rep_30,30-11-2025,30-11-2025,30-12-2025,29-12-2025,4,10.0,27301.03,Paid
1463,428,89,Rep_20,21-05-2024,22-05-2024,21-06-2024,22-06-2024,9,15.0,14405.94,Paid
1464,918,86,Rep_23,11-12-2025,11-12-2025,10-01-2026,15-03-2026,9,15.0,37352.58,Late
1465,380,100,Rep_19,28-08-2024,29-08-2024,28-09-2024,08-10-2024,1,20.0,2678.89,Paid
1466,86,42,Rep_24,02-09-2025,03-09-2025,03-10-2025,05-10-2025,1,10.0,9420.26,Paid
1467,462,8,Rep_14,30-04-2025,02-05-2025,01-06-2025,06-06-2025,8,10.0,59314.46,Paid
1468,601,91,Rep_28,29-01-2024,29-01-2024,28-02-2024,02-05-2024,5,5.0,41662.63,Late
1469,858,17,Rep_4,11-04-2025,13-04-2025,13-05-2025,11-05-2025,3,5.0,22037.45,Paid
1470,856,60,Rep_4,14-01-2025,16-01-2025,15-02-2025,,7,20.0,25980.86,Pending
1471,59,100,Rep_18,28-10-2024,28-10-2024,27-11-2024,03-12-2024,6,0.0,20091.66,Paid
1472,567,30,Rep_28,03-02-2024,04-02-2024,05-03-2024,04-03-2024,7,20.0,11125.35,Paid
1473,192,4,Rep_29,03-07-2024,05-07-2024,04-08-2024,11-08-2024,9,0.0,26424.36,Paid
1474,695,51,Rep_15,02-10-2024,03-10-2024,02-11-2024,06-12-2024,7,20.0,54431.72,Late
1475,909,98,Rep_2,20-01-2024,20-01-2024,19-02-2024,26-03-2024,7,5.0,7886.9,Late
1476,702,2,Rep_30,03-02-2024,04-02-2024,05-03-2024,06-03-2024,3,15.0,21520.65,Paid
1477,592,29,Rep_1,25-04-2024,26-04-2024,26-05-2024,28-05-2024,8,15.0,35852.73,Paid
1478,981,73,Rep_20,03-02-2024,05-02-2024,06-03-2024,09-03-2024,5,0.0,18085.2,Paid
1479,838,71,Rep_6,28-11-2024,28-11-2024,28-12-2024,29-12-2024,10,5.0,4440.01,Paid
1480,506,24,Rep_2,07-07-2025,07-07-2025,06-08-2025,13-08-2025,2,15.0,6157.79,Paid
1481,791,73,Rep_27,15-03-2025,15-03-2025,14-04-2025,18-04-2025,7,15.0,21521.39,Paid
1482,884,22,Rep_21,20-07-2025,22-07-2025,21-08-2025,22-08-2025,10,15.0,7159.98,Paid
1483,24,58,Rep_16,01-01-2024,03-01-2024,02-02-2024,,7,10.0,16945.36,Pending
1484,772,53,Rep_6,23-01-2024,23-01-2024,22-02-2024,20-02-2024,2,20.0,7067.97,Paid
1485,80,48,Rep_6,02-11-2024,02-11-2024,02-12-2024,04-12-2024,5,20.0,20215.84,Paid
1486,357,25,Rep_26,10-09-2024,10-09-2024,10-10-2024,10-10-2024,4,10.0,1630.04,Paid
1487,668,43,Rep_23,18-12-2024,18-12-2024,17-01-2025,26-01-2025,4,10.0,749.09,Paid
1488,35,29,Rep_25,18-02-2025,20-02-2025,22-03-2025,28-03-2025,9,10.0,42706.93,Paid
1489,198,21,Rep_18,28-10-2024,28-10-2024,27-11-2024,27-11-2024,10,15.0,39707.58,Paid
1490,578,96,Rep_19,05-07-2025,07-07-2025,06-08-2025,06-08-2025,5,10.0,35897.49,Paid
1491,799,43,Rep_4,04-09-2025,05-09-2025,05-10-2025,12-10-2025,10,20.0,1664.64,Paid
1492,991,64,Rep_3,15-02-2025,15-02-2025,17-03-2025,22-03-2025,5,20.0,16374.8,Paid
1493,394,24,Rep_26,01-09-2025,02-09-2025,02-10-2025,09-10-2025,4,15.0,12315.58,Paid
1494,136,24,Rep_13,09-02-2025,10-02-2025,12-03-2025,13-03-2025,2,15.0,6157.79,Paid
1495,434,36,Rep_29,29-04-2025,30-04-2025,30-05-2025,05-06-2025,7,10.0,5630.88,Paid
1496,27,80,Rep_6,11-03-2025,11-03-2025,10-04-2025,20-04-2025,4,0.0,15009.0,Paid
1497,901,69,Rep_4,02-10-2024,03-10-2024,02-11-2024,,5,0.0,41931.5,Pending
1498,708,30,Rep_21,05-12-2024,06-12-2024,05-01-2025,04-01-2025,5,5.0,9436.68,Paid
1499,244,86,Rep_9,20-02-2024,22-02-2024,23-03-2024,,8,20.0,31249.22,Pending
1500,998,17,Rep_8,18-01-2025,20-01-2025,19-02-2025,16-05-2025,3,5.0,22037.45,Late
1501,261,81,Rep_1,22-11-2025,23-11-2025,23-12-2025,26-02-2026,2,20.0,2027.25,Late
1502,556,62,Rep_29,19-05-2025,19-05-2025,18-06-2025,26-06-2025,7,20.0,39716.77,Paid
1503,175,76,Rep_15,26-08-2025,28-08-2025,27-09-2025,26-09-2025,6,20.0,48188.83,Paid
1504,682,38,Rep_17,19-03-2025,20-03-2025,19-04-2025,25-04-2025,6,20.0,18515.33,Paid
1505,757,70,Rep_1,24-06-2024,25-06-2024,25-07-2024,03-08-2024,8,5.0,65050.45,Paid
1506,273,51,Rep_28,08-05-2025,08-05-2025,07-06-2025,17-06-2025,3,10.0,26243.86,Paid
1507,896,41,Rep_28,17-01-2025,17-01-2025,16-02-2025,13-04-2025,3,20.0,8541.77,Late
1508,774,14,Rep_18,30-06-2025,30-06-2025,30-07-2025,09-08-2025,7,5.0,19958.78,Paid
1509,604,98,Rep_3,14-09-2024,14-09-2024,14-10-2024,13-10-2024,3,5.0,3380.1,Paid
1510,588,23,Rep_15,31-08-2025,31-08-2025,30-09-2025,08-12-2025,7,15.0,17375.61,Late
1511,420,52,Rep_6,01-01-2024,02-01-2024,01-02-2024,,6,0.0,43903.32,Pending
1512,857,37,Rep_3,24-10-2025,24-10-2025,23-11-2025,24-11-2025,10,0.0,67715.1,Paid
1513,252,48,Rep_19,24-07-2024,26-07-2024,25-08-2024,25-08-2024,3,10.0,13645.69,Paid
1514,873,1,Rep_2,12-12-2025,12-12-2025,11-01-2026,09-01-2026,9,5.0,46355.71,Paid
1515,288,52,Rep_13,23-04-2024,25-04-2024,25-05-2024,17-08-2024,1,15.0,6219.64,Late
1516,726,68,Rep_9,31-12-2025,01-01-2026,31-01-2026,07-02-2026,6,5.0,54625.04,Paid
1517,456,55,Rep_4,05-11-2025,05-11-2025,05-12-2025,,2,5.0,10870.39,Pending
1518,960,80,Rep_13,22-09-2024,23-09-2024,23-10-2024,20-12-2024,5,5.0,17823.19,Late
1519,922,37,Rep_16,29-04-2024,01-05-2024,31-05-2024,31-05-2024,8,15.0,46046.27,Paid
1520,916,97,Rep_2,02-02-2024,03-02-2024,04-03-2024,,4,10.0,27508.9,Pending
1521,902,55,Rep_3,12-03-2024,13-03-2024,12-04-2024,15-04-2024,2,20.0,9154.02,Paid
1522,507,80,Rep_8,22-09-2025,24-09-2025,24-10-2025,26-10-2025,3,0.0,11256.75,Paid
1523,274,99,Rep_11,30-09-2024,30-09-2024,30-10-2024,10-12-2024,4,10.0,6382.19,Late
1524,514,50,Rep_25,09-08-2025,10-08-2025,09-09-2025,19-09-2025,1,5.0,1544.97,Paid
1525,764,29,Rep_17,22-01-2025,22-01-2025,21-02-2025,28-02-2025,1,10.0,4745.21,Paid
1526,724,35,Rep_11,05-03-2024,07-03-2024,06-04-2024,04-04-2024,10,10.0,53941.05,Paid
1527,321,62,Rep_20,01-10-2024,01-10-2024,31-10-2024,09-11-2024,5,5.0,33688.33,Paid
1528,818,5,Rep_28,18-08-2025,18-08-2025,17-09-2025,16-09-2025,5,15.0,4352.17,Paid
1529,421,95,Rep_2,06-04-2024,07-04-2024,07-05-2024,13-05-2024,9,10.0,8066.3,Paid
1530,385,11,Rep_28,09-07-2025,10-07-2025,09-08-2025,02-11-2025,6,15.0,10289.91,Late
1531,696,50,Rep_3,27-08-2024,28-08-2024,27-09-2024,07-10-2024,2,10.0,2927.3,Paid
1532,837,67,Rep_6,15-09-2025,17-09-2025,17-10-2025,15-10-2025,3,15.0,8989.52,Paid
1533,113,2,Rep_8,13-06-2025,14-06-2025,14-07-2025,23-07-2025,8,20.0,54012.61,Paid
1534,771,55,Rep_14,04-02-2024,05-02-2024,06-03-2024,,4,5.0,21740.79,Pending
1535,252,28,Rep_26,28-01-2024,29-01-2024,28-02-2024,04-03-2024,4,0.0,16098.52,Paid
1536,124,71,Rep_20,18-05-2024,18-05-2024,17-06-2024,13-08-2024,7,15.0,2780.85,Late
1537,525,58,Rep_26,04-06-2025,06-06-2025,06-07-2025,09-07-2025,4,20.0,8607.17,Paid
1538,397,61,Rep_13,29-07-2024,31-07-2024,30-08-2024,01-09-2024,3,20.0,1789.61,Paid
1539,865,41,Rep_4,14-10-2025,15-10-2025,14-11-2025,07-02-2026,5,20.0,14236.28,Late
1540,61,34,Rep_15,25-10-2025,27-10-2025,26-11-2025,05-12-2025,2,20.0,6378.37,Paid
1541,401,27,Rep_26,10-07-2024,10-07-2024,09-08-2024,04-10-2024,3,20.0,3631.87,Late
1542,182,99,Rep_5,05-06-2025,07-06-2025,07-07-2025,14-07-2025,9,5.0,15157.7,Paid
1543,331,99,Rep_10,27-07-2024,27-07-2024,26-08-2024,31-08-2024,1,20.0,1418.26,Paid
1544,176,52,Rep_3,24-08-2025,25-08-2025,24-09-2025,25-09-2025,10,20.0,58537.76,Paid
1545,244,42,Rep_25,05-11-2024,07-11-2024,07-12-2024,,10,0.0,104669.6,BadDebt
1546,429,58,Rep_1,28-01-2024,29-01-2024,28-02-2024,27-02-2024,10,10.0,24207.66,Paid
1547,622,68,Rep_26,15-06-2024,16-06-2024,16-07-2024,22-07-2024,5,5.0,45520.86,Paid
1548,695,95,Rep_1,18-03-2024,19-03-2024,18-04-2024,26-05-2024,7,15.0,5925.25,Late
1549,386,83,Rep_21,04-10-2024,06-10-2024,05-11-2024,04-11-2024,6,20.0,10739.81,Paid
1550,904,99,Rep_15,17-08-2025,19-08-2025,18-09-2025,26-09-2025,9,0.0,15955.47,Paid
1551,118,61,Rep_2,25-02-2024,27-02-2024,28-03-2024,,7,10.0,4697.72,BadDebt
1552,526,81,Rep_6,06-07-2025,06-07-2025,05-08-2025,04-08-2025,8,5.0,9629.43,Paid
1553,425,71,Rep_1,27-06-2024,29-06-2024,29-07-2024,,5,10.0,2103.16,Pending
1554,20,59,Rep_15,30-05-2024,01-06-2024,01-07-2024,08-07-2024,6,20.0,14231.76,Paid
1555,91,10,Rep_6,05-03-2025,07-03-2025,06-04-2025,13-04-2025,2,20.0,8143.01,Paid
1556,416,51,Rep_15,15-05-2024,15-05-2024,14-06-2024,20-06-2024,3,0.0,29159.85,Paid
1557,776,23,Rep_20,07-03-2025,07-03-2025,06-04-2025,08-04-2025,5,10.0,13141.22,Paid
1558,667,24,Rep_24,19-10-2025,20-10-2025,19-11-2025,25-11-2025,8,0.0,28977.84,Paid
1559,830,85,Rep_19,04-11-2025,04-11-2025,04-12-2025,12-12-2025,6,5.0,13436.95,Paid
1560,949,20,Rep_13,16-08-2024,17-08-2024,16-09-2024,14-09-2024,3,20.0,4896.02,Paid
1561,950,91,Rep_10,01-03-2024,01-03-2024,31-03-2024,08-04-2024,8,0.0,70168.64,Paid
1562,326,18,Rep_3,07-12-2025,08-12-2025,07-01-2026,10-01-2026,4,15.0,7439.4,Paid
1563,835,57,Rep_4,11-01-2025,12-01-2025,11-02-2025,12-02-2025,7,10.0,4599.0,Paid
1564,735,73,Rep_7,07-04-2025,08-04-2025,08-05-2025,11-05-2025,5,15.0,15372.42,Paid
1565,237,55,Rep_19,09-02-2024,10-02-2024,11-03-2024,16-03-2024,10,20.0,45770.08,Paid
1566,382,75,Rep_6,13-11-2024,15-11-2024,15-12-2024,14-03-2025,3,5.0,21547.34,Late
1567,397,24,Rep_15,18-06-2024,19-06-2024,19-07-2024,19-07-2024,1,15.0,3078.9,Paid
1568,583,75,Rep_24,21-02-2025,21-02-2025,23-03-2025,26-03-2025,7,20.0,42338.63,Paid
1569,975,94,Rep_15,15-07-2025,15-07-2025,14-08-2025,24-08-2025,9,15.0,21242.52,Paid
1570,462,79,Rep_9,10-07-2024,11-07-2024,10-08-2024,,7,0.0,11325.02,Pending
1571,51,67,Rep_25,14-09-2024,16-09-2024,16-10-2024,22-11-2024,6,5.0,20094.21,Late
1572,159,17,Rep_22,16-02-2025,16-02-2025,18-03-2025,17-03-2025,5,10.0,34795.98,Paid
1573,953,52,Rep_24,30-05-2024,01-06-2024,01-07-2024,05-08-2024,5,5.0,34756.8,Late
1574,73,28,Rep_21,03-11-2024,03-11-2024,03-12-2024,09-12-2024,10,15.0,34209.36,Paid
1575,482,17,Rep_26,03-02-2024,05-02-2024,06-03-2024,10-03-2024,6,15.0,39435.44,Paid
1576,715,18,Rep_11,30-10-2024,30-10-2024,29-11-2024,08-12-2024,3,0.0,6564.18,Paid
1577,32,73,Rep_20,11-05-2025,12-05-2025,11-06-2025,21-06-2025,2,20.0,5787.26,Paid
1578,938,73,Rep_3,12-07-2025,12-07-2025,11-08-2025,14-08-2025,7,20.0,20255.42,Paid
1579,374,32,Rep_11,05-10-2025,05-10-2025,04-11-2025,08-11-2025,7,0.0,19481.21,Paid
1580,157,97,Rep_10,29-10-2025,31-10-2025,30-11-2025,10-12-2025,5,0.0,38206.8,Paid
1581,124,91,Rep_4,16-06-2024,17-06-2024,17-07-2024,16-07-2024,4,15.0,29821.67,Paid
1582,509,63,Rep_3,22-05-2025,22-05-2025,21-06-2025,20-06-2025,8,10.0,12026.38,Paid
1583,781,85,Rep_17,02-07-2024,02-07-2024,01-08-2024,04-08-2024,10,20.0,18858.88,Paid
1584,216,59,Rep_10,11-02-2024,11-02-2024,12-03-2024,12-03-2024,5,10.0,13342.28,Paid
1585,1,100,Rep_11,04-10-2024,05-10-2024,04-11-2024,09-11-2024,9,15.0,25616.87,Paid
1586,946,1,Rep_30,09-12-2025,10-12-2025,09-01-2026,08-01-2026,10,0.0,54217.2,Paid
1587,874,100,Rep_12,31-12-2024,31-12-2024,30-01-2025,31-01-2025,3,20.0,8036.66,Paid
1588,995,33,Rep_18,07-02-2024,09-02-2024,10-03-2024,15-05-2024,6,20.0,7088.02,Late
1589,747,95,Rep_20,07-04-2024,08-04-2024,08-05-2024,,8,10.0,7170.05,Pending
1590,375,32,Rep_10,08-09-2025,10-09-2025,10-10-2025,14-10-2025,1,15.0,2365.58,Paid
1591,252,2,Rep_25,14-11-2024,15-11-2024,15-12-2024,,2,20.0,13503.15,Pending
1592,946,92,Rep_13,13-07-2025,13-07-2025,12-08-2025,22-08-2025,9,0.0,39070.44,Paid
1593,786,95,Rep_23,10-02-2024,10-02-2024,11-03-2024,17-03-2024,9,15.0,7618.18,Paid
1594,676,57,Rep_29,30-06-2025,02-07-2025,01-08-2025,05-08-2025,6,5.0,4161.0,Paid
1595,709,56,Rep_2,27-12-2025,29-12-2025,28-01-2026,29-01-2026,4,10.0,9052.45,Paid
1596,620,60,Rep_27,03-11-2024,04-11-2024,04-12-2024,,9,20.0,33403.97,Pending
1597,44,65,Rep_23,11-09-2025,13-09-2025,13-10-2025,11-10-2025,10,5.0,30186.92,Paid
1598,717,79,Rep_22,04-04-2024,06-04-2024,06-05-2024,28-07-2024,5,5.0,7684.83,Late
1599,149,50,Rep_11,22-01-2025,22-01-2025,21-02-2025,27-02-2025,5,20.0,6505.12,Paid
1600,409,31,Rep_26,09-07-2024,11-07-2024,10-08-2024,17-08-2024,7,0.0,32549.93,Paid
1601,163,19,Rep_12,19-01-2024,20-01-2024,19-02-2024,24-02-2024,1,15.0,7971.14,Paid
1602,304,62,Rep_3,15-12-2025,15-12-2025,14-01-2026,,3,5.0,20213.0,Pending
1603,764,10,Rep_16,24-09-2025,26-09-2025,26-10-2025,27-10-2025,10,10.0,45804.42,Paid
1604,418,17,Rep_1,21-02-2025,21-02-2025,23-03-2025,01-04-2025,10,15.0,65725.74,Paid
1605,394,10,Rep_30,01-07-2025,02-07-2025,01-08-2025,04-08-2025,8,20.0,32572.03,Paid
1606,411,7,Rep_1,04-12-2024,04-12-2024,03-01-2025,01-01-2025,7,15.0,4177.08,Paid
1607,133,94,Rep_19,27-06-2025,29-06-2025,29-07-2025,06-08-2025,7,10.0,17493.84,Paid
1608,881,28,Rep_5,23-08-2025,23-08-2025,22-09-2025,22-09-2025,1,5.0,3823.4,Paid
1609,269,44,Rep_12,10-06-2024,12-06-2024,12-07-2024,17-07-2024,6,20.0,23547.36,Paid
1610,115,74,Rep_5,26-10-2025,26-10-2025,25-11-2025,,1,0.0,8757.73,Pending
1611,475,45,Rep_10,19-05-2025,20-05-2025,19-06-2025,21-06-2025,5,20.0,16131.0,Paid
1612,986,78,Rep_1,15-10-2024,17-10-2024,16-11-2024,19-11-2024,4,20.0,21437.6,Paid
1613,124,92,Rep_27,15-07-2025,17-07-2025,16-08-2025,24-08-2025,6,20.0,20837.57,Paid
1614,781,43,Rep_20,11-02-2025,12-02-2025,14-03-2025,14-03-2025,10,10.0,1872.72,Paid
1615,323,90,Rep_10,21-02-2025,22-02-2025,24-03-2025,03-04-2025,7,0.0,39571.63,Paid
1616,32,58,Rep_7,11-01-2024,12-01-2024,11-02-2024,19-02-2024,3,15.0,6858.84,Paid
1617,65,47,Rep_22,31-05-2025,01-06-2025,01-07-2025,04-07-2025,4,0.0,10766.48,Paid
1618,974,12,Rep_19,09-03-2025,10-03-2025,09-04-2025,30-05-2025,7,0.0,71611.61,Late
1619,133,23,Rep_9,18-09-2024,19-09-2024,19-10-2024,20-10-2024,10,10.0,26282.43,Paid
1620,385,34,Rep_15,09-01-2025,09-01-2025,08-02-2025,18-02-2025,6,15.0,20331.05,Paid
1621,956,95,Rep_24,22-03-2024,24-03-2024,23-04-2024,,10,20.0,7966.72,Pending
1622,868,92,Rep_11,18-02-2025,20-02-2025,22-03-2025,25-03-2025,7,0.0,30388.12,Paid
1623,507,34,Rep_2,04-10-2025,06-10-2025,05-11-2025,09-11-2025,9,0.0,35878.32,Paid
1624,994,32,Rep_1,11-12-2025,12-12-2025,11-01-2026,03-04-2026,2,20.0,4452.85,Late
1625,103,73,Rep_28,09-07-2024,09-07-2024,08-08-2024,11-08-2024,7,15.0,21521.39,Paid
1626,707,91,Rep_2,10-09-2025,12-09-2025,12-10-2025,22-10-2025,3,5.0,24997.58,Paid
1627,575,18,Rep_19,25-11-2024,25-11-2024,25-12-2024,18-03-2025,7,15.0,13018.96,Late
1628,265,22,Rep_28,25-03-2025,26-03-2025,25-04-2025,,10,5.0,8002.32,Pending
1629,145,6,Rep_1,19-05-2024,19-05-2024,18-06-2024,16-06-2024,10,0.0,97814.8,Paid
1630,632,25,Rep_3,21-08-2024,21-08-2024,20-09-2024,22-09-2024,3,5.0,1290.45,Paid
1631,538,20,Rep_9,14-09-2025,14-09-2025,14-10-2025,14-12-2025,6,10.0,11016.05,Late
1632,130,50,Rep_8,28-02-2024,29-02-2024,30-03-2024,06-04-2024,10,20.0,13010.24,Paid
1633,4,92,Rep_14,06-02-2025,07-02-2025,09-03-2025,,4,5.0,16496.41,BadDebt
1634,743,100,Rep_14,03-06-2024,03-06-2024,03-07-2024,08-07-2024,8,5.0,25449.44,Paid
1635,519,90,Rep_18,04-02-2024,05-02-2024,06-03-2024,08-03-2024,8,0.0,45224.72,Paid
1636,244,49,Rep_10,05-02-2024,06-02-2024,07-03-2024,07-03-2024,10,20.0,60668.96,Paid
1637,844,5,Rep_22,17-10-2025,18-10-2025,17-11-2025,06-01-2026,1,5.0,972.84,Late
1638,445,61,Rep_1,10-01-2025,12-01-2025,11-02-2025,16-02-2025,7,5.0,4958.71,Paid
1639,441,21,Rep_26,15-01-2024,15-01-2024,14-02-2024,18-02-2024,4,20.0,14948.74,Paid
1640,414,34,Rep_21,25-02-2025,27-02-2025,29-03-2025,05-04-2025,8,10.0,28702.66,Paid
1641,107,67,Rep_27,10-08-2024,12-08-2024,11-09-2024,18-09-2024,8,20.0,22561.92,Paid
1642,809,10,Rep_20,20-09-2024,22-09-2024,22-10-2024,,9,15.0,38933.76,Pending
1643,834,41,Rep_14,15-01-2024,16-01-2024,15-02-2024,25-02-2024,4,5.0,13524.47,Paid
1644,131,17,Rep_18,15-08-2024,17-08-2024,16-09-2024,20-09-2024,2,5.0,14691.64,Paid
1645,957,69,Rep_11,28-10-2025,28-10-2025,27-11-2025,26-11-2025,6,20.0,40254.24,Paid
1646,17,1,Rep_27,17-12-2025,17-12-2025,16-01-2026,21-01-2026,7,5.0,36054.44,Paid
1647,544,91,Rep_24,07-11-2024,08-11-2024,08-12-2024,16-12-2024,3,10.0,23681.92,Paid
1648,504,9,Rep_21,09-06-2025,11-06-2025,11-07-2025,11-07-2025,4,15.0,705.91,Paid
1649,338,85,Rep_7,13-07-2025,14-07-2025,13-08-2025,19-08-2025,1,15.0,2003.76,Paid
1650,262,74,Rep_9,19-10-2025,20-10-2025,19-11-2025,24-11-2025,10,20.0,70061.84,Paid
1651,772,87,Rep_22,28-11-2024,30-11-2024,30-12-2024,04-01-2025,10,10.0,14850.27,Paid
1652,995,1,Rep_29,27-09-2025,28-09-2025,28-10-2025,01-11-2025,2,0.0,10843.44,Paid
1653,86,50,Rep_22,14-02-2025,14-02-2025,16-03-2025,20-03-2025,6,10.0,8781.91,Paid
1654,974,36,Rep_12,04-12-2024,05-12-2024,04-01-2025,10-01-2025,7,10.0,5630.88,Paid
1655,361,13,Rep_15,25-06-2024,26-06-2024,26-07-2024,28-07-2024,1,0.0,6721.36,Paid
1656,806,54,Rep_9,27-06-2025,27-06-2025,27-07-2025,25-07-2025,6,0.0,40008.96,Paid
1657,158,23,Rep_1,19-09-2024,20-09-2024,20-10-2024,30-10-2024,9,20.0,21025.94,Paid
1658,869,26,Rep_27,25-07-2024,27-07-2024,26-08-2024,01-09-2024,7,0.0,60319.98,Paid
1659,482,6,Rep_10,06-03-2024,07-03-2024,06-04-2024,07-04-2024,7,5.0,65046.84,Paid
1660,275,20,Rep_18,05-08-2024,07-08-2024,06-09-2024,04-09-2024,3,0.0,6120.03,Paid
1661,548,29,Rep_1,01-02-2024,03-02-2024,04-03-2024,21-04-2024,2,5.0,10017.67,Late
1662,444,82,Rep_11,08-03-2024,10-03-2024,09-04-2024,14-04-2024,10,15.0,33695.19,Paid
1663,569,35,Rep_30,22-04-2024,22-04-2024,22-05-2024,29-05-2024,5,20.0,23973.8,Paid
1664,210,46,Rep_21,21-01-2025,23-01-2025,22-02-2025,28-02-2025,1,20.0,667.14,Paid
1665,587,33,,24-11-2025,24-11-2025,24-12-2025,,10,20.0,11813.36,Pending
1666,735,79,Rep_17,13-09-2024,14-09-2024,14-10-2024,24-10-2024,1,5.0,1536.97,Paid
1667,782,18,Rep_8,06-12-2024,08-12-2024,07-01-2025,05-01-2025,8,5.0,16629.26,Paid
1668,762,57,Rep_4,11-11-2025,12-11-2025,12-12-2025,18-12-2025,7,15.0,4343.5,Paid
1669,69,66,Rep_17,11-03-2025,13-03-2025,12-04-2025,20-04-2025,9,5.0,94605.32,Paid
1670,133,78,Rep_6,23-11-2024,25-11-2024,25-12-2024,29-12-2024,9,10.0,54263.92,Paid
1671,785,29,Rep_25,21-06-2024,22-06-2024,22-07-2024,30-07-2024,6,20.0,25307.81,Paid
1672,471,54,Rep_1,07-05-2025,08-05-2025,07-06-2025,,4,0.0,26672.64,Pending
1673,187,76,Rep_17,06-08-2024,08-08-2024,07-09-2024,,2,10.0,18070.81,Pending
1674,818,98,Rep_27,02-04-2024,03-04-2024,03-05-2024,03-05-2024,5,5.0,5633.5,Paid
1675,320,54,Rep_24,29-09-2025,01-10-2025,31-10-2025,29-10-2025,7,5.0,44343.26,Paid
1676,670,61,Rep_22,01-05-2024,02-05-2024,01-06-2024,08-06-2024,1,5.0,708.39,Paid
1677,58,5,Rep_18,26-12-2025,27-12-2025,26-01-2026,28-01-2026,9,15.0,7833.91,Paid
1678,478,58,Rep_7,17-08-2025,18-08-2025,17-09-2025,22-10-2025,8,15.0,18290.23,Late
1679,80,70,Rep_19,07-07-2025,09-07-2025,08-08-2025,13-08-2025,4,15.0,29101.52,Paid
1680,506,78,Rep_27,29-02-2024,02-03-2024,01-04-2024,04-04-2024,9,20.0,48234.6,Paid
1681,518,34,Rep_22,17-07-2025,19-07-2025,18-08-2025,19-08-2025,9,0.0,35878.32,Paid
1682,82,20,Rep_11,31-08-2024,02-09-2024,02-10-2024,01-10-2024,3,0.0,6120.03,Paid
1683,561,70,Rep_26,12-04-2024,12-04-2024,12-05-2024,,9,20.0,61626.74,Pending
1684,524,99,Rep_28,17-05-2024,17-05-2024,16-06-2024,21-06-2024,1,15.0,1506.91,Paid
1685,38,16,Rep_20,18-02-2024,19-02-2024,20-03-2024,21-03-2024,8,5.0,10101.24,Paid
1686,230,36,Rep_8,24-12-2025,26-12-2025,25-01-2026,29-01-2026,5,20.0,3575.16,Paid
1687,46,54,Rep_7,17-05-2025,18-05-2025,17-06-2025,24-06-2025,7,20.0,37341.7,Paid
1688,708,58,Rep_11,14-01-2024,15-01-2024,14-02-2024,23-02-2024,2,5.0,5110.51,Paid
1689,44,88,Rep_20,21-11-2024,22-11-2024,22-12-2024,20-12-2024,6,5.0,35591.94,Paid
1690,899,95,Rep_17,15-08-2024,17-08-2024,16-09-2024,18-09-2024,5,0.0,4979.2,Paid
1691,108,10,Rep_21,14-11-2024,14-11-2024,14-12-2024,19-12-2024,1,0.0,5089.38,Paid
1692,872,7,Rep_25,22-07-2024,23-07-2024,22-08-2024,27-08-2024,2,10.0,1263.65,Paid
1693,77,96,Rep_29,08-02-2024,10-02-2024,11-03-2024,16-03-2024,10,15.0,67806.37,Paid
1694,655,39,Rep_19,04-10-2025,05-10-2025,04-11-2025,10-11-2025,5,10.0,32768.6,Paid
1695,26,98,Rep_5,25-08-2024,26-08-2024,25-09-2024,22-11-2024,5,0.0,5930.0,Late
1696,492,28,Rep_23,25-05-2025,27-05-2025,26-06-2025,25-06-2025,6,20.0,19318.22,Paid
1697,616,91,Rep_25,16-11-2025,16-11-2025,16-12-2025,17-12-2025,2,20.0,14033.73,Paid
1698,728,5,Rep_27,19-05-2024,21-05-2024,20-06-2024,11-08-2024,9,10.0,8294.72,Late
1699,180,39,Rep_9,02-04-2024,03-04-2024,03-05-2024,,6,0.0,43691.46,Pending
1700,598,56,Rep_28,02-02-2025,02-02-2025,04-03-2025,,4,10.0,9052.45,Pending
1701,261,50,Rep_3,29-06-2024,01-07-2024,31-07-2024,09-08-2024,10,10.0,14636.52,Paid
1702,499,35,Rep_29,16-09-2025,16-09-2025,16-10-2025,21-10-2025,1,10.0,5394.1,Paid
1703,526,86,Rep_10,06-04-2024,07-04-2024,07-05-2024,06-05-2024,5,0.0,24413.45,Paid
1704,684,62,Rep_26,30-01-2025,01-02-2025,03-03-2025,,10,10.0,63830.52,Pending
1705,27,95,Rep_21,11-05-2024,13-05-2024,12-06-2024,06-09-2024,3,20.0,2390.02,Late
1706,995,26,Rep_6,30-01-2024,30-01-2024,29-02-2024,08-03-2024,6,0.0,51702.84,Paid
1707,913,25,,01-03-2025,02-03-2025,01-04-2025,31-03-2025,10,15.0,3848.72,Paid
1708,321,96,Rep_23,07-02-2025,07-02-2025,09-03-2025,19-03-2025,1,5.0,7578.36,Paid
1709,276,79,Rep_16,25-08-2025,27-08-2025,26-09-2025,27-09-2025,8,15.0,11001.45,Paid
1710,759,3,Rep_10,06-04-2024,07-04-2024,07-05-2024,,10,0.0,82857.8,Pending
1711,414,16,Rep_10,07-10-2024,08-10-2024,07-11-2024,07-11-2024,4,5.0,5050.62,Paid
1712,930,47,Rep_8,20-03-2025,21-03-2025,20-04-2025,30-04-2025,7,0.0,18841.34,Paid
1713,132,49,Rep_25,11-08-2024,11-08-2024,10-09-2024,20-09-2024,6,15.0,38676.46,Paid
1714,188,63,Rep_30,02-12-2025,03-12-2025,02-01-2026,04-01-2026,2,10.0,3006.59,Paid
1715,812,71,Rep_7,27-11-2024,27-11-2024,27-12-2024,,6,10.0,2523.8,BadDebt
1716,801,35,Rep_30,22-10-2024,24-10-2024,23-11-2024,29-11-2024,7,15.0,35661.03,Paid
1717,587,1,Rep_24,03-11-2024,04-11-2024,04-12-2024,18-01-2025,2,10.0,9759.1,Late
1718,86,48,Rep_23,04-12-2025,05-12-2025,04-01-2026,05-01-2026,3,10.0,13645.69,Paid
1719,469,68,Rep_1,13-06-2025,14-06-2025,14-07-2025,17-07-2025,4,0.0,38333.36,Paid
1720,598,42,Rep_2,19-10-2024,19-10-2024,18-11-2024,26-11-2024,7,15.0,62278.41,Paid
1721,824,48,Rep_7,29-05-2025,29-05-2025,28-06-2025,07-07-2025,9,15.0,38662.79,Paid
1722,333,12,Rep_26,07-03-2024,08-03-2024,07-04-2024,12-04-2024,9,15.0,78261.26,Paid
1723,818,71,Rep_10,20-03-2024,22-03-2024,21-04-2024,19-04-2024,10,15.0,3972.64,Paid
1724,780,59,Rep_22,24-02-2024,25-02-2024,26-03-2024,03-04-2024,1,5.0,2816.7,Paid
1725,947,93,Rep_2,14-03-2024,15-03-2024,14-04-2024,,3,5.0,5162.69,Pending
1726,56,24,Rep_5,29-05-2025,30-05-2025,29-06-2025,,6,0.0,21733.38,Pending
1727,759,13,Rep_11,08-04-2024,09-04-2024,09-05-2024,10-06-2024,7,15.0,39992.09,Late
1728,328,95,Rep_24,25-08-2025,27-08-2025,26-09-2025,25-09-2025,7,15.0,5925.25,Paid
1729,132,18,Rep_6,19-05-2024,20-05-2024,19-06-2024,22-06-2024,4,20.0,7001.79,Paid
1730,387,18,Rep_7,01-11-2025,01-11-2025,01-12-2025,09-12-2025,10,0.0,21880.6,Paid
1731,315,27,Rep_4,16-08-2024,18-08-2024,17-09-2024,18-09-2024,3,10.0,4085.86,Paid
1732,163,32,Rep_6,04-09-2025,05-09-2025,05-10-2025,09-10-2025,5,10.0,12523.64,Paid
1733,306,99,Rep_14,01-11-2024,03-11-2024,03-12-2024,13-12-2024,1,5.0,1684.19,Paid
1734,275,23,Rep_16,25-02-2024,27-02-2024,28-03-2024,20-05-2024,4,15.0,9928.92,Late
1735,888,32,Rep_12,10-10-2024,12-10-2024,11-11-2024,19-11-2024,6,5.0,15863.27,Paid
1736,793,12,Rep_3,08-12-2024,10-12-2024,09-01-2025,13-01-2025,7,10.0,64450.45,Paid
1737,783,50,Rep_4,10-06-2024,11-06-2024,11-07-2024,05-10-2024,9,0.0,14636.52,Late
1738,802,48,Rep_25,12-08-2024,12-08-2024,11-09-2024,18-09-2024,6,5.0,28807.57,Paid
1739,278,98,Rep_23,07-02-2025,08-02-2025,10-03-2025,22-05-2025,4,10.0,4269.6,Late
1740,949,53,Rep_5,10-05-2024,12-05-2024,11-06-2024,,10,20.0,35339.84,Pending
1741,899,91,Rep_3,01-02-2025,02-02-2025,04-03-2025,,3,10.0,23681.92,Pending
1742,469,83,Rep_22,15-12-2025,16-12-2025,15-01-2026,,9,5.0,19130.28,Pending
1743,562,43,Rep_13,27-05-2025,29-05-2025,28-06-2025,06-07-2025,10,0.0,2080.8,Paid
1744,151,38,Rep_3,02-08-2025,03-08-2025,02-09-2025,03-09-2025,10,20.0,30858.88,Paid
1745,363,29,Rep_8,20-11-2025,22-11-2025,22-12-2025,26-12-2025,9,5.0,45079.53,Paid
1746,826,27,Rep_20,30-04-2025,30-04-2025,30-05-2025,04-06-2025,3,0.0,4539.84,Paid
1747,494,71,Rep_4,29-12-2025,29-12-2025,28-01-2026,28-01-2026,7,10.0,2944.43,Paid
1748,408,26,Rep_27,29-08-2025,30-08-2025,29-09-2025,27-11-2025,7,5.0,57303.98,Late
1749,593,82,Rep_7,17-06-2024,18-06-2024,18-07-2024,05-09-2024,6,15.0,20217.11,Late
1750,472,18,Rep_9,22-08-2025,24-08-2025,23-09-2025,25-09-2025,1,5.0,2078.66,Paid
1751,681,11,Rep_14,14-11-2025,14-11-2025,14-12-2025,18-12-2025,7,10.0,12711.07,Paid
1752,689,4,Rep_4,25-02-2025,27-02-2025,29-03-2025,,4,5.0,11156.95,Pending
1753,979,50,Rep_23,20-04-2024,20-04-2024,20-05-2024,30-05-2024,10,0.0,16262.8,Paid
1754,617,35,Rep_9,22-08-2025,22-08-2025,21-09-2025,27-10-2025,4,5.0,22775.11,Late
1755,940,86,Rep_27,05-03-2025,06-03-2025,05-04-2025,06-04-2025,5,20.0,19530.76,Paid
1756,817,89,Rep_9,28-09-2024,28-09-2024,28-10-2024,02-12-2024,7,15.0,11204.62,Late
1757,94,14,Rep_2,14-02-2025,14-02-2025,16-03-2025,,10,20.0,24010.56,BadDebt
1758,672,21,Rep_2,09-02-2024,09-02-2024,10-03-2024,14-03-2024,7,0.0,32700.36,Paid
1759,75,80,Rep_24,08-09-2025,08-09-2025,08-10-2025,08-10-2025,2,5.0,7129.28,Paid
1760,310,71,Rep_2,24-09-2024,24-09-2024,24-10-2024,,4,10.0,1682.53,BadDebt
1761,580,86,Rep_13,08-04-2024,09-04-2024,09-05-2024,07-08-2024,10,0.0,48826.9,Late
1762,332,62,Rep_26,11-04-2024,13-04-2024,13-05-2024,,8,0.0,56738.24,Pending
1763,597,88,Rep_30,12-11-2024,12-11-2024,12-12-2024,,5,15.0,26537.85,BadDebt
1764,823,84,Rep_30,31-03-2024,01-04-2024,01-05-2024,01-05-2024,9,15.0,7166.75,Paid
1765,714,10,Rep_10,14-09-2025,14-09-2025,14-10-2025,,8,20.0,32572.03,Pending
1766,193,78,Rep_4,14-03-2024,14-03-2024,13-04-2024,12-04-2024,1,15.0,5694.36,Paid
1767,389,16,Rep_2,14-08-2025,15-08-2025,14-09-2025,22-09-2025,3,0.0,3987.33,Paid
1768,244,11,Rep_14,09-12-2024,09-12-2024,08-01-2025,12-01-2025,10,15.0,17149.86,Paid
1769,834,45,Rep_1,11-12-2024,11-12-2024,10-01-2025,,3,15.0,10283.51,BadDebt
1770,373,37,Rep_20,13-05-2025,15-05-2025,14-06-2025,12-09-2025,8,20.0,43337.66,Late
1771,539,46,Rep_1,12-03-2025,13-03-2025,12-04-2025,18-04-2025,10,20.0,6671.44,Paid
1772,606,81,Rep_25,18-12-2025,20-12-2025,19-01-2026,24-01-2026,6,15.0,6461.85,Paid
1773,908,19,Rep_25,07-07-2024,08-07-2024,07-08-2024,06-08-2024,8,5.0,71271.36,Paid
1774,415,47,Rep_28,27-01-2024,28-01-2024,27-02-2024,25-02-2024,8,0.0,21532.96,Paid
1775,944,36,Rep_26,23-04-2024,23-04-2024,23-05-2024,27-05-2024,9,15.0,6837.49,Paid
1776,456,100,Rep_22,15-04-2024,15-04-2024,15-05-2024,23-05-2024,7,15.0,19924.23,Paid
1777,996,98,Rep_17,12-04-2024,13-04-2024,13-05-2024,13-05-2024,1,15.0,1008.1,Paid
1778,125,45,Rep_5,06-11-2025,06-11-2025,06-12-2025,06-12-2025,9,5.0,34480.01,Paid
1779,549,36,Rep_19,27-04-2025,28-04-2025,28-05-2025,,9,5.0,7641.9,Pending
1780,33,1,Rep_4,06-10-2024,06-10-2024,05-11-2024,15-11-2024,9,10.0,43915.93,Paid
1781,912,14,Rep_25,22-12-2025,22-12-2025,21-01-2026,,6,0.0,18007.92,Pending
1782,950,19,Rep_23,17-06-2024,19-06-2024,19-07-2024,19-07-2024,1,15.0,7971.14,Paid
1783,369,63,Rep_18,23-07-2025,23-07-2025,22-08-2025,27-08-2025,9,5.0,14281.32,Paid
1784,75,4,Rep_11,03-11-2024,03-11-2024,03-12-2024,12-12-2024,6,5.0,16735.43,Paid
1785,130,98,Rep_26,06-06-2025,06-06-2025,06-07-2025,,5,10.0,5337.0,Pending
1786,751,81,Rep_8,11-05-2024,13-05-2024,12-06-2024,11-06-2024,9,20.0,9122.62,Paid
1787,510,72,Rep_4,19-10-2025,21-10-2025,20-11-2025,,4,15.0,18369.89,Pending
1788,677,80,Rep_11,31-03-2025,01-04-2025,01-05-2025,,4,15.0,12757.65,Pending
1789,981,45,Rep_29,19-05-2025,20-05-2025,19-06-2025,21-06-2025,1,20.0,3226.2,Paid
1790,855,54,Rep_26,09-09-2025,10-09-2025,10-10-2025,08-10-2025,5,10.0,30006.72,Paid
1791,16,49,Rep_25,09-03-2024,11-03-2024,10-04-2024,13-04-2024,7,15.0,45122.54,Paid
1792,455,6,Rep_18,25-03-2024,26-03-2024,25-04-2024,30-04-2024,7,0.0,68470.36,Paid
1793,602,71,Rep_24,29-02-2024,29-02-2024,30-03-2024,07-04-2024,1,20.0,373.9,Paid
1794,629,21,Rep_16,17-10-2025,19-10-2025,18-11-2025,06-01-2026,5,10.0,21021.66,Late
1795,185,42,Rep_10,10-01-2024,12-01-2024,11-02-2024,11-02-2024,4,5.0,39774.45,Paid
1796,786,5,Rep_28,07-10-2024,07-10-2024,06-11-2024,06-11-2024,5,0.0,5120.2,Paid
1797,111,42,Rep_16,01-07-2025,02-07-2025,01-08-2025,03-08-2025,10,0.0,104669.6,Paid
1798,388,2,Rep_5,15-06-2024,16-06-2024,16-07-2024,21-07-2024,1,5.0,8017.5,Paid
1799,347,87,Rep_5,06-09-2025,07-09-2025,07-10-2025,08-10-2025,2,10.0,2970.05,Paid
1800,232,6,Rep_29,13-10-2024,13-10-2024,12-11-2024,,3,20.0,23475.55,Pending
1801,633,77,Rep_1,02-04-2024,03-04-2024,03-05-2024,08-05-2024,5,5.0,4401.16,Paid
1802,418,60,Rep_13,08-07-2025,08-07-2025,07-08-2025,,6,5.0,26444.81,Pending
1803,487,1,Rep_8,09-02-2025,09-02-2025,11-03-2025,,6,0.0,32530.32,BadDebt
1804,513,6,Rep_14,05-11-2024,07-11-2024,07-12-2024,28-02-2025,6,0.0,58688.88,Late
1805,600,7,Rep_16,18-04-2024,20-04-2024,20-05-2024,21-05-2024,4,10.0,2527.31,Paid
1806,64,1,Rep_5,29-02-2024,02-03-2024,01-04-2024,10-04-2024,10,10.0,48795.48,Paid
1807,349,49,,24-11-2025,25-11-2025,25-12-2025,29-01-2026,9,10.0,61427.32,Late
1808,461,75,Rep_3,28-09-2025,28-09-2025,28-10-2025,30-10-2025,6,5.0,43094.68,Paid
1809,667,81,Rep_10,24-04-2025,25-04-2025,25-05-2025,,9,0.0,11403.27,Pending
1810,295,32,Rep_20,30-03-2025,30-03-2025,29-04-2025,06-06-2025,10,10.0,25047.27,Late
1811,107,11,Rep_12,17-11-2025,18-11-2025,18-12-2025,,7,15.0,12004.9,BadDebt
1812,483,83,Rep_21,04-03-2025,04-03-2025,03-04-2025,13-04-2025,10,5.0,21255.87,Paid
1813,561,8,Rep_3,20-02-2025,22-02-2025,24-03-2025,02-04-2025,10,0.0,82381.2,Paid
1814,401,62,Rep_7,03-10-2025,05-10-2025,04-11-2025,09-11-2025,1,15.0,6028.44,Paid
1815,139,20,Rep_5,22-07-2024,24-07-2024,23-08-2024,29-08-2024,6,20.0,9792.05,Paid
1816,652,67,Rep_28,18-10-2024,20-10-2024,19-11-2024,23-11-2024,4,15.0,11986.02,Paid
1817,320,25,Rep_8,23-01-2024,23-01-2024,22-02-2024,02-03-2024,4,15.0,1539.49,Paid
1818,551,73,Rep_12,14-12-2025,14-12-2025,13-01-2026,,2,5.0,6872.38,Pending
1819,642,65,Rep_22,24-01-2025,25-01-2025,24-02-2025,24-02-2025,8,20.0,20336.45,Paid
1820,821,88,Rep_4,23-05-2025,24-05-2025,23-06-2025,22-06-2025,6,5.0,35591.94,Paid
1821,282,86,Rep_15,01-02-2024,02-02-2024,03-03-2024,13-04-2024,7,15.0,29052.01,Late
1822,898,29,Rep_8,12-01-2025,12-01-2025,11-02-2025,14-04-2025,3,10.0,14235.64,Late
1823,932,32,Rep_9,15-05-2025,16-05-2025,15-06-2025,18-06-2025,7,20.0,15584.97,Paid
1824,524,38,Rep_1,25-08-2025,26-08-2025,25-09-2025,27-09-2025,10,10.0,34716.24,Paid
1825,641,18,Rep_18,18-11-2024,18-11-2024,18-12-2024,,10,5.0,20786.57,Pending
1826,880,15,Rep_6,26-05-2024,28-05-2024,27-06-2024,01-07-2024,3,15.0,15749.87,Paid
1827,237,95,Rep_9,23-11-2024,25-11-2024,25-12-2024,30-12-2024,10,5.0,9460.48,Paid
1828,75,17,Rep_7,12-08-2025,12-08-2025,11-09-2025,21-09-2025,6,0.0,46394.64,Paid
1829,506,60,Rep_24,17-07-2025,19-07-2025,18-08-2025,,1,10.0,4175.5,Pending
1830,879,18,Rep_8,17-01-2025,17-01-2025,16-02-2025,,5,0.0,10940.3,Pending
1831,543,18,Rep_24,05-04-2024,06-04-2024,06-05-2024,14-05-2024,3,5.0,6235.97,Paid
1832,711,8,Rep_24,04-08-2025,06-08-2025,05-09-2025,26-10-2025,2,15.0,14004.8,Late
1833,405,26,Rep_3,20-02-2025,22-02-2025,24-03-2025,24-03-2025,9,15.0,65921.12,Paid
1834,905,20,Rep_5,28-01-2024,28-01-2024,27-02-2024,,9,10.0,16524.08,Pending
1835,260,99,Rep_13,10-07-2025,10-07-2025,09-08-2025,19-08-2025,4,15.0,6027.62,Paid
1836,809,66,Rep_28,19-06-2024,21-06-2024,21-07-2024,25-07-2024,8,0.0,88519.6,Paid
1837,694,33,Rep_12,13-09-2025,14-09-2025,14-10-2025,,10,5.0,14028.36,Pending
1838,287,73,Rep_3,23-02-2024,23-02-2024,24-03-2024,,3,10.0,9766.01,Pending
1839,953,28,Rep_10,18-01-2025,18-01-2025,17-02-2025,15-05-2025,1,0.0,4024.63,Late
1840,487,45,Rep_17,27-06-2025,29-06-2025,29-07-2025,07-08-2025,1,20.0,3226.2,Paid
1841,591,82,Rep_3,06-02-2024,07-02-2024,08-03-2024,07-03-2024,1,10.0,3567.73,Paid
1842,395,66,Rep_21,14-12-2024,14-12-2024,13-01-2025,16-01-2025,4,20.0,35407.84,Paid
1843,318,59,Rep_13,23-11-2024,24-11-2024,24-12-2024,25-12-2024,1,20.0,2371.96,Paid
1844,326,49,Rep_30,15-10-2024,16-10-2024,15-11-2024,20-11-2024,9,10.0,61427.32,Paid
1845,159,60,Rep_4,03-11-2025,03-11-2025,03-12-2025,10-12-2025,9,20.0,33403.97,Paid
1846,110,47,Rep_19,12-06-2025,13-06-2025,13-07-2025,23-07-2025,9,15.0,20590.89,Paid
1847,852,50,Rep_3,25-03-2025,26-03-2025,25-04-2025,04-05-2025,9,5.0,13904.69,Paid
1848,43,93,Rep_21,24-11-2024,24-11-2024,24-12-2024,30-12-2024,4,10.0,6521.29,Paid
1849,603,45,Rep_8,08-03-2025,09-03-2025,08-04-2025,08-04-2025,9,10.0,32665.28,Paid
1850,593,84,Rep_29,30-08-2025,01-09-2025,01-10-2025,01-10-2025,7,15.0,5574.14,Paid
1851,494,43,Rep_16,26-07-2025,26-07-2025,25-08-2025,28-08-2025,9,10.0,1685.45,Paid
1852,214,1,Rep_15,26-07-2024,26-07-2024,25-08-2024,31-08-2024,6,5.0,30903.8,Paid
1853,773,50,Rep_12,16-03-2025,18-03-2025,17-04-2025,25-04-2025,4,10.0,5854.61,Paid
1854,728,8,,17-06-2024,18-06-2024,18-07-2024,24-07-2024,6,10.0,44485.85,Paid
1855,558,60,Rep_25,14-07-2024,14-07-2024,13-08-2024,20-08-2024,8,5.0,35259.74,Paid
1856,569,92,Rep_17,19-06-2024,20-06-2024,20-07-2024,19-09-2024,8,0.0,34729.28,Late
1857,327,17,,10-12-2025,12-12-2025,11-01-2026,17-01-2026,7,5.0,51420.73,Paid
1858,930,11,Rep_10,29-05-2024,29-05-2024,28-06-2024,28-06-2024,5,5.0,9583.74,Paid
1859,910,87,Rep_27,23-02-2024,24-02-2024,25-03-2024,25-05-2024,8,15.0,11220.2,Late
1860,729,55,Rep_20,03-05-2024,05-05-2024,04-06-2024,12-06-2024,8,0.0,45770.08,Paid
1861,791,52,Rep_8,16-02-2025,17-02-2025,19-03-2025,17-03-2025,10,20.0,58537.76,Paid
1862,798,35,Rep_22,17-01-2024,17-01-2024,16-02-2024,19-02-2024,3,5.0,17081.33,Paid
1863,730,47,Rep_25,19-07-2024,20-07-2024,19-08-2024,28-08-2024,3,5.0,7671.12,Paid
1864,639,91,Rep_25,14-01-2024,15-01-2024,14-02-2024,23-02-2024,5,15.0,37277.09,Paid
1865,505,82,Rep_23,23-08-2025,23-08-2025,22-09-2025,25-09-2025,1,0.0,3964.14,Paid
1866,156,54,Rep_28,10-01-2024,10-01-2024,09-02-2024,09-02-2024,7,10.0,42009.41,Paid
1867,345,77,Rep_17,11-04-2025,13-04-2025,13-05-2025,,4,5.0,3520.93,Pending
1868,367,63,Rep_27,01-04-2024,03-04-2024,03-05-2024,05-05-2024,10,15.0,14197.8,Paid
1869,249,91,Rep_1,01-06-2025,02-06-2025,02-07-2025,,7,10.0,55257.8,BadDebt
1870,94,64,Rep_5,10-12-2025,10-12-2025,09-01-2026,07-03-2026,7,10.0,25790.31,Late
1871,552,43,Rep_26,27-09-2024,29-09-2024,29-10-2024,,8,5.0,1581.41,Pending
1872,902,95,Rep_24,22-11-2025,24-11-2025,24-12-2025,30-12-2025,7,0.0,6970.88,Paid
1873,18,41,Rep_16,29-03-2024,31-03-2024,30-04-2024,10-05-2024,6,10.0,19218.98,Paid
1874,411,84,Rep_28,26-07-2024,28-07-2024,27-08-2024,04-09-2024,4,5.0,3559.95,Paid
1875,223,49,Rep_2,04-09-2025,06-09-2025,06-10-2025,02-01-2026,4,0.0,30334.48,Late
1876,604,7,Rep_1,22-06-2025,24-06-2025,24-07-2025,23-07-2025,9,15.0,5370.53,Paid
1877,318,69,Rep_29,15-02-2024,15-02-2024,16-03-2024,17-03-2024,6,10.0,45286.02,Paid
1878,775,24,Rep_21,01-10-2025,03-10-2025,02-11-2025,11-11-2025,4,0.0,14488.92,Paid
1879,435,12,Rep_5,05-09-2024,06-09-2024,06-10-2024,12-10-2024,1,20.0,8184.18,Paid
1880,440,67,Rep_9,09-03-2024,10-03-2024,09-04-2024,,10,10.0,31727.7,Pending
1881,868,1,Rep_22,21-12-2024,23-12-2024,22-01-2025,21-01-2025,1,10.0,4879.55,Paid
1882,251,2,Rep_5,19-09-2025,20-09-2025,20-10-2025,21-10-2025,10,15.0,71735.5,Paid
1883,599,16,Rep_12,11-11-2024,11-11-2024,11-12-2024,18-12-2024,4,15.0,4518.97,Paid
1884,776,94,Rep_13,16-04-2024,17-04-2024,17-05-2024,14-07-2024,8,0.0,22214.4,Late
1885,129,85,Rep_29,27-06-2025,29-06-2025,29-07-2025,11-09-2025,7,5.0,15676.44,Late
1886,367,4,Rep_6,30-03-2024,01-04-2024,01-05-2024,11-05-2024,3,15.0,7486.9,Paid
1887,443,56,Rep_13,30-03-2025,01-04-2025,01-05-2025,03-07-2025,1,20.0,2011.66,Late
1888,405,42,Rep_19,22-06-2024,22-06-2024,22-07-2024,30-07-2024,10,20.0,83735.68,Paid
1889,828,41,Rep_5,02-08-2025,04-08-2025,03-09-2025,06-09-2025,6,20.0,17083.54,Paid
1890,998,78,Rep_18,22-05-2025,23-05-2025,22-06-2025,28-06-2025,4,20.0,21437.6,Paid
1891,31,10,Rep_19,28-12-2025,29-12-2025,28-01-2026,02-02-2026,2,15.0,8651.95,Paid
1892,72,18,Rep_3,27-08-2025,28-08-2025,27-09-2025,,6,0.0,13128.36,Pending
1893,862,40,Rep_6,22-06-2025,23-06-2025,23-07-2025,31-07-2025,6,0.0,33069.96,Paid
1894,609,91,Rep_2,15-10-2025,15-10-2025,14-11-2025,19-11-2025,9,15.0,67098.76,Paid
1895,658,3,Rep_3,24-05-2024,26-05-2024,25-06-2024,24-06-2024,2,5.0,15742.98,Paid
1896,401,81,Rep_6,06-02-2024,07-02-2024,08-03-2024,15-03-2024,1,15.0,1076.98,Paid
1897,872,25,Rep_2,21-02-2025,23-02-2025,25-03-2025,24-03-2025,9,0.0,4075.11,Paid
1898,976,64,Rep_14,16-10-2025,16-10-2025,15-11-2025,15-11-2025,5,5.0,19445.08,Paid
1899,719,74,Rep_26,07-04-2025,08-04-2025,08-05-2025,18-05-2025,5,0.0,43788.65,Paid
1900,827,83,Rep_30,10-10-2024,11-10-2024,10-11-2024,18-11-2024,10,10.0,20137.14,Paid
1901,51,93,Rep_12,24-01-2025,26-01-2025,25-02-2025,,4,10.0,6521.29,Pending
1902,339,93,Rep_28,08-03-2024,09-03-2024,08-04-2024,12-04-2024,9,20.0,13042.58,Paid
1903,683,96,Rep_14,01-10-2024,03-10-2024,02-11-2024,04-11-2024,9,5.0,68205.23,Paid
1904,876,54,Rep_1,21-05-2025,21-05-2025,20-06-2025,24-06-2025,5,20.0,26672.64,Paid
1905,831,59,Rep_25,29-04-2025,30-04-2025,30-05-2025,28-05-2025,9,20.0,21347.64,Paid
1906,419,99,Rep_24,16-09-2025,18-09-2025,18-10-2025,26-10-2025,5,10.0,7977.74,Paid
1907,612,89,Rep_24,11-12-2024,13-12-2024,12-01-2025,10-01-2025,5,10.0,8474.09,Paid
1908,180,69,Rep_6,02-10-2024,03-10-2024,02-11-2024,11-11-2024,1,0.0,8386.3,Paid
1909,777,78,Rep_28,19-07-2024,21-07-2024,20-08-2024,25-08-2024,8,5.0,50914.3,Paid
1910,323,35,Rep_5,12-10-2025,13-10-2025,12-11-2025,20-11-2025,1,5.0,5693.78,Paid
1911,360,15,Rep_6,28-12-2024,28-12-2024,27-01-2025,05-02-2025,1,10.0,5558.78,Paid
1912,97,40,Rep_22,02-08-2024,03-08-2024,02-09-2024,01-09-2024,3,15.0,14054.73,Paid
1913,239,29,Rep_24,18-05-2025,20-05-2025,19-06-2025,,6,5.0,30053.02,Pending
1914,115,19,Rep_29,01-09-2024,03-09-2024,03-10-2024,01-10-2024,5,5.0,44544.6,Paid
1915,271,20,Rep_17,18-07-2025,19-07-2025,18-08-2025,12-10-2025,3,10.0,5508.03,Late
1916,229,68,Rep_9,16-07-2024,18-07-2024,17-08-2024,09-10-2024,6,10.0,51750.04,Late
1917,442,6,Rep_29,10-09-2025,12-09-2025,12-10-2025,13-10-2025,6,0.0,58688.88,Paid
1918,353,46,Rep_18,16-11-2024,18-11-2024,18-12-2024,23-12-2024,1,15.0,708.84,Paid
1919,426,59,Rep_27,23-07-2024,23-07-2024,22-08-2024,26-08-2024,2,5.0,5633.4,Paid
1920,987,55,Rep_17,19-06-2024,20-06-2024,20-07-2024,19-07-2024,3,15.0,14589.21,Paid
1921,1000,84,Rep_3,28-03-2025,29-03-2025,28-04-2025,05-05-2025,10,0.0,9368.3,Paid
1922,442,31,Rep_16,21-01-2024,21-01-2024,20-02-2024,,10,10.0,41849.91,Pending
1923,319,43,Rep_5,03-02-2024,05-02-2024,06-03-2024,13-03-2024,10,20.0,1664.64,Paid
1924,721,93,Rep_8,04-03-2025,05-03-2025,04-04-2025,14-04-2025,2,5.0,3441.79,Paid
1925,544,72,Rep_12,27-06-2025,27-06-2025,27-07-2025,30-07-2025,2,10.0,9725.24,Paid
1926,249,52,Rep_8,31-10-2024,01-11-2024,01-12-2024,09-12-2024,3,20.0,17561.33,Paid
1927,262,17,Rep_3,27-04-2025,28-04-2025,28-05-2025,26-07-2025,7,15.0,46008.02,Late
1928,340,38,Rep_23,27-08-2025,27-08-2025,26-09-2025,06-12-2025,5,5.0,18322.46,Late
1929,307,32,Rep_19,22-03-2025,24-03-2025,23-04-2025,03-05-2025,2,0.0,5566.06,Paid
1930,122,87,Rep_30,19-10-2025,19-10-2025,18-11-2025,22-11-2025,3,20.0,3960.07,Paid
1931,130,50,Rep_14,13-12-2024,13-12-2024,12-01-2025,,4,5.0,6179.86,Pending
1932,630,11,Rep_18,24-02-2024,26-02-2024,27-03-2024,28-03-2024,10,5.0,19167.48,Paid
1933,581,10,Rep_12,25-11-2024,26-11-2024,26-12-2024,31-12-2024,7,15.0,30281.81,Paid
1934,527,88,Rep_7,07-04-2025,08-04-2025,08-05-2025,16-05-2025,5,10.0,28098.9,Paid
1935,281,41,Rep_17,22-02-2024,22-02-2024,23-03-2024,04-05-2024,1,5.0,3381.12,Late
1936,507,72,Rep_11,19-09-2025,19-09-2025,19-10-2025,,5,10.0,24313.1,Pending
1937,464,98,Rep_24,10-02-2025,10-02-2025,12-03-2025,22-03-2025,1,10.0,1067.4,Paid
1938,280,53,Rep_5,02-12-2025,04-12-2025,03-01-2026,06-01-2026,5,0.0,22087.4,Paid
1939,435,70,Rep_2,01-06-2025,01-06-2025,01-07-2025,02-07-2025,9,5.0,73181.76,Paid
1940,322,13,Rep_1,06-09-2024,06-09-2024,06-10-2024,04-10-2024,2,20.0,10754.18,Paid
1941,549,85,Rep_3,14-07-2025,14-07-2025,13-08-2025,14-08-2025,3,0.0,7072.08,Paid
1942,689,50,Rep_8,19-06-2025,19-06-2025,19-07-2025,28-09-2025,7,5.0,10814.76,Late
1943,693,86,Rep_15,27-11-2025,27-11-2025,27-12-2025,05-01-2026,8,5.0,37108.44,Paid
1944,607,91,Rep_5,09-11-2024,11-11-2024,11-12-2024,16-12-2024,3,0.0,26313.24,Paid
1945,716,92,Rep_9,12-04-2024,12-04-2024,12-05-2024,,1,15.0,3689.99,Pending
1946,893,4,Rep_1,31-10-2025,02-11-2025,02-12-2025,09-12-2025,6,0.0,17616.24,Paid
1947,83,98,Rep_12,22-04-2024,24-04-2024,24-05-2024,02-08-2024,5,10.0,5337.0,Late
1948,484,19,Rep_16,23-09-2025,24-09-2025,24-10-2025,28-10-2025,2,20.0,15004.5,Paid
1949,450,58,Rep_28,01-12-2025,01-12-2025,31-12-2025,08-01-2026,9,20.0,19366.13,Paid
1950,599,46,Rep_1,14-02-2025,14-02-2025,16-03-2025,20-03-2025,7,15.0,4961.88,Paid
1951,507,27,Rep_5,14-04-2025,14-04-2025,14-05-2025,20-05-2025,8,10.0,10895.62,Paid
1952,672,92,Rep_6,22-10-2024,24-10-2024,23-11-2024,22-11-2024,5,10.0,19535.22,Paid
1953,210,94,Rep_4,11-08-2024,11-08-2024,10-09-2024,18-09-2024,2,0.0,5553.6,Paid
1954,179,81,Rep_18,18-11-2025,18-11-2025,18-12-2025,20-12-2025,9,5.0,10833.11,Paid
1955,213,54,Rep_19,25-09-2024,26-09-2024,26-10-2024,28-10-2024,7,10.0,42009.41,Paid
1956,523,62,Rep_8,23-01-2024,23-01-2024,22-02-2024,28-02-2024,4,0.0,28369.12,Paid
1957,618,83,Rep_5,21-08-2024,22-08-2024,21-09-2024,05-12-2024,2,10.0,4027.43,Late
1958,724,77,Rep_9,26-04-2024,28-04-2024,28-05-2024,02-06-2024,1,15.0,787.58,Paid
1959,930,34,Rep_15,21-02-2024,22-02-2024,23-03-2024,05-06-2024,3,20.0,9567.55,Late
1960,526,21,Rep_23,14-10-2024,15-10-2024,14-11-2024,15-11-2024,1,0.0,4671.48,Paid
1961,969,52,Rep_26,29-10-2025,29-10-2025,28-11-2025,28-01-2026,6,15.0,37317.82,Late
1962,534,84,Rep_2,15-09-2024,17-09-2024,17-10-2024,19-10-2024,10,20.0,7494.64,Paid
1963,953,18,Rep_12,19-04-2024,20-04-2024,20-05-2024,22-05-2024,9,15.0,16738.66,Paid
1964,98,71,Rep_26,26-09-2025,28-09-2025,28-10-2025,26-10-2025,7,0.0,3271.59,Paid
1965,981,91,Rep_6,16-11-2024,17-11-2024,17-12-2024,,2,15.0,14910.84,Pending
1966,979,47,Rep_20,26-12-2024,27-12-2024,26-01-2025,14-04-2025,7,0.0,18841.34,Late
1967,500,72,Rep_6,03-06-2025,03-06-2025,03-07-2025,04-07-2025,9,20.0,38900.95,Paid
1968,117,98,Rep_26,31-07-2024,02-08-2024,01-09-2024,02-11-2024,2,15.0,2016.2,Late
1969,176,15,Rep_8,02-02-2025,02-02-2025,04-03-2025,18-05-2025,4,15.0,20999.83,Late
1970,629,68,Rep_22,03-12-2024,04-12-2024,03-01-2025,13-01-2025,1,10.0,8625.01,Paid
1971,366,96,Rep_29,29-10-2024,30-10-2024,29-11-2024,02-12-2024,9,5.0,68205.23,Paid
1972,889,31,Rep_9,27-11-2025,29-11-2025,29-12-2025,,9,0.0,41849.91,Pending
1973,224,78,Rep_3,09-10-2025,09-10-2025,08-11-2025,11-11-2025,6,0.0,40195.5,Paid
1974,718,95,Rep_29,07-07-2024,08-07-2024,07-08-2024,06-08-2024,5,15.0,4232.32,Paid
1975,839,91,Rep_19,05-07-2024,07-07-2024,06-08-2024,16-08-2024,1,0.0,8771.08,Paid
1976,367,34,Rep_13,10-04-2024,10-04-2024,10-05-2024,15-07-2024,5,10.0,17939.16,Late
1977,54,78,Rep_24,05-09-2024,05-09-2024,05-10-2024,,8,20.0,42875.2,Pending
1978,981,80,Rep_21,17-02-2024,19-02-2024,20-03-2024,29-03-2024,5,10.0,16885.12,Paid
1979,747,5,Rep_29,29-07-2025,31-07-2025,30-08-2025,30-08-2025,2,15.0,1740.87,Paid
1980,667,98,Rep_16,05-04-2024,06-04-2024,06-05-2024,05-05-2024,2,5.0,2253.4,Paid
1981,440,58,Rep_23,30-01-2024,31-01-2024,01-03-2024,29-02-2024,8,5.0,20442.02,Paid
1982,313,17,Rep_27,28-10-2025,28-10-2025,27-11-2025,06-12-2025,5,0.0,38662.2,Paid
1983,831,8,Rep_29,25-02-2025,27-02-2025,29-03-2025,,3,5.0,23478.64,Pending
1984,913,70,Rep_18,12-04-2024,14-04-2024,14-05-2024,02-07-2024,5,5.0,40656.53,Late
1985,278,20,Rep_20,16-11-2025,18-11-2025,18-12-2025,27-12-2025,5,5.0,9690.05,Paid
1986,422,45,Rep_14,19-12-2025,19-12-2025,18-01-2026,27-01-2026,9,15.0,30850.54,Paid
1987,9,79,Rep_3,12-08-2025,13-08-2025,12-09-2025,17-09-2025,6,5.0,9221.8,Paid
1988,479,5,Rep_20,23-11-2024,24-11-2024,24-12-2024,01-02-2025,5,10.0,4608.18,Late
1989,932,23,Rep_11,29-01-2025,29-01-2025,28-02-2025,10-03-2025,2,0.0,5840.54,Paid
1990,186,96,Rep_23,14-08-2025,16-08-2025,15-09-2025,,1,5.0,7578.36,BadDebt
1991,598,85,Rep_13,09-03-2025,11-03-2025,10-04-2025,10-04-2025,10,10.0,21216.24,Paid
1992,257,12,Rep_26,07-03-2024,09-03-2024,08-04-2024,28-06-2024,4,20.0,32736.74,Late
1993,814,40,Rep_6,09-05-2024,10-05-2024,09-06-2024,09-06-2024,5,0.0,27558.3,Paid
1994,193,35,Rep_9,23-02-2025,23-02-2025,25-03-2025,27-03-2025,9,20.0,43152.84,Paid
1995,380,14,Rep_26,23-06-2025,24-06-2025,24-07-2025,31-07-2025,5,0.0,15006.6,Paid
1996,295,23,Rep_11,18-10-2024,18-10-2024,17-11-2024,29-12-2024,7,20.0,16353.51,Late
1997,276,27,Rep_12,14-12-2024,14-12-2024,13-01-2025,16-01-2025,3,20.0,3631.87,Paid
1998,901,62,Rep_11,08-10-2025,08-10-2025,07-11-2025,11-11-2025,10,15.0,60284.38,Paid
1999,860,61,Rep_2,18-02-2025,19-02-2025,21-03-2025,26-03-2025,2,20.0,1193.07,Paid
2000,818,76,Rep_24,14-12-2024,15-12-2024,14-01-2025,20-01-2025,8,5.0,76298.98,Paid
2001,661,52,Rep_9,13-11-2025,14-11-2025,14-12-2025,18-12-2025,7,15.0,43537.46,Paid
2002,419,90,Rep_9,19-04-2024,20-04-2024,20-05-2024,13-08-2024,1,15.0,4805.13,Late
2003,930,11,Rep_23,23-03-2024,23-03-2024,22-04-2024,,4,20.0,6456.42,Pending
2004,459,14,Rep_11,10-12-2024,11-12-2024,10-01-2025,13-01-2025,7,15.0,17857.85,Paid
2005,746,65,Rep_24,08-03-2025,08-03-2025,07-04-2025,11-04-2025,8,10.0,22878.5,Paid
2006,210,37,Rep_11,11-12-2025,11-12-2025,10-01-2026,,6,20.0,32503.25,Pending
2007,1000,36,Rep_10,27-11-2024,27-11-2024,27-12-2024,06-01-2025,7,15.0,5318.05,Paid
2008,845,92,Rep_29,27-09-2024,27-09-2024,27-10-2024,24-12-2024,2,15.0,7379.97,Late
2009,457,16,Rep_23,03-11-2024,03-11-2024,03-12-2024,24-01-2025,1,5.0,1262.65,Late
2010,439,96,Rep_25,25-06-2024,26-06-2024,26-07-2024,,5,20.0,31908.88,Pending
2011,530,83,Rep_7,21-10-2024,23-10-2024,22-11-2024,01-12-2024,7,20.0,12529.78,Paid
2012,360,29,Rep_13,20-01-2024,22-01-2024,21-02-2024,24-03-2024,2,5.0,10017.67,Late
2013,87,79,Rep_29,26-10-2025,26-10-2025,25-11-2025,27-11-2025,9,10.0,13104.67,Paid
2014,471,45,Rep_2,20-06-2025,21-06-2025,21-07-2025,24-08-2025,4,15.0,13711.35,Late
2015,766,55,Rep_25,08-08-2024,09-08-2024,08-09-2024,10-09-2024,4,20.0,18308.03,Paid
2016,766,95,Rep_22,07-09-2024,07-09-2024,07-10-2024,06-10-2024,3,5.0,2838.14,Paid
2017,489,92,Rep_12,18-02-2024,19-02-2024,20-03-2024,,2,15.0,7379.97,Pending
2018,908,55,Rep_11,26-06-2024,28-06-2024,28-07-2024,28-07-2024,7,5.0,38046.38,Paid
2019,522,79,Rep_22,21-07-2025,23-07-2025,22-08-2025,27-08-2025,5,15.0,6875.9,Paid
2020,246,37,Rep_26,29-05-2025,31-05-2025,30-06-2025,07-07-2025,6,5.0,38597.61,Paid
2021,846,4,Rep_28,02-09-2024,03-09-2024,03-10-2024,07-10-2024,9,15.0,22460.71,Paid
2022,982,62,Rep_3,07-03-2025,08-03-2025,07-04-2025,09-04-2025,10,15.0,60284.38,Paid
2023,773,61,Rep_21,31-07-2024,02-08-2024,01-09-2024,05-10-2024,10,20.0,5965.36,Late
2024,585,36,Rep_24,04-02-2024,05-02-2024,06-03-2024,09-03-2024,9,5.0,7641.9,Paid
2025,251,68,Rep_28,07-12-2024,09-12-2024,08-01-2025,11-01-2025,4,10.0,34500.02,Paid
2026,965,53,Rep_28,16-03-2025,16-03-2025,15-04-2025,23-04-2025,1,0.0,4417.48,Paid
2027,755,11,Rep_3,12-03-2024,12-03-2024,11-04-2024,03-07-2024,5,20.0,8070.52,Late
2028,706,98,Rep_4,04-09-2025,06-09-2025,06-10-2025,15-10-2025,7,10.0,7471.8,Paid
2029,326,65,Rep_24,08-08-2024,10-08-2024,09-09-2024,,5,15.0,13504.67,Pending
2030,460,55,Rep_9,05-04-2024,07-04-2024,07-05-2024,15-05-2024,7,20.0,32039.06,Paid
2031,751,75,Rep_1,25-02-2025,26-02-2025,28-03-2025,07-04-2025,7,20.0,42338.63,Paid
2032,730,18,Rep_20,12-01-2025,13-01-2025,12-02-2025,19-02-2025,10,10.0,19692.54,Paid
2033,736,22,Rep_30,19-12-2025,19-12-2025,18-01-2026,16-01-2026,3,20.0,2021.64,Paid
2034,18,41,Rep_3,11-10-2024,12-10-2024,11-11-2024,18-11-2024,9,15.0,27226.89,Paid
2035,364,9,Rep_28,09-08-2024,09-08-2024,08-09-2024,12-09-2024,1,10.0,186.86,Paid
2036,566,76,Rep_10,02-04-2024,03-04-2024,03-05-2024,12-05-2024,9,10.0,81318.65,Paid
2037,848,17,Rep_24,03-01-2024,03-01-2024,02-02-2024,04-02-2024,5,0.0,38662.2,Paid
2038,171,93,Rep_22,19-08-2024,21-08-2024,20-09-2024,21-09-2024,6,0.0,10868.82,Paid
2039,881,53,Rep_3,27-02-2025,28-02-2025,30-03-2025,,8,15.0,30038.86,Pending
2040,941,47,Rep_9,19-03-2024,21-03-2024,20-04-2024,18-04-2024,3,10.0,7267.37,Paid
2041,994,54,Rep_12,21-11-2024,23-11-2024,23-12-2024,14-02-2025,4,20.0,21338.11,Late
2042,711,16,Rep_17,15-05-2025,17-05-2025,16-06-2025,19-06-2025,10,20.0,10632.88,Paid
2043,908,87,Rep_17,18-03-2024,18-03-2024,17-04-2024,,9,15.0,12622.73,BadDebt
2044,997,15,Rep_28,20-01-2025,21-01-2025,20-02-2025,27-02-2025,3,5.0,17602.8,Paid
2045,226,40,Rep_3,29-06-2025,01-07-2025,31-07-2025,09-08-2025,1,0.0,5511.66,Paid
2046,887,50,Rep_20,12-07-2024,13-07-2024,12-08-2024,19-08-2024,3,10.0,4390.96,Paid
2047,589,60,Rep_5,04-09-2024,04-09-2024,04-10-2024,21-12-2024,2,5.0,8814.94,Late
2048,198,38,Rep_29,02-04-2024,02-04-2024,02-05-2024,06-05-2024,2,5.0,7328.98,Paid
2049,372,26,Rep_15,25-02-2024,25-02-2024,26-03-2024,24-03-2024,4,0.0,34468.56,Paid
2050,91,86,Rep_10,30-12-2025,30-12-2025,29-01-2026,,10,15.0,41502.86,Pending
2051,321,41,Rep_29,12-04-2025,13-04-2025,13-05-2025,28-07-2025,7,5.0,23667.82,Late
2052,802,72,Rep_2,07-07-2024,09-07-2024,08-08-2024,08-08-2024,7,20.0,30256.3,Paid
2053,701,11,Rep_13,24-09-2025,26-09-2025,26-10-2025,27-11-2025,7,0.0,14123.41,Late
2054,96,3,Rep_24,01-03-2024,03-03-2024,02-04-2024,12-06-2024,3,5.0,23614.47,Late
2055,549,19,Rep_21,03-03-2025,05-03-2025,04-04-2025,,3,0.0,28133.43,Pending
2056,666,49,Rep_16,25-09-2025,27-09-2025,27-10-2025,06-12-2025,1,20.0,6066.9,Late
2057,955,91,Rep_21,29-03-2024,31-03-2024,30-04-2024,03-05-2024,10,5.0,83325.26,Paid
2058,960,82,Rep_6,26-12-2024,27-12-2024,26-01-2025,26-01-2025,9,15.0,30325.67,Paid
2059,48,83,Rep_24,07-11-2025,08-11-2025,08-12-2025,,5,20.0,8949.84,Pending
2060,825,25,Rep_11,23-07-2025,24-07-2025,23-08-2025,,3,20.0,1086.7,Pending
2061,735,6,Rep_26,05-12-2024,07-12-2024,06-01-2025,,1,5.0,9292.41,BadDebt
2062,295,71,Rep_12,30-01-2024,30-01-2024,29-02-2024,23-05-2024,3,10.0,1261.9,Late
2063,908,62,Rep_19,26-09-2024,27-09-2024,27-10-2024,,7,20.0,39716.77,Pending
2064,892,11,Rep_23,11-10-2025,13-10-2025,12-11-2025,,10,20.0,16141.04,BadDebt
2065,37,13,Rep_16,02-02-2025,03-02-2025,05-03-2025,08-03-2025,7,5.0,44697.04,Paid
2066,949,66,Rep_13,29-03-2025,31-03-2025,30-04-2025,,6,15.0,56431.25,Pending
2067,54,54,Rep_4,24-10-2025,24-10-2025,23-11-2025,,3,20.0,16003.58,Pending
2068,889,25,Rep_15,23-07-2025,24-07-2025,23-08-2025,25-08-2025,8,20.0,2897.86,Paid
2069,82,97,Rep_24,14-08-2025,16-08-2025,15-09-2025,21-09-2025,1,5.0,7259.29,Paid
2070,878,67,Rep_19,23-08-2025,24-08-2025,23-09-2025,28-11-2025,3,20.0,8460.72,Late
2071,125,34,Rep_8,15-04-2025,17-04-2025,17-05-2025,10-07-2025,4,10.0,14351.33,Late
2072,904,12,Rep_24,22-02-2025,23-02-2025,25-03-2025,23-03-2025,10,10.0,92072.07,Paid
2073,9,72,Rep_22,18-09-2024,20-09-2024,20-10-2024,15-12-2024,9,15.0,41332.26,Late
2074,913,22,Rep_6,11-01-2025,13-01-2025,12-02-2025,,9,5.0,7202.09,Pending
2075,923,1,Rep_17,23-04-2024,25-04-2024,25-05-2024,26-05-2024,6,5.0,30903.8,Paid
2076,438,69,Rep_17,01-11-2024,03-11-2024,03-12-2024,,7,15.0,49898.48,Pending
2077,972,52,Rep_27,12-10-2024,13-10-2024,12-11-2024,27-12-2024,8,10.0,52683.98,Late
2078,343,19,Rep_22,22-03-2024,22-03-2024,21-04-2024,22-04-2024,2,15.0,15942.28,Paid
2079,338,77,Rep_15,05-10-2025,05-10-2025,04-11-2025,,10,15.0,7875.76,Pending
2080,90,88,Rep_25,06-03-2024,08-03-2024,07-04-2024,13-04-2024,7,5.0,41523.93,Paid
2081,767,84,Rep_14,30-04-2024,02-05-2024,01-06-2024,05-06-2024,5,10.0,4215.74,Paid
2082,326,10,Rep_14,01-01-2025,03-01-2025,02-02-2025,01-02-2025,10,15.0,43259.73,Paid
2083,740,2,Rep_4,21-02-2024,23-02-2024,24-03-2024,,6,20.0,40509.46,Pending
2084,197,5,Rep_17,28-03-2024,30-03-2024,29-04-2024,04-05-2024,3,5.0,2918.51,Paid
2085,555,96,Rep_2,08-08-2024,09-08-2024,08-09-2024,16-11-2024,3,15.0,20341.91,Late
2086,533,99,Rep_26,17-09-2024,18-09-2024,18-10-2024,16-10-2024,2,20.0,2836.53,Paid
2087,932,39,Rep_29,20-07-2025,20-07-2025,19-08-2025,22-08-2025,4,15.0,24758.49,Paid
2088,410,96,Rep_1,12-05-2025,12-05-2025,11-06-2025,,6,10.0,43076.99,Pending
2089,600,20,Rep_5,06-02-2025,06-02-2025,08-03-2025,12-03-2025,8,10.0,14688.07,Paid
2090,50,81,Rep_23,06-12-2024,08-12-2024,07-01-2025,16-01-2025,5,20.0,5068.12,Paid
2091,544,45,Rep_6,22-02-2025,23-02-2025,25-03-2025,23-06-2025,3,20.0,9678.6,Late
2092,901,46,Rep_22,24-11-2024,26-11-2024,26-12-2024,,4,20.0,2668.58,Pending
2093,349,41,Rep_20,16-07-2025,16-07-2025,15-08-2025,15-08-2025,7,5.0,23667.82,Paid
2094,490,83,Rep_27,08-06-2025,09-06-2025,09-07-2025,13-07-2025,1,15.0,1901.84,Paid
2095,683,73,Rep_12,14-12-2025,16-12-2025,15-01-2026,,10,20.0,28936.32,Pending
2096,157,74,Rep_22,24-11-2025,26-11-2025,26-12-2025,25-12-2025,5,20.0,35030.92,Paid
2097,940,36,Rep_16,26-09-2025,28-09-2025,28-10-2025,07-11-2025,4,20.0,2860.13,Paid
2098,456,56,Rep_10,24-12-2024,25-12-2024,24-01-2025,02-04-2025,1,15.0,2137.38,Late
2099,270,84,Rep_16,26-12-2025,26-12-2025,25-01-2026,27-01-2026,4,15.0,3185.22,Paid
2100,881,53,Rep_28,31-07-2025,31-07-2025,30-08-2025,,1,20.0,3533.98,Pending
2101,499,52,Rep_15,11-12-2025,11-12-2025,10-01-2026,09-01-2026,6,5.0,41708.15,Paid
2102,53,85,Rep_25,18-02-2024,18-02-2024,19-03-2024,22-03-2024,5,15.0,10018.78,Paid
2103,985,34,Rep_12,03-09-2024,05-09-2024,05-10-2024,13-10-2024,5,20.0,15945.92,Paid
2104,480,65,Rep_13,10-12-2024,11-12-2024,10-01-2025,11-01-2025,6,10.0,17158.88,Paid
2105,897,84,Rep_18,18-01-2025,19-01-2025,18-02-2025,26-02-2025,6,5.0,5339.93,Paid
2106,382,45,Rep_10,19-07-2025,19-07-2025,18-08-2025,31-10-2025,10,10.0,36294.75,Late
2107,371,65,Rep_4,10-04-2024,12-04-2024,12-05-2024,10-05-2024,3,20.0,7626.17,Paid
2108,421,22,Rep_15,01-09-2024,01-09-2024,01-10-2024,12-12-2024,5,15.0,3579.99,Late
2109,411,76,Rep_26,31-03-2025,02-04-2025,02-05-2025,18-06-2025,8,20.0,64251.78,Late
2110,252,38,Rep_7,07-05-2024,09-05-2024,08-06-2024,11-06-2024,10,10.0,34716.24,Paid
2111,291,48,Rep_3,16-02-2025,16-02-2025,18-03-2025,16-03-2025,4,20.0,16172.67,Paid
2112,631,87,Rep_15,01-02-2024,03-02-2024,04-03-2024,22-05-2024,2,15.0,2805.05,Late
2113,662,35,Rep_22,11-08-2025,11-08-2025,10-09-2025,14-09-2025,10,5.0,56937.77,Paid
2114,926,91,Rep_22,08-06-2024,08-06-2024,08-07-2024,31-08-2024,10,5.0,83325.26,Late
2115,203,55,Rep_2,13-05-2025,13-05-2025,12-06-2025,20-06-2025,6,20.0,27462.05,Paid
2116,137,69,Rep_25,05-07-2025,05-07-2025,04-08-2025,03-08-2025,4,5.0,31867.94,Paid
2117,8,10,Rep_20,05-10-2024,05-10-2024,04-11-2024,09-11-2024,5,5.0,24174.56,Paid
2118,415,87,Rep_29,18-08-2024,19-08-2024,18-09-2024,28-09-2024,10,15.0,14025.26,Paid
2119,712,35,Rep_8,16-06-2025,16-06-2025,16-07-2025,26-07-2025,1,0.0,5993.45,Paid
2120,793,81,Rep_28,23-03-2025,24-03-2025,23-04-2025,23-04-2025,7,0.0,8869.21,Paid
2121,972,86,Rep_26,01-03-2025,01-03-2025,31-03-2025,,8,20.0,31249.22,Pending
2122,908,65,Rep_7,19-06-2025,20-06-2025,20-07-2025,27-07-2025,2,0.0,6355.14,Paid
2123,171,10,Rep_19,27-09-2024,29-09-2024,29-10-2024,01-11-2024,3,15.0,12977.92,Paid
2124,658,70,Rep_25,04-08-2025,04-08-2025,03-09-2025,24-11-2025,10,10.0,77033.43,Late
2125,987,34,Rep_11,06-10-2025,08-10-2025,07-11-2025,10-11-2025,4,5.0,15148.62,Paid
2126,947,10,Rep_30,22-04-2024,24-04-2024,24-05-2024,03-06-2024,9,10.0,41223.98,Paid
2127,524,3,Rep_7,04-12-2025,05-12-2025,04-01-2026,05-01-2026,9,20.0,59657.62,Paid
2128,975,93,Rep_9,15-03-2025,17-03-2025,16-04-2025,15-04-2025,9,10.0,14672.91,Paid
2129,138,22,Rep_2,29-01-2024,29-01-2024,28-02-2024,05-03-2024,4,5.0,3200.93,Paid
2130,114,24,Rep_29,29-03-2025,29-03-2025,28-04-2025,02-05-2025,1,5.0,3441.12,Paid
2131,943,38,Rep_18,24-04-2025,25-04-2025,25-05-2025,01-06-2025,1,15.0,3278.76,Paid
2132,477,49,Rep_3,27-05-2024,29-05-2024,28-06-2024,26-06-2024,8,15.0,51568.62,Paid
2133,190,13,Rep_22,25-05-2025,25-05-2025,24-06-2025,30-06-2025,9,20.0,48393.79,Paid
2134,514,50,Rep_26,11-08-2025,11-08-2025,10-09-2025,18-09-2025,3,15.0,4147.01,Paid
2135,630,55,Rep_29,23-04-2025,24-04-2025,24-05-2025,31-05-2025,2,15.0,9726.14,Paid
2136,237,78,Rep_8,29-11-2025,29-11-2025,29-12-2025,31-12-2025,10,0.0,66992.5,Paid
2137,345,85,Rep_24,27-04-2024,29-04-2024,29-05-2024,,8,0.0,18858.88,Pending
2138,573,74,Rep_1,12-04-2024,12-04-2024,12-05-2024,18-05-2024,3,20.0,21018.55,Paid
2139,180,16,Rep_13,06-12-2024,06-12-2024,05-01-2025,06-01-2025,7,5.0,8838.58,Paid
2140,144,23,Rep_26,25-04-2024,26-04-2024,26-05-2024,05-06-2024,1,20.0,2336.22,Paid
2141,11,19,Rep_7,09-09-2025,09-09-2025,09-10-2025,12-10-2025,9,5.0,80180.28,Paid
2142,637,82,Rep_11,25-03-2024,25-03-2024,24-04-2024,29-04-2024,4,10.0,14270.9,Paid
2143,387,74,Rep_30,10-08-2024,12-08-2024,11-09-2024,19-10-2024,1,5.0,8319.84,Late
2144,91,20,Rep_19,10-07-2025,10-07-2025,09-08-2025,16-08-2025,6,10.0,11016.05,Paid
2145,580,75,Rep_16,13-01-2024,13-01-2024,12-02-2024,22-02-2024,10,15.0,64264.0,Paid
2146,498,90,Rep_10,28-01-2024,28-01-2024,27-02-2024,02-03-2024,9,15.0,43246.14,Paid
2147,260,90,Rep_21,26-01-2025,26-01-2025,25-02-2025,01-03-2025,5,20.0,22612.36,Paid
2148,329,27,Rep_13,01-09-2024,02-09-2024,02-10-2024,04-10-2024,2,20.0,2421.25,Paid
2149,887,86,Rep_21,22-03-2025,22-03-2025,21-04-2025,23-04-2025,4,10.0,17577.68,Paid
2150,954,76,Rep_8,10-04-2025,12-04-2025,12-05-2025,13-05-2025,2,15.0,17066.88,Paid
2151,595,54,Rep_1,07-04-2025,08-04-2025,08-05-2025,,8,10.0,48010.75,Pending
2152,288,69,Rep_12,14-02-2024,16-02-2024,17-03-2024,22-03-2024,4,0.0,33545.2,Paid
2153,878,44,Rep_23,23-10-2024,23-10-2024,22-11-2024,27-11-2024,10,20.0,39245.6,Paid
2154,823,62,Rep_29,27-02-2025,27-02-2025,29-03-2025,27-03-2025,8,20.0,45390.59,Paid
2155,297,87,Rep_13,25-12-2024,26-12-2024,25-01-2025,25-01-2025,9,20.0,11880.22,Paid
2156,216,38,Rep_9,03-06-2025,04-06-2025,04-07-2025,12-07-2025,1,5.0,3664.49,Paid
2157,390,68,Rep_21,23-12-2024,25-12-2024,24-01-2025,28-01-2025,7,20.0,53666.7,Paid
2158,418,9,Rep_28,11-08-2024,13-08-2024,12-09-2024,16-09-2024,9,15.0,1588.29,Paid
2159,452,59,Rep_8,25-03-2025,27-03-2025,26-04-2025,24-04-2025,4,20.0,9487.84,Paid
2160,604,24,Rep_4,30-03-2025,30-03-2025,29-04-2025,28-04-2025,1,15.0,3078.9,Paid
2161,612,54,Rep_6,25-06-2024,25-06-2024,25-07-2024,23-07-2024,7,20.0,37341.7,Paid
2162,701,100,Rep_13,04-09-2024,04-09-2024,04-10-2024,17-11-2024,10,20.0,26788.88,Late
2163,411,91,Rep_21,29-01-2024,30-01-2024,29-02-2024,02-03-2024,4,0.0,35084.32,Paid
2164,350,57,Rep_11,04-07-2025,05-07-2025,04-08-2025,04-08-2025,10,10.0,6570.0,Paid
2165,733,7,Rep_18,03-02-2024,04-02-2024,05-03-2024,,5,10.0,3159.14,Pending
2166,545,62,Rep_12,14-12-2024,14-12-2024,13-01-2025,20-01-2025,9,0.0,63830.52,Paid
2167,927,19,Rep_26,26-06-2025,26-06-2025,26-07-2025,31-07-2025,7,10.0,59080.2,Paid
2168,571,55,Rep_2,17-07-2025,19-07-2025,18-08-2025,23-08-2025,9,15.0,43767.64,Paid
2169,605,17,Rep_23,21-06-2024,21-06-2024,21-07-2024,20-07-2024,8,0.0,61859.52,Paid
2170,574,52,Rep_19,28-02-2025,28-02-2025,30-03-2025,,10,5.0,69513.59,Pending
2171,496,21,Rep_19,15-06-2025,16-06-2025,16-07-2025,26-07-2025,2,10.0,8408.66,Paid
2172,419,23,,13-08-2025,13-08-2025,12-09-2025,20-09-2025,10,15.0,24822.3,Paid
2173,200,98,Rep_23,06-07-2024,08-07-2024,07-08-2024,05-08-2024,8,0.0,9488.0,Paid
2174,540,63,Rep_21,15-11-2024,16-11-2024,16-12-2024,16-12-2024,1,5.0,1586.81,Paid
2175,85,93,Rep_20,15-05-2025,16-05-2025,15-06-2025,17-06-2025,2,15.0,3079.5,Paid
2176,886,90,Rep_15,10-03-2024,10-03-2024,09-04-2024,,5,15.0,24025.63,Pending
2177,758,3,Rep_27,10-04-2024,11-04-2024,11-05-2024,19-05-2024,10,15.0,70429.13,Paid
2178,889,93,Rep_26,11-02-2025,11-02-2025,13-03-2025,23-03-2025,6,10.0,9781.94,Paid
2179,14,74,Rep_23,16-01-2025,18-01-2025,17-02-2025,,3,5.0,24959.53,Pending
2180,437,7,Rep_3,31-03-2024,01-04-2024,01-05-2024,08-05-2024,3,5.0,2000.79,Paid
2181,680,69,Rep_24,16-12-2024,18-12-2024,17-01-2025,28-03-2025,8,0.0,67090.4,Late
2182,443,64,Rep_5,15-09-2025,16-09-2025,16-10-2025,14-10-2025,10,5.0,38890.15,Paid
2183,869,72,Rep_19,07-06-2024,09-06-2024,09-07-2024,31-08-2024,3,5.0,15398.29,Late
2184,4,35,Rep_19,12-08-2025,14-08-2025,13-09-2025,,8,20.0,38358.08,Pending
2185,352,69,Rep_26,08-10-2025,09-10-2025,08-11-2025,,2,0.0,16772.6,Pending
2186,455,11,Rep_28,16-10-2024,18-10-2024,17-11-2024,15-11-2024,8,10.0,14526.94,Paid
2187,811,40,Rep_5,06-07-2024,07-07-2024,06-08-2024,11-08-2024,4,20.0,17637.31,Paid
2188,82,67,Rep_8,12-07-2025,12-07-2025,11-08-2025,11-08-2025,5,20.0,14101.2,Paid
2189,662,56,Rep_7,26-12-2025,27-12-2025,26-01-2026,05-02-2026,5,10.0,11315.56,Paid
2190,351,39,Rep_11,29-09-2025,30-09-2025,30-10-2025,30-10-2025,10,15.0,61896.24,Paid
2191,771,92,Rep_8,10-11-2024,10-11-2024,10-12-2024,,1,5.0,4124.1,Pending
2192,547,83,Rep_21,20-01-2024,22-01-2024,21-02-2024,23-02-2024,8,20.0,14319.74,Paid
2193,52,73,Rep_5,20-10-2024,20-10-2024,19-11-2024,23-11-2024,6,15.0,18446.9,Paid
2194,172,52,Rep_5,26-01-2025,28-01-2025,27-02-2025,13-05-2025,3,5.0,20854.08,Late
2195,227,53,Rep_22,05-09-2025,05-09-2025,05-10-2025,15-10-2025,2,10.0,7951.46,Paid
2196,478,31,Rep_3,21-04-2024,23-04-2024,23-05-2024,28-05-2024,3,5.0,13252.47,Paid
2197,984,43,Rep_5,07-03-2025,09-03-2025,08-04-2025,,1,0.0,208.08,Pending
2198,817,29,Rep_19,10-08-2024,11-08-2024,10-09-2024,19-09-2024,5,15.0,22407.96,Paid
2199,249,98,Rep_3,24-10-2025,25-10-2025,24-11-2025,02-12-2025,7,15.0,7056.7,Paid
2200,256,77,Rep_8,21-01-2024,21-01-2024,20-02-2024,01-03-2024,3,10.0,2501.71,Paid
2201,11,6,Rep_27,26-07-2024,26-07-2024,25-08-2024,23-08-2024,10,0.0,97814.8,Paid
2202,70,83,Rep_22,15-11-2024,16-11-2024,16-12-2024,22-12-2024,8,5.0,17004.7,Paid
2203,732,37,Rep_24,29-06-2024,01-07-2024,31-07-2024,04-08-2024,10,15.0,57557.84,Paid
2204,444,57,Rep_8,07-01-2025,08-01-2025,07-02-2025,,4,20.0,2336.0,Pending
2205,410,76,Rep_16,20-01-2024,21-01-2024,20-02-2024,21-02-2024,10,5.0,95373.73,Paid
2206,228,43,Rep_30,12-04-2025,12-04-2025,12-05-2025,22-05-2025,9,0.0,1872.72,Paid
2207,284,44,Rep_14,11-09-2024,13-09-2024,13-10-2024,,4,0.0,19622.8,Pending
2208,866,23,Rep_23,05-06-2024,06-06-2024,06-07-2024,04-10-2024,5,0.0,14601.35,Late
2209,162,8,Rep_27,04-09-2024,04-09-2024,04-10-2024,07-10-2024,2,15.0,14004.8,Paid
2210,99,4,Rep_19,14-05-2025,16-05-2025,15-06-2025,18-06-2025,6,20.0,14092.99,Paid
2211,274,82,Rep_3,16-12-2025,16-12-2025,15-01-2026,15-01-2026,5,10.0,17838.63,Paid
2212,161,48,Rep_3,16-01-2025,16-01-2025,15-02-2025,16-02-2025,9,0.0,45485.64,Paid
2213,865,32,Rep_3,19-12-2024,19-12-2024,18-01-2025,27-01-2025,4,10.0,10018.91,Paid
2214,896,61,Rep_29,22-04-2024,23-04-2024,23-05-2024,02-06-2024,6,10.0,4026.62,Paid
2215,443,30,Rep_26,26-06-2024,28-06-2024,28-07-2024,28-07-2024,5,15.0,8443.35,Paid
2216,763,53,Rep_1,17-05-2024,17-05-2024,16-06-2024,22-06-2024,6,15.0,22529.15,Paid
2217,1,59,Rep_22,22-03-2025,22-03-2025,21-04-2025,23-04-2025,3,0.0,8894.85,Paid
2218,829,46,Rep_7,14-11-2025,16-11-2025,16-12-2025,21-12-2025,8,0.0,6671.44,Paid
2219,433,4,Rep_10,01-06-2025,01-06-2025,01-07-2025,07-09-2025,1,0.0,2936.04,Late
2220,428,94,Rep_18,08-04-2024,08-04-2024,08-05-2024,16-07-2024,3,15.0,7080.84,Late
2221,609,27,Rep_18,09-02-2024,10-02-2024,11-03-2024,07-06-2024,7,0.0,10592.96,Late
2222,418,66,Rep_30,29-04-2025,01-05-2025,31-05-2025,03-06-2025,2,20.0,17703.92,Paid
2223,359,81,Rep_13,06-02-2024,08-02-2024,09-03-2024,12-03-2024,7,20.0,7095.37,Paid
2224,537,5,Rep_18,13-01-2024,14-01-2024,13-02-2024,,8,5.0,7782.7,Pending
2225,685,38,Rep_15,03-04-2025,03-04-2025,03-05-2025,08-05-2025,4,10.0,13886.5,Paid
2226,745,93,Rep_29,30-12-2025,30-12-2025,29-01-2026,,4,0.0,7245.88,Pending
2227,613,75,Rep_7,05-10-2025,07-10-2025,06-11-2025,14-11-2025,5,10.0,34022.12,Paid
2228,914,11,Rep_24,23-09-2024,24-09-2024,24-10-2024,31-10-2024,1,15.0,1714.99,Paid
2229,382,9,Rep_14,28-07-2025,29-07-2025,28-08-2025,24-11-2025,2,0.0,415.24,Late
2230,685,78,Rep_21,09-01-2025,10-01-2025,09-02-2025,11-02-2025,4,0.0,26797.0,Paid
2231,215,76,Rep_25,30-05-2024,30-05-2024,29-06-2024,07-08-2024,6,20.0,48188.83,Late
2232,246,99,Rep_16,25-04-2025,27-04-2025,27-05-2025,06-06-2025,4,0.0,7091.32,Paid
2233,493,14,Rep_5,29-08-2025,29-08-2025,28-09-2025,04-11-2025,6,10.0,16207.13,Late
2234,106,19,Rep_2,25-09-2024,27-09-2024,27-10-2024,30-10-2024,5,10.0,42200.14,Paid
2235,303,76,Rep_16,02-02-2024,04-02-2024,05-03-2024,,1,20.0,8031.47,BadDebt
2236,470,31,Rep_7,16-06-2025,18-06-2025,18-07-2025,20-07-2025,7,0.0,32549.93,Paid
2237,791,37,Rep_10,11-09-2024,13-09-2024,13-10-2024,21-10-2024,1,0.0,6771.51,Paid
2238,162,79,Rep_19,10-11-2024,12-11-2024,12-12-2024,,1,15.0,1375.18,Pending
2239,660,53,Rep_12,17-11-2024,18-11-2024,18-12-2024,22-12-2024,3,20.0,10601.95,Paid
2240,621,49,Rep_5,09-06-2024,09-06-2024,09-07-2024,14-07-2024,6,15.0,38676.46,Paid
2241,133,29,Rep_3,20-10-2024,20-10-2024,19-11-2024,28-11-2024,8,15.0,35852.73,Paid
2242,532,73,Rep_14,14-02-2024,15-02-2024,16-03-2024,22-03-2024,3,20.0,8680.9,Paid
2243,45,91,Rep_10,09-07-2025,09-07-2025,08-08-2025,21-09-2025,10,5.0,83325.26,Late
2244,498,82,Rep_16,20-09-2025,20-09-2025,20-10-2025,24-10-2025,4,15.0,13478.08,Paid
2245,331,71,Rep_5,15-10-2024,16-10-2024,15-11-2024,13-11-2024,3,5.0,1332.0,Paid
2246,558,51,Rep_2,14-07-2024,16-07-2024,15-08-2024,20-08-2024,4,15.0,33047.83,Paid
2247,76,15,Rep_26,29-06-2025,29-06-2025,29-07-2025,02-08-2025,7,20.0,34587.95,Paid
2248,781,32,Rep_26,16-11-2025,18-11-2025,18-12-2025,22-12-2025,2,0.0,5566.06,Paid
2249,895,65,Rep_28,04-08-2025,06-08-2025,05-09-2025,04-09-2025,10,20.0,25420.56,Paid
2250,980,85,Rep_2,23-11-2025,25-11-2025,25-12-2025,27-12-2025,8,15.0,16030.05,Paid
2251,81,36,Rep_11,05-04-2024,05-04-2024,05-05-2024,08-07-2024,2,0.0,1787.58,Late
2252,715,91,Rep_15,25-08-2024,25-08-2024,24-09-2024,23-09-2024,8,20.0,56134.91,Paid
2253,370,54,Rep_22,02-01-2024,04-01-2024,03-02-2024,24-04-2024,1,15.0,5667.94,Late
2254,470,68,Rep_16,05-08-2024,05-08-2024,04-09-2024,03-09-2024,5,10.0,43125.03,Paid
2255,783,20,Rep_9,13-04-2025,14-04-2025,14-05-2025,19-05-2025,10,10.0,18360.09,Paid
2256,220,58,Rep_8,28-09-2024,29-09-2024,29-10-2024,05-11-2024,10,20.0,21517.92,Paid
2257,110,91,Rep_13,22-08-2024,23-08-2024,22-09-2024,01-12-2024,5,0.0,43855.4,Late
2258,73,1,Rep_23,29-01-2025,29-01-2025,28-02-2025,04-03-2025,8,10.0,39036.38,Paid
2259,47,45,Rep_20,15-05-2025,16-05-2025,15-06-2025,23-06-2025,1,0.0,4032.75,Paid
2260,341,38,Rep_1,20-02-2025,20-02-2025,22-03-2025,23-03-2025,7,0.0,27001.52,Paid
2261,452,38,Rep_17,17-06-2025,18-06-2025,18-07-2025,20-07-2025,9,15.0,29508.8,Paid
2262,72,60,Rep_15,13-01-2024,15-01-2024,14-02-2024,24-02-2024,2,0.0,9278.88,Paid
2263,5,97,Rep_10,14-03-2024,15-03-2024,14-04-2024,24-04-2024,4,15.0,25980.62,Paid
2264,829,26,Rep_25,07-02-2024,08-02-2024,09-03-2024,08-03-2024,2,15.0,14649.14,Paid
2265,54,5,Rep_26,11-10-2024,13-10-2024,12-11-2024,11-11-2024,5,10.0,4608.18,Paid
2266,870,76,Rep_24,09-03-2025,10-03-2025,09-04-2025,10-04-2025,4,20.0,32125.89,Paid
2267,719,44,Rep_12,18-01-2025,18-01-2025,17-02-2025,16-02-2025,8,0.0,39245.6,Paid
2268,2,97,Rep_13,26-02-2024,27-02-2024,28-03-2024,07-04-2024,10,20.0,61130.88,Paid
2269,220,93,Rep_15,30-01-2025,01-02-2025,03-03-2025,12-03-2025,10,15.0,15397.5,Paid
2270,582,39,Rep_5,13-03-2025,15-03-2025,14-04-2025,,5,20.0,29127.64,Pending
2271,201,96,Rep_22,27-07-2025,28-07-2025,27-08-2025,21-10-2025,6,5.0,45470.15,Late
2272,567,59,Rep_29,10-11-2025,10-11-2025,10-12-2025,09-12-2025,4,10.0,10673.82,Paid
2273,940,78,Rep_21,03-02-2025,04-02-2025,06-03-2025,,7,0.0,46894.75,Pending
2274,894,30,Rep_13,23-11-2024,24-11-2024,24-12-2024,23-12-2024,2,15.0,3377.34,Paid
2275,602,72,Rep_7,19-09-2025,19-09-2025,19-10-2025,,6,10.0,29175.71,Pending
2276,548,89,Rep_28,02-09-2025,03-09-2025,03-10-2025,05-10-2025,6,10.0,10168.9,Paid
2277,735,31,Rep_24,13-09-2024,15-09-2024,15-10-2024,24-10-2024,2,20.0,7439.98,Paid
2278,155,47,Rep_6,25-11-2024,25-11-2024,25-12-2024,02-01-2025,1,10.0,2422.46,Paid
2279,55,1,Rep_14,19-02-2024,21-02-2024,22-03-2024,01-04-2024,2,0.0,10843.44,Paid
2280,73,75,Rep_3,15-04-2025,15-04-2025,15-05-2025,25-05-2025,5,20.0,30241.88,Paid
2281,2,7,Rep_13,19-11-2025,21-11-2025,21-12-2025,21-12-2025,4,20.0,2246.5,Paid
2282,640,7,Rep_22,27-11-2025,29-11-2025,29-12-2025,,9,15.0,5370.53,Pending
2283,76,8,Rep_14,27-09-2024,29-09-2024,29-10-2024,28-10-2024,8,15.0,56019.22,Paid
2284,962,47,Rep_17,20-11-2024,22-11-2024,22-12-2024,29-12-2024,3,5.0,7671.12,Paid
2285,900,18,Rep_13,22-01-2024,23-01-2024,22-02-2024,21-02-2024,9,15.0,16738.66,Paid
2286,645,81,Rep_14,16-08-2024,16-08-2024,15-09-2024,19-09-2024,5,0.0,6335.15,Paid
2287,325,81,Rep_5,16-09-2025,18-09-2025,18-10-2025,23-10-2025,7,10.0,7982.29,Paid
2288,592,86,Rep_18,10-03-2024,12-03-2024,11-04-2024,12-04-2024,3,10.0,13183.26,Paid
2289,909,82,Rep_9,15-02-2025,16-02-2025,18-03-2025,,3,15.0,10108.56,Pending
2290,640,73,Rep_9,24-11-2024,24-11-2024,24-12-2024,,6,5.0,20617.13,Pending
2291,533,36,Rep_29,11-09-2024,13-09-2024,13-10-2024,23-10-2024,9,15.0,6837.49,Paid
2292,317,29,Rep_16,14-08-2024,14-08-2024,13-09-2024,11-09-2024,10,20.0,42179.68,Paid
2293,862,43,Rep_17,20-11-2024,22-11-2024,22-12-2024,30-12-2024,1,15.0,176.87,Paid
2294,625,7,Rep_8,24-06-2024,25-06-2024,25-07-2024,03-08-2024,3,0.0,2106.09,Paid
2295,120,53,Rep_11,01-07-2024,03-07-2024,02-08-2024,,7,0.0,30922.36,Pending
2296,75,69,Rep_8,07-01-2024,07-01-2024,06-02-2024,09-02-2024,10,20.0,67090.4,Paid
2297,994,74,Rep_21,19-07-2024,21-07-2024,20-08-2024,21-10-2024,10,10.0,78819.57,Late
2298,261,93,Rep_30,07-04-2025,08-04-2025,08-05-2025,07-05-2025,2,15.0,3079.5,Paid
2299,224,91,Rep_6,24-06-2025,25-06-2025,25-07-2025,28-07-2025,7,15.0,52187.93,Paid
2300,569,38,Rep_8,13-06-2024,13-06-2024,13-07-2024,23-07-2024,1,20.0,3085.89,Paid
2301,971,66,Rep_8,17-12-2025,17-12-2025,16-01-2026,16-01-2026,5,20.0,44259.8,Paid
2302,859,22,Rep_21,23-04-2024,23-04-2024,23-05-2024,,9,20.0,6064.92,Pending
2303,734,55,Rep_3,27-12-2024,28-12-2024,27-01-2025,27-01-2025,3,0.0,17163.78,Paid
2304,866,3,Rep_6,17-07-2025,18-07-2025,17-08-2025,22-08-2025,5,0.0,41428.9,Paid
2305,715,56,Rep_3,02-08-2024,04-08-2024,03-09-2024,02-09-2024,3,20.0,6034.97,Paid
2306,20,3,Rep_23,07-01-2025,07-01-2025,06-02-2025,05-02-2025,10,10.0,74572.02,Paid
2307,440,23,Rep_8,31-07-2024,02-08-2024,01-09-2024,02-09-2024,7,0.0,20441.89,Paid
2308,158,96,Rep_21,31-10-2025,02-11-2025,02-12-2025,11-12-2025,4,10.0,28717.99,Paid
2309,468,43,Rep_4,28-07-2024,30-07-2024,29-08-2024,02-09-2024,10,5.0,1976.76,Paid
2310,727,51,Rep_16,14-08-2024,14-08-2024,13-09-2024,23-09-2024,7,20.0,54431.72,Paid
2311,313,2,Rep_3,11-09-2024,11-09-2024,11-10-2024,,5,10.0,37977.62,Pending
2312,399,13,Rep_26,22-03-2025,23-03-2025,22-04-2025,27-04-2025,1,0.0,6721.36,Paid
2313,566,4,Rep_14,12-04-2024,13-04-2024,13-05-2024,19-06-2024,8,15.0,19965.07,Late
2314,175,67,Rep_1,04-01-2024,06-01-2024,05-02-2024,04-02-2024,2,10.0,6345.54,Paid
2315,988,53,Rep_27,22-09-2025,24-09-2025,24-10-2025,,7,0.0,30922.36,BadDebt
2316,340,48,Rep_27,12-06-2024,14-06-2024,14-07-2024,14-07-2024,3,20.0,12129.5,Paid
2317,467,83,Rep_13,31-03-2025,02-04-2025,02-05-2025,05-05-2025,5,0.0,11187.3,Paid
2318,349,96,Rep_25,23-11-2025,23-11-2025,23-12-2025,21-12-2025,2,0.0,15954.44,Paid
2319,333,41,Rep_6,02-06-2025,04-06-2025,04-07-2025,04-07-2025,8,15.0,24201.68,Paid
2320,227,11,Rep_12,31-03-2025,01-04-2025,01-05-2025,29-04-2025,4,0.0,8070.52,Paid
2321,547,65,Rep_29,08-01-2024,10-01-2024,09-02-2024,10-04-2024,2,20.0,5084.11,Late
2322,317,17,Rep_25,01-07-2024,03-07-2024,02-08-2024,,4,10.0,27836.78,BadDebt
2323,749,47,Rep_15,02-09-2025,02-09-2025,02-10-2025,11-10-2025,6,20.0,12919.78,Paid
2324,622,12,Rep_10,19-04-2024,21-04-2024,21-05-2024,26-05-2024,10,20.0,81841.84,Paid
2325,479,53,Rep_1,26-05-2024,27-05-2024,26-06-2024,,6,0.0,26504.88,Pending
2326,914,46,Rep_25,27-06-2025,29-06-2025,29-07-2025,27-07-2025,2,10.0,1501.07,Paid
2327,389,91,Rep_14,18-06-2025,20-06-2025,20-07-2025,23-08-2025,1,20.0,7016.86,Late
2328,73,17,Rep_30,18-11-2025,20-11-2025,20-12-2025,26-12-2025,10,20.0,61859.52,Paid
2329,400,14,Rep_21,29-04-2024,01-05-2024,31-05-2024,07-06-2024,10,15.0,25511.22,Paid
2330,337,90,Rep_24,07-02-2025,07-02-2025,09-03-2025,,4,5.0,21481.74,Pending
2331,532,87,Rep_21,27-12-2024,27-12-2024,26-01-2025,04-02-2025,9,20.0,11880.22,Paid
2332,792,99,Rep_30,21-09-2024,21-09-2024,21-10-2024,,8,15.0,12055.24,Pending
2333,9,83,Rep_11,05-01-2024,06-01-2024,05-02-2024,12-02-2024,5,20.0,8949.84,Paid
2334,923,83,Rep_2,06-11-2025,07-11-2025,07-12-2025,,5,10.0,10068.57,Pending
2335,596,22,Rep_15,12-03-2025,12-03-2025,11-04-2025,21-04-2025,6,10.0,4548.69,Paid
2336,582,14,Rep_30,06-12-2025,07-12-2025,06-01-2026,16-01-2026,5,5.0,14256.27,Paid
2337,944,79,Rep_23,12-06-2025,13-06-2025,13-07-2025,,10,0.0,16178.6,Pending
2338,990,55,Rep_16,07-01-2025,09-01-2025,08-02-2025,,8,20.0,36616.06,Pending
2339,682,71,Rep_23,14-03-2024,15-03-2024,14-04-2024,16-04-2024,4,10.0,1682.53,Paid
2340,454,84,Rep_30,17-11-2025,17-11-2025,17-12-2025,11-03-2026,8,15.0,6370.44,Late
2341,881,25,Rep_13,19-11-2024,21-11-2024,21-12-2024,29-12-2024,1,15.0,384.87,Paid
2342,153,25,Rep_14,21-07-2024,23-07-2024,22-08-2024,12-10-2024,5,0.0,2263.95,Late
2343,619,44,Rep_5,13-05-2024,15-05-2024,14-06-2024,24-06-2024,1,5.0,4660.42,Paid
2344,700,51,Rep_15,18-11-2024,18-11-2024,18-12-2024,19-12-2024,6,10.0,52487.73,Paid
2345,609,89,Rep_10,24-02-2024,24-02-2024,25-03-2024,25-03-2024,4,10.0,6779.27,Paid
2346,628,43,Rep_2,04-02-2024,06-02-2024,07-03-2024,10-03-2024,6,10.0,1123.63,Paid
2347,153,5,Rep_9,11-02-2024,12-02-2024,13-03-2024,15-03-2024,2,5.0,1945.68,Paid
2348,812,47,Rep_19,31-07-2025,01-08-2025,31-08-2025,21-11-2025,7,0.0,18841.34,Late
2349,679,77,Rep_24,05-04-2024,07-04-2024,07-05-2024,15-05-2024,1,15.0,787.58,Paid
2350,928,20,Rep_10,21-06-2024,21-06-2024,21-07-2024,,9,5.0,17442.09,Pending
2351,571,89,Rep_11,27-12-2024,27-12-2024,26-01-2025,28-01-2025,6,10.0,10168.9,Paid
2352,53,17,Rep_18,21-02-2025,21-02-2025,23-03-2025,20-05-2025,1,15.0,6572.57,Late
2353,689,40,Rep_27,09-08-2024,09-08-2024,08-09-2024,13-09-2024,7,5.0,36652.54,Paid
2354,30,67,Rep_27,01-07-2024,03-07-2024,02-08-2024,17-09-2024,7,20.0,19741.68,Late
2355,971,55,Rep_12,30-07-2025,30-07-2025,29-08-2025,06-09-2025,3,5.0,16305.59,Paid
2356,693,3,Rep_24,14-02-2025,14-02-2025,16-03-2025,23-03-2025,1,15.0,7042.91,Paid
2357,349,87,Rep_2,20-04-2024,20-04-2024,20-05-2024,21-05-2024,10,5.0,15675.28,Paid
2358,614,61,Rep_25,16-06-2024,16-06-2024,16-07-2024,25-07-2024,2,20.0,1193.07,Paid
2359,237,76,Rep_28,12-10-2025,12-10-2025,11-11-2025,22-12-2025,10,15.0,85334.39,Late
2360,26,62,Rep_17,28-03-2024,28-03-2024,27-04-2024,01-05-2024,1,0.0,7092.28,Paid
2361,475,57,Rep_18,13-10-2024,13-10-2024,12-11-2024,10-11-2024,6,10.0,3942.0,Paid
2362,456,22,Rep_24,14-07-2025,14-07-2025,13-08-2025,14-08-2025,3,5.0,2400.7,Paid
2363,984,11,Rep_23,20-06-2024,21-06-2024,21-07-2024,,9,0.0,18158.67,BadDebt
2364,516,75,Rep_14,27-11-2024,27-11-2024,27-12-2024,13-02-2025,8,15.0,51411.2,Late
2365,842,3,Rep_9,24-10-2025,25-10-2025,24-11-2025,,5,15.0,35214.56,Pending
2366,351,23,Rep_29,05-01-2025,06-01-2025,05-02-2025,11-02-2025,8,10.0,21025.94,Paid
2367,15,57,Rep_25,04-01-2024,06-01-2024,05-02-2024,07-02-2024,7,10.0,4599.0,Paid
2368,445,12,Rep_13,25-05-2024,27-05-2024,26-06-2024,03-07-2024,8,5.0,77749.75,Paid
2369,815,77,Rep_15,19-05-2024,21-05-2024,20-06-2024,30-07-2024,7,0.0,6485.92,Late
2370,350,26,Rep_13,19-05-2025,19-05-2025,18-06-2025,22-06-2025,1,10.0,7755.43,Paid
2371,11,26,Rep_28,17-03-2024,19-03-2024,18-04-2024,29-06-2024,7,15.0,51271.98,Late
2372,377,82,Rep_9,06-03-2024,06-03-2024,05-04-2024,11-04-2024,4,0.0,15856.56,Paid
2373,702,47,Rep_20,31-08-2024,01-09-2024,01-10-2024,03-10-2024,2,15.0,4575.75,Paid
2374,632,72,Rep_23,28-11-2025,29-11-2025,29-12-2025,04-01-2026,8,0.0,43223.28,Paid
2375,742,88,Rep_15,13-02-2025,14-02-2025,16-03-2025,,2,10.0,11239.56,Pending
2376,742,8,Rep_24,27-04-2025,28-04-2025,28-05-2025,29-05-2025,4,15.0,28009.61,Paid
2377,389,58,Rep_3,17-12-2025,17-12-2025,16-01-2026,18-01-2026,7,0.0,18828.18,Paid
2378,949,74,Rep_6,01-01-2024,01-01-2024,31-01-2024,29-01-2024,2,15.0,14888.14,Paid
2379,50,20,Rep_1,22-12-2024,24-12-2024,23-01-2025,28-01-2025,3,5.0,5814.03,Paid
2380,177,80,Rep_22,26-04-2025,27-04-2025,27-05-2025,,10,15.0,31894.12,Pending
2381,680,43,Rep_9,17-10-2025,17-10-2025,16-11-2025,,7,10.0,1310.9,Pending
2382,172,45,Rep_3,03-06-2024,04-06-2024,04-07-2024,12-07-2024,10,10.0,36294.75,Paid
2383,116,45,Rep_30,04-08-2024,05-08-2024,04-09-2024,14-09-2024,6,0.0,24196.5,Paid
2384,628,99,Rep_4,23-08-2024,24-08-2024,23-09-2024,13-12-2024,7,20.0,9927.85,Late
2385,923,49,Rep_2,05-01-2024,07-01-2024,06-02-2024,11-02-2024,2,15.0,12892.15,Paid
2386,534,39,Rep_2,22-09-2025,24-09-2025,24-10-2025,30-10-2025,2,10.0,13107.44,Paid
2387,217,44,Rep_11,30-05-2025,31-05-2025,30-06-2025,09-07-2025,1,10.0,4415.13,Paid
2388,633,74,Rep_15,25-07-2025,26-07-2025,25-08-2025,27-08-2025,6,5.0,49919.06,Paid
2389,112,13,Rep_9,29-04-2024,29-04-2024,29-05-2024,27-05-2024,9,10.0,54443.02,Paid
2390,435,66,Rep_3,16-09-2025,18-09-2025,18-10-2025,27-10-2025,6,20.0,53111.76,Paid
2391,847,74,Rep_23,25-02-2025,25-02-2025,27-03-2025,28-03-2025,1,15.0,7444.07,Paid
2392,545,2,Rep_16,10-02-2024,10-02-2024,11-03-2024,15-03-2024,5,5.0,40087.48,Paid
2393,138,2,Rep_18,08-12-2024,09-12-2024,08-01-2025,08-01-2025,10,20.0,67515.76,Paid
2394,736,79,Rep_18,24-05-2024,24-05-2024,23-06-2024,,5,15.0,6875.9,Pending
2395,313,50,Rep_30,06-01-2024,07-01-2024,06-02-2024,07-02-2024,8,0.0,13010.24,Paid
2396,486,24,Rep_26,23-03-2024,24-03-2024,23-04-2024,28-04-2024,3,15.0,9236.69,Paid
2397,820,19,Rep_15,28-09-2025,28-09-2025,28-10-2025,01-11-2025,10,20.0,75022.48,Paid
2398,555,68,Rep_25,17-04-2025,18-04-2025,18-05-2025,20-05-2025,6,20.0,46000.03,Paid
2399,71,31,Rep_29,11-10-2024,11-10-2024,10-11-2024,17-11-2024,3,20.0,11159.98,Paid
2400,708,43,Rep_29,08-09-2025,09-09-2025,09-10-2025,14-10-2025,6,0.0,1248.48,Paid
2401,618,4,Rep_8,23-04-2024,23-04-2024,23-05-2024,15-08-2024,9,10.0,23781.92,Late
2402,808,86,Rep_5,23-12-2024,24-12-2024,23-01-2025,22-01-2025,6,15.0,24901.72,Paid
2403,246,8,Rep_11,21-04-2025,21-04-2025,21-05-2025,24-05-2025,10,10.0,74143.08,Paid
2404,105,49,Rep_27,05-02-2024,05-02-2024,06-03-2024,04-05-2024,5,5.0,36022.2,Late
2405,692,23,Rep_6,28-10-2025,30-10-2025,29-11-2025,30-01-2026,2,20.0,4672.43,Late
2406,468,46,Rep_23,04-03-2025,04-03-2025,03-04-2025,,2,5.0,1584.47,Pending
2407,558,24,Rep_23,24-07-2025,25-07-2025,24-08-2025,03-09-2025,1,15.0,3078.9,Paid
2408,356,80,Rep_27,06-06-2025,07-06-2025,07-07-2025,11-07-2025,4,10.0,13508.1,Paid
2409,536,4,Rep_6,18-06-2024,20-06-2024,20-07-2024,,9,5.0,25103.14,Pending
2410,536,91,Rep_30,07-07-2025,08-07-2025,07-08-2025,05-08-2025,6,20.0,42101.18,Paid
2411,539,98,Rep_11,13-11-2024,13-11-2024,13-12-2024,13-12-2024,9,10.0,9606.6,Paid
2412,249,11,Rep_24,16-11-2025,16-11-2025,16-12-2025,26-01-2026,10,20.0,16141.04,Late
2413,172,27,Rep_5,12-06-2024,12-06-2024,12-07-2024,16-07-2024,7,20.0,8474.37,Paid
2414,952,96,Rep_17,07-05-2025,09-05-2025,08-06-2025,12-06-2025,9,10.0,64615.48,Paid
2415,388,4,Rep_15,06-09-2024,06-09-2024,06-10-2024,11-10-2024,8,20.0,18790.66,Paid
2416,980,96,Rep_12,08-01-2024,09-01-2024,08-02-2024,14-02-2024,4,5.0,30313.44,Paid
2417,773,97,Rep_21,13-10-2025,15-10-2025,14-11-2025,15-11-2025,6,15.0,38970.94,Paid
2418,824,58,Rep_17,26-05-2025,28-05-2025,27-06-2025,30-07-2025,1,10.0,2420.77,Late
2419,599,61,Rep_12,11-08-2024,11-08-2024,10-09-2024,,8,5.0,5667.09,Pending
2420,830,58,Rep_11,24-01-2024,25-01-2024,24-02-2024,15-05-2024,5,0.0,13448.7,Late
2421,421,67,Rep_15,10-09-2025,12-09-2025,12-10-2025,25-12-2025,4,20.0,11280.96,Late
2422,301,14,Rep_14,16-04-2024,17-04-2024,17-05-2024,23-05-2024,9,0.0,27011.88,Paid
2423,885,37,Rep_10,13-02-2025,15-02-2025,17-03-2025,23-03-2025,7,10.0,42660.51,Paid
2424,286,66,Rep_6,18-11-2025,19-11-2025,19-12-2025,15-02-2026,8,5.0,84093.62,Late
2425,73,89,Rep_15,15-06-2024,16-06-2024,16-07-2024,19-07-2024,6,20.0,9039.02,Paid
2426,676,55,Rep_14,14-06-2024,14-06-2024,14-07-2024,16-07-2024,6,20.0,27462.05,Paid
2427,500,53,Rep_23,25-01-2024,27-01-2024,26-02-2024,29-02-2024,4,0.0,17669.92,Paid
2428,881,32,Rep_25,12-08-2025,14-08-2025,13-09-2025,12-09-2025,4,20.0,8905.7,Paid
2429,558,29,Rep_3,10-09-2024,11-09-2024,11-10-2024,18-10-2024,1,10.0,4745.21,Paid
2430,690,3,Rep_15,29-04-2024,30-04-2024,30-05-2024,13-07-2024,8,10.0,59657.62,Late
2431,652,84,Rep_12,05-04-2025,06-04-2025,06-05-2025,16-05-2025,8,0.0,7494.64,Paid
2432,676,80,Rep_11,11-01-2025,12-01-2025,11-02-2025,18-02-2025,5,10.0,16885.12,Paid
2433,380,48,Rep_21,27-01-2024,28-01-2024,27-02-2024,06-03-2024,4,15.0,17183.46,Paid
2434,118,39,Rep_6,10-06-2025,11-06-2025,11-07-2025,,5,0.0,36409.55,Pending
2435,135,95,Rep_25,09-11-2025,10-11-2025,10-12-2025,08-12-2025,8,20.0,6373.38,Paid
2436,666,41,Rep_12,08-04-2024,08-04-2024,08-05-2024,17-05-2024,3,0.0,10677.21,Paid
2437,728,38,Rep_25,23-11-2024,23-11-2024,23-12-2024,24-12-2024,1,5.0,3664.49,Paid
2438,269,60,Rep_7,26-07-2024,26-07-2024,25-08-2024,04-09-2024,9,5.0,39667.21,Paid
2439,372,88,Rep_23,04-09-2024,04-09-2024,04-10-2024,09-11-2024,3,10.0,16859.34,Late
2440,206,99,Rep_26,22-03-2025,22-03-2025,21-04-2025,01-05-2025,1,20.0,1418.26,Paid
2441,843,71,Rep_19,09-02-2024,10-02-2024,11-03-2024,23-05-2024,3,10.0,1261.9,Late
2442,725,4,Rep_11,16-10-2024,17-10-2024,16-11-2024,18-11-2024,2,5.0,5578.48,Paid
2443,9,12,Rep_24,20-07-2025,22-07-2025,21-08-2025,31-08-2025,2,5.0,19437.44,Paid
2444,269,65,Rep_29,28-12-2025,29-12-2025,28-01-2026,29-01-2026,4,20.0,10168.22,Paid
2445,560,54,Rep_25,30-03-2024,30-03-2024,29-04-2024,01-05-2024,3,0.0,20004.48,Paid
2446,89,90,Rep_10,25-12-2025,25-12-2025,24-01-2026,25-01-2026,1,0.0,5653.09,Paid
2447,167,80,Rep_10,22-06-2025,24-06-2025,24-07-2025,30-07-2025,9,0.0,33770.25,Paid
2448,162,25,Rep_22,29-04-2024,01-05-2024,31-05-2024,07-06-2024,10,0.0,4527.9,Paid
2449,329,51,Rep_14,29-07-2025,31-07-2025,30-08-2025,13-10-2025,2,15.0,16523.92,Late
2450,642,52,Rep_21,15-05-2025,15-05-2025,14-06-2025,,2,15.0,12439.27,BadDebt
2451,562,73,Rep_28,04-04-2024,06-04-2024,06-05-2024,12-05-2024,8,10.0,26042.69,Paid
2452,245,93,Rep_16,29-07-2024,29-07-2024,28-08-2024,29-08-2024,5,10.0,8151.62,Paid
2453,916,67,Rep_5,01-05-2025,02-05-2025,01-06-2025,10-06-2025,8,15.0,23972.04,Paid
2454,881,84,Rep_7,15-04-2025,15-04-2025,15-05-2025,19-05-2025,4,0.0,3747.32,Paid
2455,983,83,Rep_1,30-05-2025,01-06-2025,01-07-2025,09-07-2025,1,10.0,2013.71,Paid
2456,778,74,Rep_15,18-09-2025,19-09-2025,19-10-2025,,4,0.0,35030.92,Pending
2457,354,77,Rep_5,14-09-2025,15-09-2025,15-10-2025,22-10-2025,7,15.0,5513.03,Paid
2458,254,28,Rep_26,07-12-2025,08-12-2025,07-01-2026,12-01-2026,2,10.0,7244.33,Paid
2459,508,9,Rep_7,07-10-2024,09-10-2024,08-11-2024,12-11-2024,4,5.0,788.96,Paid
2460,819,97,Rep_18,19-02-2025,20-02-2025,22-03-2025,,8,10.0,55017.79,Pending
2461,566,25,Rep_16,30-09-2025,02-10-2025,01-11-2025,06-11-2025,6,20.0,2173.39,Paid
2462,538,42,Rep_28,08-07-2025,10-07-2025,09-08-2025,12-08-2025,9,10.0,84782.38,Paid
2463,636,99,Rep_6,27-04-2024,29-04-2024,29-05-2024,,1,5.0,1684.19,Pending
2464,241,55,Rep_19,22-05-2025,24-05-2025,23-06-2025,24-06-2025,9,15.0,43767.64,Paid
2465,198,19,Rep_17,03-09-2024,05-09-2024,05-10-2024,07-10-2024,4,15.0,31884.55,Paid
2466,432,36,Rep_25,13-06-2025,14-06-2025,14-07-2025,28-09-2025,5,0.0,4468.95,Late
2467,40,52,Rep_2,21-08-2024,21-08-2024,20-09-2024,23-09-2024,3,20.0,17561.33,Paid
2468,367,66,Rep_6,05-11-2024,05-11-2024,05-12-2024,04-12-2024,5,10.0,49792.28,Paid
2469,724,40,Rep_4,29-12-2025,29-12-2025,28-01-2026,26-04-2026,2,0.0,11023.32,Late
2470,396,4,Rep_1,22-07-2024,23-07-2024,22-08-2024,28-08-2024,10,5.0,27892.38,Paid
2471,350,44,Rep_8,27-12-2025,29-12-2025,28-01-2026,31-01-2026,5,5.0,23302.08,Paid
2472,772,33,Rep_22,25-08-2024,26-08-2024,25-09-2024,27-09-2024,1,5.0,1402.84,Paid
2473,703,41,Rep_1,14-10-2024,15-10-2024,14-11-2024,06-01-2025,7,15.0,21176.47,Late
2474,95,77,Rep_17,27-02-2025,01-03-2025,31-03-2025,,3,15.0,2362.73,BadDebt
2475,602,61,Rep_8,30-09-2024,02-10-2024,01-11-2024,31-10-2024,8,5.0,5667.09,Paid
2476,674,8,Rep_25,17-08-2025,18-08-2025,17-09-2025,27-11-2025,8,0.0,65904.96,Late
2477,588,11,Rep_7,20-02-2025,22-02-2025,24-03-2025,,6,0.0,12105.78,Pending
2478,710,34,Rep_24,20-01-2024,20-01-2024,19-02-2024,25-02-2024,5,20.0,15945.92,Paid
2479,833,60,Rep_19,04-02-2024,04-02-2024,05-03-2024,05-03-2024,8,20.0,29692.42,Paid
2480,727,16,Rep_11,08-11-2024,08-11-2024,08-12-2024,11-12-2024,5,10.0,5981.0,Paid
2481,856,11,Rep_6,14-12-2025,15-12-2025,14-01-2026,30-03-2026,6,15.0,10289.91,Late
2482,991,2,Rep_15,24-04-2024,25-04-2024,25-05-2024,,2,15.0,14347.1,Pending
2483,802,37,Rep_18,14-12-2025,15-12-2025,14-01-2026,15-01-2026,6,0.0,40629.06,Paid
2484,167,55,Rep_1,12-10-2024,14-10-2024,13-11-2024,18-11-2024,2,0.0,11442.52,Paid
2485,990,14,Rep_24,08-05-2024,10-05-2024,09-06-2024,28-07-2024,6,15.0,15306.73,Late
2486,42,35,Rep_12,02-08-2025,03-08-2025,02-09-2025,01-09-2025,5,5.0,28468.89,Paid
2487,807,70,Rep_22,25-07-2024,27-07-2024,26-08-2024,26-08-2024,9,15.0,65478.42,Paid
2488,569,16,Rep_15,06-11-2025,06-11-2025,06-12-2025,06-12-2025,7,10.0,8373.39,Paid
2489,484,13,Rep_22,25-03-2024,26-03-2024,25-04-2024,25-04-2024,2,20.0,10754.18,Paid
2490,810,77,Rep_14,11-10-2024,11-10-2024,10-11-2024,,1,15.0,787.58,Pending
2491,308,52,Rep_25,20-09-2024,21-09-2024,21-10-2024,29-10-2024,2,0.0,14634.44,Paid
2492,372,39,Rep_28,25-06-2024,27-06-2024,27-07-2024,21-10-2024,8,5.0,55342.52,Late
2493,345,91,Rep_2,08-07-2024,08-07-2024,07-08-2024,16-08-2024,8,10.0,63151.78,Paid
2494,574,16,Rep_21,09-10-2025,09-10-2025,08-11-2025,08-11-2025,6,0.0,7974.66,Paid
2495,569,4,Rep_22,17-07-2025,17-07-2025,16-08-2025,11-10-2025,8,20.0,18790.66,Late
2496,746,3,Rep_21,31-05-2024,02-06-2024,02-07-2024,11-07-2024,4,20.0,26514.5,Paid
2497,471,9,Rep_1,23-02-2025,24-02-2025,26-03-2025,03-04-2025,9,5.0,1775.15,Paid
2498,194,88,Rep_8,28-04-2025,28-04-2025,28-05-2025,14-08-2025,10,0.0,62442.0,Late
2499,796,8,Rep_16,24-06-2025,26-06-2025,26-07-2025,04-08-2025,7,15.0,49016.81,Paid
2500,814,97,Rep_5,24-12-2025,24-12-2025,23-01-2026,29-01-2026,4,10.0,27508.9,Paid
2501,709,56,Rep_28,18-05-2025,20-05-2025,19-06-2025,24-06-2025,7,5.0,16721.89,Paid
2502,294,87,Rep_22,02-10-2024,03-10-2024,02-11-2024,07-11-2024,3,15.0,4207.58,Paid
2503,792,77,,06-06-2025,06-06-2025,06-07-2025,11-07-2025,10,10.0,8339.04,Paid
2504,942,6,Rep_6,17-07-2024,18-07-2024,17-08-2024,17-08-2024,3,0.0,29344.44,Paid
2505,232,8,Rep_12,09-08-2024,09-08-2024,08-09-2024,02-11-2024,5,10.0,37071.54,Late
2506,229,31,Rep_2,11-01-2024,13-01-2024,12-02-2024,,1,15.0,3952.49,Pending
2507,233,43,Rep_16,29-03-2024,30-03-2024,29-04-2024,29-04-2024,3,10.0,561.82,Paid
2508,129,44,Rep_26,26-12-2025,28-12-2025,27-01-2026,06-02-2026,10,20.0,39245.6,Paid
2509,859,27,Rep_16,13-02-2025,15-02-2025,17-03-2025,,7,20.0,8474.37,Pending
2510,223,34,Rep_5,12-05-2024,12-05-2024,11-06-2024,14-06-2024,7,5.0,26510.09,Paid
2511,853,29,Rep_26,24-05-2025,26-05-2025,25-06-2025,28-06-2025,10,5.0,50088.37,Paid
2512,483,99,Rep_7,16-12-2025,18-12-2025,17-01-2026,,1,20.0,1418.26,Pending
2513,918,5,Rep_7,28-07-2024,30-07-2024,29-08-2024,31-08-2024,4,5.0,3891.35,Paid
2514,648,81,Rep_21,04-07-2025,06-07-2025,05-08-2025,07-08-2025,6,15.0,6461.85,Paid
2515,561,81,Rep_21,13-01-2024,14-01-2024,13-02-2024,18-02-2024,2,20.0,2027.25,Paid
2516,771,88,Rep_21,24-11-2025,24-11-2025,24-12-2025,28-12-2025,10,15.0,53075.7,Paid
2517,303,48,Rep_23,23-12-2025,24-12-2025,23-01-2026,01-02-2026,3,0.0,15161.88,Paid
2518,228,60,Rep_21,27-09-2025,29-09-2025,29-10-2025,31-10-2025,1,10.0,4175.5,Paid
2519,203,83,Rep_5,08-09-2025,09-09-2025,09-10-2025,12-10-2025,10,5.0,21255.87,Paid
2520,570,28,Rep_22,12-10-2025,14-10-2025,13-11-2025,20-11-2025,8,20.0,25757.63,Paid
2521,884,28,Rep_17,24-11-2025,24-11-2025,24-12-2025,27-12-2025,1,5.0,3823.4,Paid
2522,596,87,Rep_13,06-03-2025,07-03-2025,06-04-2025,25-06-2025,2,0.0,3300.06,Late
2523,898,95,Rep_10,26-10-2025,28-10-2025,27-11-2025,05-12-2025,1,15.0,846.46,Paid
2524,483,12,Rep_12,31-10-2024,02-11-2024,02-12-2024,08-12-2024,7,5.0,68031.03,Paid
2525,92,94,Rep_5,01-01-2024,01-01-2024,31-01-2024,31-01-2024,5,5.0,13189.8,Paid
2526,361,73,Rep_14,14-02-2025,14-02-2025,16-03-2025,,8,10.0,26042.69,Pending
2527,619,33,Rep_12,21-09-2025,22-09-2025,22-10-2025,,5,0.0,7383.35,Pending
2528,762,37,Rep_17,28-02-2025,01-03-2025,31-03-2025,08-04-2025,6,5.0,38597.61,Paid
2529,33,7,Rep_13,02-06-2024,04-06-2024,04-07-2024,,1,5.0,666.93,Pending
2530,227,88,Rep_24,20-06-2024,21-06-2024,21-07-2024,02-10-2024,8,5.0,47455.92,Late
2531,941,65,Rep_4,07-04-2025,08-04-2025,08-05-2025,15-05-2025,2,15.0,5401.87,Paid
2532,35,78,Rep_28,11-01-2024,12-01-2024,11-02-2024,15-02-2024,7,0.0,46894.75,Paid
2533,424,40,Rep_20,07-11-2024,08-11-2024,08-12-2024,12-02-2025,10,5.0,52360.77,Late
2534,962,36,Rep_16,03-04-2024,04-04-2024,04-05-2024,,1,20.0,715.03,BadDebt
2535,425,38,Rep_25,25-12-2025,27-12-2025,26-01-2026,03-02-2026,9,0.0,34716.24,Paid
2536,253,92,Rep_23,05-10-2024,06-10-2024,05-11-2024,12-11-2024,5,10.0,19535.22,Paid
2537,240,70,Rep_1,27-03-2025,29-03-2025,28-04-2025,,6,5.0,48787.84,Pending
2538,399,56,Rep_19,19-12-2024,19-12-2024,18-01-2025,23-01-2025,9,10.0,20368.02,Paid
2539,772,70,Rep_20,29-05-2025,29-05-2025,28-06-2025,,5,5.0,40656.53,BadDebt
2540,521,41,Rep_2,25-09-2025,25-09-2025,25-10-2025,29-10-2025,3,10.0,9609.49,Paid
2541,585,83,Rep_10,28-08-2025,30-08-2025,29-09-2025,03-10-2025,10,5.0,21255.87,Paid
2542,238,46,Rep_22,14-09-2024,16-09-2024,16-10-2024,19-10-2024,3,0.0,2501.79,Paid
2543,33,31,Rep_10,31-05-2025,01-06-2025,01-07-2025,07-07-2025,9,0.0,41849.91,Paid
2544,298,49,Rep_9,13-03-2025,13-03-2025,12-04-2025,,10,0.0,75836.2,Pending
2545,471,56,Rep_26,19-08-2025,19-08-2025,18-09-2025,17-09-2025,7,0.0,17601.99,Paid
2546,773,31,Rep_23,11-08-2025,13-08-2025,12-09-2025,15-09-2025,6,20.0,22319.95,Paid
2547,72,82,Rep_8,30-07-2025,01-08-2025,31-08-2025,10-09-2025,5,0.0,19820.7,Paid
2548,382,17,Rep_17,10-07-2025,11-07-2025,10-08-2025,22-10-2025,7,0.0,54127.08,Late
2549,768,1,Rep_29,27-01-2024,27-01-2024,26-02-2024,07-03-2024,8,5.0,41205.07,Paid
2550,71,24,Rep_18,28-10-2024,29-10-2024,28-11-2024,,2,20.0,5795.57,Pending
2551,766,84,Rep_21,02-04-2024,04-04-2024,04-05-2024,11-05-2024,10,0.0,9368.3,Paid
2552,383,5,Rep_3,30-12-2024,31-12-2024,30-01-2025,29-01-2025,10,5.0,9728.38,Paid
2553,815,85,Rep_7,19-05-2025,19-05-2025,18-06-2025,24-06-2025,1,10.0,2121.62,Paid
2554,770,72,Rep_19,09-01-2025,09-01-2025,08-02-2025,17-02-2025,2,20.0,8644.66,Paid
2555,833,18,Rep_28,17-03-2024,17-03-2024,16-04-2024,19-04-2024,3,5.0,6235.97,Paid
2556,272,6,Rep_16,12-11-2025,12-11-2025,12-12-2025,,4,15.0,33257.03,Pending
2557,535,72,Rep_4,23-12-2024,24-12-2024,23-01-2025,28-01-2025,5,20.0,21611.64,Paid
2558,941,24,Rep_27,28-02-2025,02-03-2025,01-04-2025,30-03-2025,4,0.0,14488.92,Paid
2559,76,55,Rep_21,21-11-2024,22-11-2024,22-12-2024,22-12-2024,2,0.0,11442.52,Paid
2560,84,16,Rep_6,14-11-2025,16-11-2025,16-12-2025,24-12-2025,4,20.0,4253.15,Paid
2561,598,96,Rep_26,04-06-2025,05-06-2025,05-07-2025,05-07-2025,1,15.0,6780.64,Paid
2562,679,44,Rep_29,06-09-2025,07-09-2025,07-10-2025,16-10-2025,9,20.0,35321.04,Paid
2563,397,82,Rep_12,20-04-2024,22-04-2024,22-05-2024,16-08-2024,9,0.0,35677.26,Late
2564,67,19,Rep_25,20-02-2024,20-02-2024,21-03-2024,21-04-2024,9,0.0,84400.29,Late
2565,706,72,Rep_23,14-01-2024,15-01-2024,14-02-2024,24-02-2024,7,0.0,37820.37,Paid
2566,929,14,Rep_9,19-09-2024,19-09-2024,19-10-2024,24-12-2024,4,10.0,10804.75,Late
2567,897,46,Rep_5,31-01-2024,01-02-2024,02-03-2024,10-03-2024,6,20.0,4002.86,Paid
2568,468,34,Rep_12,14-12-2024,15-12-2024,14-01-2025,20-01-2025,4,20.0,12756.74,Paid
2569,42,63,Rep_22,21-09-2024,21-09-2024,21-10-2024,23-10-2024,2,10.0,3006.59,Paid
2570,636,46,Rep_21,10-04-2025,12-04-2025,12-05-2025,16-05-2025,3,10.0,2251.61,Paid
2571,466,52,Rep_28,03-02-2025,05-02-2025,07-03-2025,14-03-2025,6,5.0,41708.15,Paid
2572,508,18,Rep_30,21-06-2025,23-06-2025,23-07-2025,28-07-2025,5,15.0,9299.25,Paid
2573,990,88,Rep_13,31-01-2025,31-01-2025,02-03-2025,07-03-2025,7,0.0,43709.4,Paid
2574,737,70,Rep_26,12-02-2025,13-02-2025,15-03-2025,16-03-2025,5,20.0,34237.08,Paid
2575,898,71,Rep_12,31-08-2025,02-09-2025,02-10-2025,,7,15.0,2780.85,BadDebt
2576,860,64,Rep_7,17-05-2025,19-05-2025,18-06-2025,18-06-2025,2,10.0,7368.66,Paid
2577,961,19,Rep_13,26-11-2024,26-11-2024,26-12-2024,27-12-2024,6,5.0,53453.52,Paid
2578,1,67,Rep_15,24-11-2024,26-11-2024,26-12-2024,20-03-2025,10,10.0,31727.7,Late
2579,371,8,Rep_7,13-12-2024,13-12-2024,12-01-2025,15-01-2025,4,10.0,29657.23,Paid
2580,528,35,Rep_8,15-01-2025,16-01-2025,15-02-2025,22-02-2025,10,5.0,56937.77,Paid
2581,744,92,Rep_29,29-12-2025,29-12-2025,28-01-2026,27-01-2026,3,20.0,10418.78,Paid
2582,743,14,Rep_16,10-10-2024,12-10-2024,11-11-2024,10-11-2024,5,0.0,15006.6,Paid
2583,272,89,Rep_28,20-07-2024,22-07-2024,21-08-2024,20-10-2024,8,20.0,12052.03,Late
2584,775,20,Rep_20,08-04-2024,08-04-2024,08-05-2024,14-05-2024,3,5.0,5814.03,Paid
2585,887,88,Rep_10,13-06-2025,13-06-2025,13-07-2025,21-07-2025,1,0.0,6244.2,Paid
2586,419,45,Rep_16,19-04-2025,21-04-2025,21-05-2025,08-08-2025,7,5.0,26817.79,Late
2587,290,100,Rep_5,21-12-2024,21-12-2024,20-01-2025,30-01-2025,5,20.0,13394.44,Paid
2588,776,64,Rep_4,03-10-2025,03-10-2025,02-11-2025,04-11-2025,3,5.0,11667.04,Paid
2589,478,68,Rep_9,26-11-2025,28-11-2025,28-12-2025,04-03-2026,1,10.0,8625.01,Late
2590,236,71,Rep_16,23-06-2025,23-06-2025,23-07-2025,28-07-2025,3,0.0,1402.11,Paid
2591,938,49,Rep_23,26-12-2025,26-12-2025,25-01-2026,31-01-2026,9,15.0,58014.69,Paid
2592,458,11,Rep_27,12-11-2025,12-11-2025,12-12-2025,17-12-2025,6,5.0,11500.49,Paid
2593,934,50,Rep_22,22-07-2025,23-07-2025,22-08-2025,21-08-2025,6,5.0,9269.8,Paid
2594,493,38,Rep_13,29-12-2025,29-12-2025,28-01-2026,30-01-2026,4,0.0,15429.44,Paid
2595,945,37,Rep_10,30-12-2024,30-12-2024,29-01-2025,05-02-2025,7,10.0,42660.51,Paid
2596,210,28,Rep_12,11-03-2024,13-03-2024,12-04-2024,06-07-2024,8,0.0,32197.04,Late
2597,839,32,Rep_15,10-10-2024,12-10-2024,11-11-2024,,3,20.0,6679.27,Pending
2598,26,97,Rep_20,16-02-2024,18-02-2024,19-03-2024,27-03-2024,5,5.0,36296.46,Paid
2599,757,92,Rep_3,09-07-2025,11-07-2025,10-08-2025,16-08-2025,7,0.0,30388.12,Paid
2600,488,66,Rep_5,17-02-2025,17-02-2025,19-03-2025,,3,0.0,33194.85,Pending
2601,262,28,Rep_10,12-04-2025,13-04-2025,13-05-2025,,4,20.0,12878.82,BadDebt
2602,47,27,Rep_2,07-08-2024,07-08-2024,06-09-2024,06-09-2024,4,20.0,4842.5,Paid
2603,450,2,Rep_18,23-10-2024,24-10-2024,23-11-2024,22-11-2024,5,20.0,33757.88,Paid
2604,471,61,Rep_25,23-05-2025,24-05-2025,23-06-2025,21-06-2025,4,15.0,2535.28,Paid
2605,13,1,Rep_6,19-11-2025,20-11-2025,20-12-2025,29-12-2025,3,5.0,15451.9,Paid
2606,661,69,Rep_18,10-05-2024,10-05-2024,09-06-2024,10-06-2024,9,15.0,64155.19,Paid
2607,781,57,Rep_1,16-05-2024,17-05-2024,16-06-2024,26-06-2024,4,20.0,2336.0,Paid
2608,740,100,Rep_13,03-01-2025,05-01-2025,04-02-2025,08-02-2025,10,5.0,31811.8,Paid
2609,407,5,Rep_30,06-10-2024,08-10-2024,07-11-2024,08-11-2024,2,5.0,1945.68,Paid
2610,349,67,Rep_22,10-10-2024,12-10-2024,11-11-2024,,9,0.0,31727.7,Pending
2611,881,56,Rep_24,25-12-2024,25-12-2024,24-01-2025,26-01-2025,3,0.0,7543.71,Paid
2612,571,88,Rep_9,31-03-2024,01-04-2024,01-05-2024,02-06-2024,5,20.0,24976.8,Late
2613,542,13,Rep_27,26-03-2024,28-03-2024,27-04-2024,30-04-2024,10,10.0,60492.24,Paid
2614,641,91,Rep_25,16-01-2025,18-01-2025,17-02-2025,,3,0.0,26313.24,Pending
2615,107,27,Rep_13,23-02-2025,23-02-2025,25-03-2025,,7,10.0,9533.66,Pending
2616,533,64,Rep_27,02-05-2025,03-05-2025,02-06-2025,03-06-2025,6,20.0,19649.76,Paid
2617,92,63,Rep_21,20-09-2024,22-09-2024,22-10-2024,25-10-2024,4,20.0,5345.06,Paid
2618,305,23,Rep_16,18-03-2025,19-03-2025,18-04-2025,,4,5.0,11097.03,Pending
2619,118,47,Rep_17,29-01-2024,29-01-2024,28-02-2024,27-02-2024,4,20.0,8613.18,Paid
2620,316,37,Rep_9,06-07-2024,08-07-2024,07-08-2024,09-08-2024,8,20.0,43337.66,Paid
2621,619,2,Rep_13,30-03-2024,30-03-2024,29-04-2024,,9,15.0,64561.95,Pending
2622,930,33,Rep_29,16-04-2025,18-04-2025,18-05-2025,20-05-2025,10,20.0,11813.36,Paid
2623,544,85,Rep_6,28-01-2024,29-01-2024,28-02-2024,06-03-2024,7,15.0,14026.29,Paid
2624,599,87,Rep_8,07-02-2025,07-02-2025,09-03-2025,09-03-2025,4,15.0,5610.1,Paid
2625,59,47,Rep_16,05-06-2025,06-06-2025,06-07-2025,11-07-2025,3,10.0,7267.37,Paid
2626,865,97,Rep_29,23-10-2025,24-10-2025,23-11-2025,01-12-2025,8,20.0,48904.7,Paid
2627,8,16,Rep_7,28-04-2024,30-04-2024,30-05-2024,07-06-2024,10,0.0,13291.1,Paid
2628,188,94,Rep_18,27-02-2025,27-02-2025,29-03-2025,05-06-2025,7,20.0,15550.08,Late
2629,889,83,Rep_16,04-12-2025,06-12-2025,05-01-2026,04-01-2026,1,20.0,1789.97,Paid
2630,356,65,Rep_30,22-01-2025,23-01-2025,22-02-2025,,10,10.0,28598.13,Pending
2631,876,53,Rep_16,07-10-2024,08-10-2024,07-11-2024,,1,5.0,4196.61,Pending
2632,505,85,Rep_24,10-03-2025,11-03-2025,10-04-2025,20-04-2025,5,10.0,10608.12,Paid
2633,634,34,Rep_26,20-08-2025,22-08-2025,21-09-2025,26-09-2025,2,10.0,7175.66,Paid
2634,282,57,Rep_8,15-09-2024,16-09-2024,16-10-2024,25-10-2024,3,10.0,1971.0,Paid
2635,174,77,Rep_8,24-10-2025,24-10-2025,23-11-2025,25-11-2025,9,20.0,6671.23,Paid
2636,265,43,Rep_16,28-01-2024,28-01-2024,27-02-2024,01-03-2024,5,20.0,832.32,Paid
2637,384,30,Rep_20,28-06-2025,28-06-2025,28-07-2025,03-08-2025,6,15.0,10132.02,Paid
2638,417,77,Rep_1,23-01-2025,24-01-2025,23-02-2025,,9,0.0,8339.04,BadDebt
2639,470,27,Rep_23,26-02-2024,27-02-2024,28-03-2024,26-03-2024,7,5.0,10063.31,Paid
2640,31,41,Rep_28,15-04-2024,15-04-2024,15-05-2024,10-08-2024,3,15.0,9075.63,Late
2641,647,75,Rep_9,18-03-2025,18-03-2025,17-04-2025,19-04-2025,7,15.0,44984.8,Paid
2642,808,51,Rep_19,18-03-2025,20-03-2025,19-04-2025,20-04-2025,3,15.0,24785.87,Paid
2643,271,15,Rep_3,09-12-2024,11-12-2024,10-01-2025,08-01-2025,10,10.0,55587.78,Paid
2644,644,63,Rep_10,22-03-2025,22-03-2025,21-04-2025,27-04-2025,2,20.0,2672.53,Paid
2645,269,76,Rep_28,17-04-2025,18-04-2025,18-05-2025,23-05-2025,4,20.0,32125.89,Paid
2646,438,12,Rep_16,26-09-2024,27-09-2024,27-10-2024,30-10-2024,8,10.0,73657.66,Paid
2647,216,44,Rep_15,24-01-2024,25-01-2024,24-02-2024,05-03-2024,3,15.0,12509.53,Paid
2648,414,68,Rep_30,26-04-2025,27-04-2025,27-05-2025,01-06-2025,1,15.0,8145.84,Paid
2649,697,16,Rep_5,12-06-2024,14-06-2024,14-07-2024,23-07-2024,7,0.0,9303.77,Paid
2650,473,33,Rep_8,07-01-2025,09-01-2025,08-02-2025,14-02-2025,5,0.0,7383.35,Paid
2651,958,65,Rep_25,01-04-2025,01-04-2025,01-05-2025,10-05-2025,9,0.0,28598.13,Paid
2652,822,97,Rep_15,18-02-2025,20-02-2025,22-03-2025,20-03-2025,7,10.0,48140.57,Paid
2653,780,69,Rep_8,28-11-2025,30-11-2025,30-12-2025,05-01-2026,5,20.0,33545.2,Paid
2654,862,99,Rep_20,25-12-2024,26-12-2024,25-01-2025,28-01-2025,5,0.0,8864.15,Paid
2655,190,66,Rep_22,29-02-2024,02-03-2024,01-04-2024,31-03-2024,8,20.0,70815.68,Paid
2656,823,33,Rep_20,08-09-2024,10-09-2024,10-10-2024,,7,15.0,8786.19,Pending
2657,274,34,Rep_6,30-09-2024,30-09-2024,30-10-2024,07-11-2024,10,10.0,35878.32,Paid
2658,35,60,Rep_25,03-10-2025,04-10-2025,03-11-2025,12-11-2025,6,5.0,26444.81,Paid
2659,762,47,Rep_8,11-06-2024,11-06-2024,11-07-2024,21-09-2024,1,5.0,2557.04,Late
2660,615,22,Rep_1,08-09-2024,09-09-2024,09-10-2024,04-12-2024,6,10.0,4548.69,Late
2661,659,76,Rep_6,30-04-2024,01-05-2024,31-05-2024,10-06-2024,1,5.0,9537.37,Paid
2662,150,81,Rep_7,15-09-2025,16-09-2025,16-10-2025,22-10-2025,6,0.0,7602.18,Paid
2663,971,69,Rep_2,23-05-2024,25-05-2024,24-06-2024,03-07-2024,7,20.0,46963.28,Paid
2664,896,16,Rep_15,10-12-2025,10-12-2025,09-01-2026,07-01-2026,6,10.0,7177.19,Paid
2665,529,46,Rep_23,30-03-2025,31-03-2025,30-04-2025,01-05-2025,10,20.0,6671.44,Paid
2666,697,42,Rep_28,30-08-2024,01-09-2024,01-10-2024,24-11-2024,2,20.0,16747.14,Late
2667,784,66,Rep_4,21-05-2024,22-05-2024,21-06-2024,,3,20.0,26555.88,Pending
2668,190,47,Rep_11,08-01-2025,10-01-2025,09-02-2025,13-02-2025,9,20.0,19379.66,Paid
2669,250,7,Rep_17,09-06-2025,09-06-2025,09-07-2025,18-07-2025,10,10.0,6318.27,Paid
2670,106,87,Rep_4,12-12-2024,12-12-2024,11-01-2025,31-03-2025,5,20.0,6600.12,Late
2671,866,42,Rep_2,01-02-2024,03-02-2024,04-03-2024,12-03-2024,5,10.0,47101.32,Paid
2672,341,4,Rep_11,30-03-2025,31-03-2025,30-04-2025,03-05-2025,6,10.0,15854.62,Paid
2673,80,8,Rep_25,03-06-2025,05-06-2025,05-07-2025,05-07-2025,8,15.0,56019.22,Paid
2674,643,64,Rep_17,19-05-2025,20-05-2025,19-06-2025,19-06-2025,6,10.0,22105.98,Paid
2675,872,37,Rep_23,23-08-2025,23-08-2025,22-09-2025,27-09-2025,10,0.0,67715.1,Paid
2676,339,47,Rep_30,06-09-2025,07-09-2025,07-10-2025,09-10-2025,10,15.0,22878.77,Paid
2677,915,14,Rep_16,22-03-2025,23-03-2025,22-04-2025,30-04-2025,10,10.0,27011.88,Paid
2678,338,47,Rep_20,23-08-2025,23-08-2025,22-09-2025,20-09-2025,3,15.0,6863.63,Paid
2679,22,49,Rep_13,04-11-2024,04-11-2024,04-12-2024,03-03-2025,3,15.0,19338.23,Late
2680,825,9,Rep_30,16-10-2024,17-10-2024,16-11-2024,,4,10.0,747.43,Pending
2681,51,8,Rep_12,13-12-2024,14-12-2024,13-01-2025,,6,20.0,39542.98,Pending
2682,987,44,Rep_26,07-01-2025,08-01-2025,07-02-2025,17-03-2025,7,20.0,27471.92,Late
2683,674,62,Rep_10,17-12-2025,18-12-2025,17-01-2026,15-01-2026,9,20.0,51064.42,Paid
2684,762,75,Rep_3,03-04-2024,03-04-2024,03-05-2024,13-05-2024,1,10.0,6804.42,Paid
2685,338,88,Rep_8,27-04-2025,29-04-2025,29-05-2025,29-05-2025,2,20.0,9990.72,Paid
2686,393,6,Rep_29,22-09-2025,24-09-2025,24-10-2025,,2,15.0,16628.52,Pending
2687,519,70,Rep_18,24-12-2024,26-12-2024,25-01-2025,24-01-2025,1,10.0,7703.34,Paid
2688,81,12,Rep_2,20-04-2024,21-04-2024,21-05-2024,02-07-2024,1,5.0,9718.72,Late
2689,195,88,Rep_2,25-11-2025,27-11-2025,27-12-2025,28-12-2025,10,15.0,53075.7,Paid
2690,3,86,Rep_3,16-11-2025,16-11-2025,16-12-2025,24-12-2025,8,20.0,31249.22,Paid
2691,630,28,Rep_14,24-06-2025,25-06-2025,25-07-2025,30-07-2025,9,0.0,36221.67,Paid
2692,766,35,Rep_6,18-05-2024,20-05-2024,19-06-2024,20-06-2024,5,20.0,23973.8,Paid
2693,415,56,Rep_9,26-10-2024,27-10-2024,26-11-2024,05-12-2024,7,10.0,15841.79,Paid
2694,573,25,Rep_26,01-12-2025,01-12-2025,31-12-2025,10-03-2026,7,15.0,2694.1,Late
2695,531,12,Rep_17,30-11-2025,02-12-2025,01-01-2026,06-01-2026,5,10.0,46036.04,Paid
2696,91,40,Rep_26,20-09-2024,21-09-2024,21-10-2024,04-12-2024,10,20.0,44093.28,Late
2697,828,56,Rep_21,17-02-2025,18-02-2025,20-03-2025,21-03-2025,10,10.0,22631.13,Paid
2698,813,75,Rep_22,12-01-2024,14-01-2024,13-02-2024,,7,10.0,47630.96,Pending
2699,532,9,Rep_25,04-05-2024,06-05-2024,05-06-2024,,3,5.0,591.72,BadDebt
2700,999,83,Rep_7,19-05-2024,20-05-2024,19-06-2024,24-06-2024,3,5.0,6376.76,Paid
2701,724,72,Rep_30,03-10-2024,03-10-2024,02-11-2024,,2,5.0,10265.53,BadDebt
2702,905,67,Rep_22,30-11-2024,01-12-2024,31-12-2024,29-12-2024,5,10.0,15863.85,Paid
2703,911,42,,22-11-2025,23-11-2025,23-12-2025,31-12-2025,6,15.0,53381.5,Paid
2704,908,46,Rep_9,11-12-2024,11-12-2024,10-01-2025,18-02-2025,7,15.0,4961.88,Late
2705,271,28,Rep_14,28-02-2025,28-02-2025,30-03-2025,28-03-2025,6,15.0,20525.61,Paid
2706,904,33,Rep_9,16-09-2024,16-09-2024,16-10-2024,18-10-2024,3,0.0,4430.01,Paid
2707,103,48,Rep_22,20-05-2024,20-05-2024,19-06-2024,18-06-2024,10,0.0,50539.6,Paid
2708,349,53,Rep_3,18-01-2025,20-01-2025,19-02-2025,20-02-2025,6,20.0,21203.9,Paid
2709,193,24,Rep_16,09-07-2024,11-07-2024,10-08-2024,15-08-2024,7,15.0,21552.27,Paid
2710,709,92,Rep_30,18-02-2024,19-02-2024,20-03-2024,21-03-2024,9,0.0,39070.44,Paid
2711,820,65,Rep_20,22-09-2025,22-09-2025,22-10-2025,23-12-2025,1,0.0,3177.57,Late
2712,274,45,Rep_20,15-04-2025,17-04-2025,17-05-2025,14-08-2025,5,20.0,16131.0,Late
2713,868,17,Rep_4,29-04-2025,29-04-2025,29-05-2025,21-07-2025,10,20.0,61859.52,Late
2714,221,41,Rep_2,30-05-2025,30-05-2025,29-06-2025,27-06-2025,8,15.0,24201.68,Paid
2715,12,77,Rep_30,05-06-2024,05-06-2024,05-07-2024,11-07-2024,10,15.0,7875.76,Paid
2716,471,15,Rep_5,16-10-2024,17-10-2024,16-11-2024,16-11-2024,1,10.0,5558.78,Paid
2717,255,12,Rep_13,02-07-2024,03-07-2024,02-08-2024,05-08-2024,7,0.0,71611.61,Paid
2718,424,46,Rep_11,13-12-2024,15-12-2024,14-01-2025,24-01-2025,3,10.0,2251.61,Paid
2719,468,18,Rep_11,25-02-2024,27-02-2024,28-03-2024,05-04-2024,8,0.0,17504.48,Paid
2720,8,46,Rep_3,02-12-2025,03-12-2025,02-01-2026,31-12-2025,7,20.0,4670.01,Paid
2721,995,23,Rep_8,26-03-2024,28-03-2024,27-04-2024,01-05-2024,8,20.0,18689.73,Paid
2722,815,25,Rep_10,11-08-2025,11-08-2025,10-09-2025,08-12-2025,4,0.0,1811.16,Late
2723,718,41,Rep_28,24-03-2024,25-03-2024,24-04-2024,22-04-2024,8,20.0,22778.05,Paid
2724,541,30,Rep_21,02-02-2024,02-02-2024,03-03-2024,07-03-2024,5,15.0,8443.35,Paid
2725,339,95,Rep_21,23-04-2024,25-04-2024,25-05-2024,03-06-2024,1,10.0,896.26,Paid
2726,331,91,Rep_7,08-11-2024,10-11-2024,10-12-2024,20-12-2024,6,0.0,52626.48,Paid
2727,794,47,Rep_23,10-09-2024,10-09-2024,10-10-2024,,4,5.0,10228.16,BadDebt
2728,717,39,Rep_4,17-07-2024,18-07-2024,17-08-2024,20-09-2024,1,20.0,5825.53,Late
2729,270,30,Rep_24,06-04-2025,07-04-2025,07-05-2025,15-05-2025,3,0.0,5960.01,Paid
2730,63,15,Rep_30,07-07-2024,08-07-2024,07-08-2024,01-11-2024,10,5.0,58675.99,Late
2731,840,73,Rep_13,26-04-2025,26-04-2025,26-05-2025,01-06-2025,6,15.0,18446.9,Paid
2732,384,5,Rep_23,29-12-2024,31-12-2024,30-01-2025,08-02-2025,4,20.0,3276.93,Paid
2733,59,88,Rep_23,21-12-2024,23-12-2024,22-01-2025,29-01-2025,2,15.0,10615.14,Paid
2734,500,76,Rep_2,04-08-2024,05-08-2024,04-09-2024,09-09-2024,1,20.0,8031.47,Paid
2735,722,92,Rep_30,06-10-2025,07-10-2025,06-11-2025,,6,5.0,24744.61,Pending
2736,479,3,Rep_13,10-11-2025,11-11-2025,11-12-2025,,7,10.0,52200.41,Pending
2737,13,61,Rep_27,04-07-2025,06-07-2025,05-08-2025,05-08-2025,3,15.0,1901.46,Paid
2738,27,98,Rep_28,11-05-2024,13-05-2024,12-06-2024,22-06-2024,2,0.0,2372.0,Paid
2739,121,4,Rep_1,12-09-2025,12-09-2025,12-10-2025,10-10-2025,10,0.0,29360.4,Paid
2740,69,84,Rep_17,23-04-2025,23-04-2025,23-05-2025,24-05-2025,3,15.0,2388.92,Paid
2741,952,86,Rep_22,13-11-2025,15-11-2025,15-12-2025,20-12-2025,8,15.0,33202.29,Paid
2742,138,90,Rep_21,29-01-2025,31-01-2025,02-03-2025,01-03-2025,2,20.0,9044.94,Paid
2743,615,52,Rep_12,09-11-2024,10-11-2024,10-12-2024,15-12-2024,8,5.0,55610.87,Paid
2744,818,73,Rep_27,03-12-2025,03-12-2025,02-01-2026,,3,5.0,10308.56,BadDebt
2745,124,27,Rep_26,12-01-2025,13-01-2025,12-02-2025,21-02-2025,10,15.0,12862.88,Paid
2746,179,46,Rep_24,15-02-2024,15-02-2024,16-03-2024,15-03-2024,7,15.0,4961.88,Paid
2747,655,61,Rep_9,12-07-2024,13-07-2024,12-08-2024,18-08-2024,3,0.0,2237.01,Paid
2748,967,37,Rep_10,26-05-2025,27-05-2025,26-06-2025,29-06-2025,10,20.0,54172.08,Paid
2749,241,48,Rep_2,30-01-2025,01-02-2025,03-03-2025,08-03-2025,2,5.0,9602.52,Paid
2750,627,26,Rep_26,04-03-2024,06-03-2024,05-04-2024,07-04-2024,7,20.0,48255.98,Paid
2751,592,12,Rep_22,05-08-2025,06-08-2025,05-09-2025,,10,5.0,97187.18,Pending
2752,643,10,Rep_17,08-09-2024,10-09-2024,10-10-2024,11-10-2024,1,10.0,4580.44,Paid
2753,742,62,Rep_20,17-01-2025,17-01-2025,16-02-2025,19-02-2025,3,15.0,18085.31,Paid
2754,795,71,Rep_28,17-05-2025,18-05-2025,17-06-2025,16-06-2025,2,5.0,888.0,Paid
2755,202,38,Rep_3,12-01-2025,12-01-2025,11-02-2025,18-02-2025,3,5.0,10993.48,Paid
2756,472,66,Rep_26,17-03-2025,18-03-2025,17-04-2025,,1,5.0,10511.7,Pending
2757,383,98,Rep_19,21-10-2025,23-10-2025,22-11-2025,25-11-2025,8,15.0,8064.8,Paid
2758,308,27,Rep_17,16-03-2024,16-03-2024,15-04-2024,16-04-2024,5,10.0,6809.76,Paid
2759,79,9,Rep_20,07-12-2025,08-12-2025,07-01-2026,05-01-2026,10,5.0,1972.39,Paid
2760,36,94,Rep_20,11-07-2024,12-07-2024,11-08-2024,14-08-2024,8,10.0,19992.96,Paid
2761,205,74,Rep_11,12-04-2024,13-04-2024,13-05-2024,23-05-2024,8,0.0,70061.84,Paid
2762,587,98,Rep_23,05-10-2024,05-10-2024,04-11-2024,11-01-2025,5,10.0,5337.0,Late
2763,308,19,Rep_19,13-05-2025,15-05-2025,14-06-2025,16-06-2025,10,5.0,89089.2,Paid
2764,943,1,Rep_20,19-04-2024,21-04-2024,21-05-2024,23-07-2024,9,20.0,39036.38,Late
2765,220,20,Rep_17,04-10-2025,06-10-2025,05-11-2025,10-11-2025,6,5.0,11628.06,Paid
2766,80,13,Rep_2,01-04-2024,02-04-2024,02-05-2024,04-06-2024,4,10.0,24196.9,Late
2767,892,53,,20-10-2024,22-10-2024,21-11-2024,21-11-2024,5,10.0,19878.66,Paid
2768,183,16,Rep_8,24-08-2024,25-08-2024,24-09-2024,14-12-2024,7,20.0,7443.02,Late
2769,5,63,Rep_2,26-03-2024,27-03-2024,26-04-2024,28-04-2024,4,10.0,6013.19,Paid
2770,821,80,Rep_8,14-12-2024,15-12-2024,14-01-2025,12-01-2025,1,15.0,3189.41,Paid
2771,539,10,Rep_5,22-02-2024,23-02-2024,24-03-2024,03-04-2024,6,0.0,30536.28,Paid
2772,648,98,Rep_13,28-03-2024,30-03-2024,29-04-2024,29-04-2024,3,10.0,3202.2,Paid
2773,527,6,Rep_7,13-09-2025,14-09-2025,14-10-2025,22-10-2025,2,20.0,15650.37,Paid
2774,202,56,Rep_20,05-02-2025,06-02-2025,08-03-2025,08-04-2025,3,20.0,6034.97,Late
2775,69,43,Rep_4,17-03-2025,19-03-2025,18-04-2025,08-06-2025,9,0.0,1872.72,Late
2776,745,61,Rep_6,15-07-2025,15-07-2025,14-08-2025,23-08-2025,6,5.0,4250.32,Paid
2777,599,15,Rep_10,20-10-2025,22-10-2025,21-11-2025,23-11-2025,3,20.0,14823.41,Paid
2778,8,97,Rep_10,27-03-2024,27-03-2024,26-04-2024,19-06-2024,7,20.0,42791.62,Late
2779,423,42,Rep_29,06-06-2024,06-06-2024,06-07-2024,,3,0.0,31400.88,Pending
2780,53,80,Rep_17,02-06-2025,04-06-2025,04-07-2025,06-07-2025,7,20.0,21012.6,Paid
2781,373,80,Rep_20,31-10-2024,02-11-2024,02-12-2024,08-12-2024,3,15.0,9568.24,Paid
2782,678,50,Rep_23,13-04-2025,15-04-2025,15-05-2025,22-05-2025,2,15.0,2764.68,Paid
2783,127,41,Rep_17,14-07-2024,14-07-2024,13-08-2024,18-10-2024,1,0.0,3559.07,Late
2784,141,28,Rep_9,14-04-2024,15-04-2024,15-05-2024,21-05-2024,3,5.0,11470.2,Paid
2785,997,2,Rep_16,08-05-2024,08-05-2024,07-06-2024,,5,15.0,35867.75,Pending
2786,645,32,Rep_18,10-06-2024,10-06-2024,10-07-2024,,6,5.0,15863.27,BadDebt
2787,820,6,Rep_21,03-04-2025,04-04-2025,04-05-2025,06-05-2025,3,20.0,23475.55,Paid
2788,677,76,Rep_18,02-07-2025,03-07-2025,02-08-2025,06-08-2025,7,15.0,59734.07,Paid
2789,918,64,Rep_2,13-05-2025,13-05-2025,12-06-2025,17-06-2025,6,5.0,23334.09,Paid
2790,853,28,Rep_27,16-12-2025,16-12-2025,15-01-2026,,6,0.0,24147.78,Pending
2791,613,92,Rep_12,19-05-2025,19-05-2025,18-06-2025,23-06-2025,3,10.0,11721.13,Paid
2792,67,56,Rep_14,13-11-2025,15-11-2025,15-12-2025,16-12-2025,10,5.0,23888.42,Paid
2793,977,97,Rep_4,27-12-2025,29-12-2025,28-01-2026,03-02-2026,6,5.0,43555.75,Paid
2794,174,66,Rep_14,13-08-2025,13-08-2025,12-09-2025,,4,5.0,42046.81,Pending
2795,490,95,Rep_20,10-02-2024,11-02-2024,12-03-2024,13-03-2024,6,15.0,5078.78,Paid
2796,593,31,Rep_21,13-03-2024,13-03-2024,12-04-2024,25-06-2024,10,20.0,37199.92,Late
2797,256,40,,25-12-2025,26-12-2025,25-01-2026,19-03-2026,1,15.0,4684.91,Late
2798,572,71,Rep_12,31-10-2024,02-11-2024,02-12-2024,09-12-2024,10,20.0,3738.96,Paid
2799,517,54,Rep_30,22-12-2025,23-12-2025,22-01-2026,21-01-2026,4,20.0,21338.11,Paid
2800,75,79,Rep_19,20-09-2024,22-09-2024,22-10-2024,25-10-2024,5,5.0,7684.83,Paid
2801,104,26,Rep_19,12-07-2024,14-07-2024,13-08-2024,16-08-2024,10,0.0,86171.4,Paid
2802,676,89,Rep_11,28-12-2024,28-12-2024,27-01-2025,,2,0.0,3766.26,Pending
2803,236,55,Rep_9,22-08-2024,23-08-2024,22-09-2024,08-12-2024,10,0.0,57212.6,Late
2804,244,64,Rep_15,25-05-2024,25-05-2024,24-06-2024,24-06-2024,7,15.0,24357.51,Paid
2805,981,6,Rep_17,27-12-2025,27-12-2025,26-01-2026,,3,5.0,27877.22,Pending
2806,65,68,Rep_24,29-09-2025,01-10-2025,31-10-2025,18-01-2026,4,10.0,34500.02,Late
2807,768,41,Rep_28,22-05-2024,22-05-2024,21-06-2024,21-06-2024,8,10.0,25625.3,Paid
2808,837,28,Rep_17,13-03-2024,13-03-2024,12-04-2024,13-04-2024,4,0.0,16098.52,Paid
2809,998,31,Rep_27,25-02-2024,26-02-2024,27-03-2024,18-05-2024,10,10.0,41849.91,Late
2810,98,66,Rep_30,20-01-2024,20-01-2024,19-02-2024,09-04-2024,9,10.0,89626.1,Late
2811,70,65,Rep_5,05-06-2024,06-06-2024,06-07-2024,08-07-2024,1,20.0,2542.06,Paid
2812,996,55,Rep_3,05-03-2024,06-03-2024,05-04-2024,10-04-2024,9,15.0,43767.64,Paid
2813,622,74,Rep_22,04-05-2025,04-05-2025,03-06-2025,03-06-2025,1,10.0,7881.96,Paid
2814,219,93,Rep_2,28-07-2024,29-07-2024,28-08-2024,27-08-2024,1,15.0,1539.75,Paid
2815,302,51,Rep_12,02-01-2024,02-01-2024,01-02-2024,03-02-2024,2,5.0,18467.9,Paid
2816,764,59,Rep_20,07-08-2025,08-08-2025,07-09-2025,16-09-2025,8,5.0,22533.62,Paid
2817,434,97,Rep_26,10-12-2025,11-12-2025,10-01-2026,09-01-2026,8,15.0,51961.25,Paid
2818,913,98,Rep_24,26-07-2025,28-07-2025,27-08-2025,05-09-2025,9,15.0,9072.9,Paid
2819,380,9,Rep_3,10-08-2024,12-08-2024,11-09-2024,19-09-2024,2,5.0,394.48,Paid
2820,588,29,Rep_8,21-09-2025,22-09-2025,22-10-2025,01-11-2025,3,0.0,15817.38,Paid
2821,370,15,Rep_3,24-08-2025,25-08-2025,24-09-2025,03-10-2025,9,15.0,47249.61,Paid
2822,810,59,Rep_24,16-08-2024,17-08-2024,16-09-2024,22-09-2024,1,15.0,2520.21,Paid
2823,254,81,Rep_30,10-10-2025,10-10-2025,09-11-2025,14-11-2025,6,20.0,6081.74,Paid
2824,786,70,Rep_27,14-10-2025,15-10-2025,14-11-2025,18-11-2025,3,0.0,25677.81,Paid
2825,196,99,Rep_14,29-08-2024,31-08-2024,30-09-2024,29-09-2024,10,10.0,15955.47,Paid
2826,322,54,Rep_18,12-04-2025,12-04-2025,12-05-2025,10-05-2025,8,0.0,53345.28,Paid
2827,191,8,Rep_9,04-12-2025,05-12-2025,04-01-2026,12-01-2026,6,10.0,44485.85,Paid
2828,778,5,Rep_17,05-04-2025,07-04-2025,07-05-2025,20-07-2025,7,15.0,6093.04,Late
2829,551,76,Rep_15,17-06-2024,19-06-2024,19-07-2024,04-10-2024,3,0.0,30118.02,Late
2830,696,86,Rep_3,10-01-2024,11-01-2024,10-02-2024,20-02-2024,10,10.0,43944.21,Paid
2831,802,23,Rep_29,29-10-2024,30-10-2024,29-11-2024,04-12-2024,6,15.0,14893.38,Paid
2832,98,3,Rep_9,11-12-2025,12-12-2025,11-01-2026,15-01-2026,8,0.0,66286.24,Paid
2833,444,17,Rep_3,26-10-2024,27-10-2024,26-11-2024,27-01-2025,1,10.0,6959.2,Late
2834,17,16,Rep_25,29-05-2025,30-05-2025,29-06-2025,27-06-2025,4,5.0,5050.62,Paid
2835,293,85,Rep_13,27-10-2024,27-10-2024,26-11-2024,28-12-2024,8,5.0,17915.94,Late
2836,792,68,Rep_21,02-08-2025,04-08-2025,03-09-2025,,5,20.0,38333.36,Pending
2837,268,30,Rep_19,09-06-2025,09-06-2025,09-07-2025,06-09-2025,10,20.0,15893.36,Late
2838,414,74,Rep_22,13-06-2024,14-06-2024,14-07-2024,16-07-2024,9,0.0,78819.57,Paid
2839,96,66,Rep_27,12-03-2025,13-03-2025,12-04-2025,13-04-2025,2,10.0,19916.91,Paid
2840,523,16,Rep_8,19-06-2024,20-06-2024,20-07-2024,19-07-2024,8,0.0,10632.88,Paid
2841,472,35,Rep_27,21-07-2024,23-07-2024,22-08-2024,14-10-2024,7,15.0,35661.03,Late
2842,801,89,Rep_27,04-12-2024,04-12-2024,03-01-2025,06-01-2025,2,5.0,3577.95,Paid
2843,112,82,Rep_4,09-03-2024,09-03-2024,08-04-2024,06-04-2024,3,0.0,11892.42,Paid
2844,412,84,Rep_22,20-08-2025,20-08-2025,19-09-2025,17-09-2025,6,5.0,5339.93,Paid
2845,168,83,Rep_11,10-03-2025,11-03-2025,10-04-2025,11-04-2025,6,5.0,12753.52,Paid
2846,123,16,Rep_5,23-02-2025,23-02-2025,25-03-2025,,6,20.0,6379.73,Pending
2847,719,11,Rep_25,30-06-2025,01-07-2025,31-07-2025,,6,10.0,10895.2,Pending
2848,325,69,Rep_9,06-06-2024,07-06-2024,07-07-2024,16-07-2024,10,10.0,75476.7,Paid
2849,595,85,Rep_19,14-11-2024,14-11-2024,14-12-2024,15-12-2024,3,5.0,6718.48,Paid
2850,357,66,Rep_11,27-02-2024,29-02-2024,30-03-2024,07-04-2024,6,5.0,63070.22,Paid
2851,826,64,Rep_12,19-11-2024,19-11-2024,19-12-2024,,9,0.0,36843.3,Pending
2852,809,38,Rep_10,14-05-2024,15-05-2024,14-06-2024,23-06-2024,8,15.0,26230.05,Paid
2853,281,73,Rep_2,03-02-2025,04-02-2025,06-03-2025,21-04-2025,1,10.0,3255.34,Late
2854,9,50,Rep_5,04-08-2025,06-08-2025,05-09-2025,,3,15.0,4147.01,Pending
2855,688,59,Rep_27,07-01-2025,08-01-2025,07-02-2025,10-04-2025,8,20.0,18975.68,Late
2856,361,84,Rep_29,24-10-2024,26-10-2024,25-11-2024,27-12-2024,10,0.0,9368.3,Late
2857,25,60,Rep_25,09-06-2024,10-06-2024,10-07-2024,13-07-2024,4,20.0,14846.21,Paid
2858,588,79,Rep_5,15-08-2024,15-08-2024,14-09-2024,01-12-2024,5,15.0,6875.9,Late
2859,140,47,Rep_7,15-11-2025,15-11-2025,15-12-2025,02-02-2026,4,0.0,10766.48,Late
2860,61,84,Rep_20,24-08-2024,26-08-2024,25-09-2024,04-10-2024,10,10.0,8431.47,Paid
2861,544,34,Rep_26,30-09-2024,30-09-2024,30-10-2024,06-11-2024,6,5.0,22722.94,Paid
2862,606,34,Rep_12,06-08-2025,07-08-2025,06-09-2025,28-10-2025,5,20.0,15945.92,Late
2863,751,65,Rep_28,28-04-2024,28-04-2024,28-05-2024,29-05-2024,2,15.0,5401.87,Paid
2864,148,57,Rep_7,19-04-2024,21-04-2024,21-05-2024,21-05-2024,5,0.0,3650.0,Paid
2865,682,17,Rep_9,02-05-2025,03-05-2025,02-06-2025,06-06-2025,5,0.0,38662.2,Paid
2866,399,44,Rep_4,10-11-2025,11-11-2025,11-12-2025,11-12-2025,9,15.0,37528.6,Paid
2867,359,1,Rep_25,19-05-2024,21-05-2024,20-06-2024,,3,20.0,13012.13,Pending
2868,696,82,Rep_29,12-12-2024,14-12-2024,13-01-2025,23-01-2025,9,5.0,33893.4,Paid
2869,494,35,Rep_29,05-07-2024,05-07-2024,04-08-2024,07-08-2024,5,5.0,28468.89,Paid
2870,749,18,Rep_12,27-03-2025,29-03-2025,28-04-2025,,10,15.0,18598.51,Pending
2871,13,18,Rep_21,23-01-2025,23-01-2025,22-02-2025,04-03-2025,3,0.0,6564.18,Paid
2872,977,90,Rep_16,18-06-2025,19-06-2025,19-07-2025,,10,15.0,48051.26,Pending
2873,925,46,Rep_18,02-05-2025,02-05-2025,01-06-2025,30-05-2025,6,5.0,4753.4,Paid
2874,570,59,Rep_27,15-08-2024,15-08-2024,14-09-2024,21-09-2024,6,0.0,17789.7,Paid
2875,461,30,Rep_2,17-04-2024,17-04-2024,17-05-2024,18-05-2024,5,0.0,9933.35,Paid
2876,786,21,Rep_18,01-12-2025,03-12-2025,02-01-2026,05-01-2026,10,0.0,46714.8,Paid
2877,1,78,Rep_25,01-03-2024,02-03-2024,01-04-2024,30-03-2024,9,15.0,51249.26,Paid
2878,599,97,Rep_5,12-10-2024,13-10-2024,12-11-2024,19-11-2024,6,20.0,36678.53,Paid
2879,78,42,Rep_26,27-09-2025,29-09-2025,29-10-2025,03-11-2025,6,0.0,62801.76,Paid
2880,203,22,,20-07-2024,20-07-2024,19-08-2024,24-10-2024,9,20.0,6064.92,Late
2881,620,37,Rep_2,09-03-2024,10-03-2024,09-04-2024,09-04-2024,5,0.0,33857.55,Paid
2882,641,70,Rep_11,09-03-2025,10-03-2025,09-04-2025,15-04-2025,8,10.0,61626.74,Paid
2883,6,76,Rep_30,12-12-2024,14-12-2024,13-01-2025,04-03-2025,6,0.0,60236.04,Late
2884,923,32,Rep_14,04-02-2025,05-02-2025,07-03-2025,15-03-2025,7,5.0,18507.15,Paid
2885,107,70,Rep_9,07-05-2024,08-05-2024,07-06-2024,16-07-2024,1,10.0,7703.34,Late
2886,332,6,Rep_9,29-11-2025,01-12-2025,31-12-2025,04-01-2026,3,0.0,29344.44,Paid
2887,952,38,Rep_30,11-09-2025,11-09-2025,11-10-2025,,5,0.0,19286.8,Pending
2888,771,49,Rep_24,04-04-2025,05-04-2025,05-05-2025,,8,20.0,48535.17,Pending
2889,959,90,Rep_21,03-01-2025,05-01-2025,04-02-2025,06-02-2025,10,0.0,56530.9,Paid
2890,448,59,Rep_8,18-10-2025,18-10-2025,17-11-2025,,5,0.0,14824.75,BadDebt
2891,461,69,Rep_7,17-09-2025,18-09-2025,18-10-2025,23-10-2025,1,0.0,8386.3,Paid
2892,113,56,Rep_30,29-09-2024,30-09-2024,30-10-2024,06-11-2024,9,5.0,21499.57,Paid
2893,15,35,Rep_26,26-03-2025,26-03-2025,25-04-2025,30-04-2025,10,5.0,56937.77,Paid
2894,458,48,Rep_25,07-02-2025,09-02-2025,11-03-2025,15-03-2025,10,5.0,48012.62,Paid
2895,983,29,Rep_13,15-11-2025,17-11-2025,17-12-2025,18-12-2025,6,15.0,26889.55,Paid
2896,190,10,Rep_12,07-06-2024,07-06-2024,07-07-2024,13-07-2024,6,15.0,25955.84,Paid
2897,118,48,Rep_19,27-08-2024,27-08-2024,26-09-2024,07-11-2024,6,15.0,25775.2,Late
2898,742,1,Rep_7,07-12-2024,08-12-2024,07-01-2025,20-02-2025,7,20.0,30361.63,Late
2899,924,35,Rep_11,15-03-2024,15-03-2024,14-04-2024,09-06-2024,6,5.0,34162.66,Late
2900,959,69,Rep_1,30-09-2024,02-10-2024,01-11-2024,,10,15.0,71283.55,Pending
2901,821,6,Rep_8,12-03-2025,12-03-2025,11-04-2025,13-04-2025,7,0.0,68470.36,Paid
2902,33,7,Rep_18,11-10-2024,13-10-2024,12-11-2024,21-11-2024,8,10.0,5054.62,Paid
2903,677,94,Rep_30,14-10-2025,15-10-2025,14-11-2025,23-11-2025,8,15.0,18882.24,Paid
2904,490,91,Rep_14,16-05-2025,17-05-2025,16-06-2025,02-09-2025,6,10.0,47363.83,Late
2905,537,20,Rep_12,24-10-2024,26-10-2024,25-11-2024,14-01-2025,2,10.0,3672.02,Late
2906,643,9,Rep_7,13-09-2024,13-09-2024,13-10-2024,21-12-2024,9,20.0,1494.86,Late
2907,703,74,Rep_27,25-06-2024,25-06-2024,25-07-2024,25-07-2024,4,5.0,33279.37,Paid
2908,126,41,Rep_1,30-07-2025,30-07-2025,29-08-2025,07-09-2025,2,5.0,6762.23,Paid
2909,280,66,Rep_22,21-09-2024,22-09-2024,22-10-2024,01-11-2024,8,0.0,88519.6,Paid
2910,752,60,Rep_27,27-10-2025,29-10-2025,28-11-2025,26-11-2025,5,10.0,20877.48,Paid
2911,87,13,Rep_26,15-02-2025,17-02-2025,19-03-2025,08-05-2025,6,15.0,34278.94,Late
2912,969,58,Rep_16,13-02-2025,14-02-2025,16-03-2025,01-06-2025,7,15.0,16003.95,Late
2913,48,72,Rep_29,27-12-2024,27-12-2024,26-01-2025,03-02-2025,6,5.0,30796.59,Paid
2914,190,10,Rep_5,17-05-2025,18-05-2025,17-06-2025,24-06-2025,10,20.0,40715.04,Paid
2915,514,63,Rep_3,27-05-2024,28-05-2024,27-06-2024,06-07-2024,5,5.0,7934.07,Paid
2916,568,47,Rep_22,09-12-2025,09-12-2025,08-01-2026,15-01-2026,3,20.0,6459.89,Paid
2917,539,56,Rep_14,03-12-2025,04-12-2025,03-01-2026,07-01-2026,8,5.0,19110.73,Paid
2918,39,32,Rep_19,15-06-2024,15-06-2024,15-07-2024,13-07-2024,4,0.0,11132.12,Paid
2919,245,31,Rep_9,21-01-2024,21-01-2024,20-02-2024,19-02-2024,9,10.0,37664.92,Paid
2920,332,44,Rep_4,19-06-2025,20-06-2025,20-07-2025,20-07-2025,5,10.0,22075.65,Paid
2921,284,25,Rep_3,25-02-2025,27-02-2025,29-03-2025,31-03-2025,6,15.0,2309.23,Paid
2922,981,74,Rep_13,13-07-2025,13-07-2025,12-08-2025,17-08-2025,2,5.0,16639.69,Paid
2923,936,80,Rep_24,18-03-2025,18-03-2025,17-04-2025,18-04-2025,9,20.0,27016.2,Paid
2924,681,33,Rep_20,10-03-2024,11-03-2024,10-04-2024,10-04-2024,6,15.0,7531.02,Paid
2925,598,15,Rep_6,18-03-2025,18-03-2025,17-04-2025,21-04-2025,10,10.0,55587.78,Paid
2926,403,88,Rep_15,03-07-2025,04-07-2025,03-08-2025,09-08-2025,6,0.0,37465.2,Paid
2927,493,73,Rep_2,12-09-2025,12-09-2025,12-10-2025,10-10-2025,3,15.0,9223.45,Paid
2928,636,41,Rep_5,23-11-2025,23-11-2025,23-12-2025,04-02-2026,9,15.0,27226.89,Late
2929,882,47,Rep_10,14-10-2025,14-10-2025,13-11-2025,21-11-2025,5,10.0,12112.29,Paid
2930,741,35,Rep_7,03-03-2025,05-03-2025,04-04-2025,02-04-2025,2,15.0,10188.86,Paid
2931,242,78,Rep_13,05-08-2024,07-08-2024,06-09-2024,12-09-2024,3,10.0,18087.98,Paid
2932,247,87,Rep_11,05-07-2025,05-07-2025,04-08-2025,,1,5.0,1567.53,Pending
2933,876,77,Rep_17,23-06-2025,24-06-2025,24-07-2025,26-07-2025,3,0.0,2779.68,Paid
2934,772,45,Rep_17,20-02-2024,21-02-2024,22-03-2024,20-03-2024,10,5.0,38311.12,Paid
2935,599,82,Rep_30,01-08-2025,03-08-2025,02-09-2025,04-10-2025,3,10.0,10703.18,Late
2936,89,4,Rep_23,26-09-2025,26-09-2025,26-10-2025,25-10-2025,9,5.0,25103.14,Paid
2937,962,17,Rep_15,15-05-2025,16-05-2025,15-06-2025,16-06-2025,8,15.0,52580.59,Paid
2938,449,17,Rep_4,30-03-2025,31-03-2025,30-04-2025,01-05-2025,6,10.0,41755.18,Paid
2939,961,13,Rep_19,03-07-2024,04-07-2024,03-08-2024,02-08-2024,6,5.0,38311.75,Paid
2940,131,78,Rep_21,29-09-2024,29-09-2024,29-10-2024,27-10-2024,3,0.0,20097.75,Paid
2941,906,33,Rep_24,15-08-2024,17-08-2024,16-09-2024,14-09-2024,7,5.0,9819.86,Paid
2942,628,83,Rep_29,04-12-2024,06-12-2024,05-01-2025,07-01-2025,8,15.0,15214.73,Paid
2943,72,17,Rep_4,09-09-2025,11-09-2025,11-10-2025,,4,15.0,26290.3,Pending
2944,453,45,Rep_3,05-09-2025,05-09-2025,05-10-2025,15-10-2025,6,10.0,21776.85,Paid
2945,822,24,Rep_23,27-03-2024,29-03-2024,28-04-2024,06-05-2024,3,5.0,10323.36,Paid
2946,670,93,Rep_9,20-11-2025,21-11-2025,21-12-2025,19-12-2025,1,10.0,1630.32,Paid
2947,402,35,Rep_6,24-10-2024,25-10-2024,24-11-2024,24-11-2024,10,15.0,50944.32,Paid
2948,946,91,Rep_17,08-01-2024,10-01-2024,09-02-2024,17-02-2024,3,5.0,24997.58,Paid
2949,161,60,Rep_4,04-06-2025,04-06-2025,04-07-2025,05-09-2025,8,20.0,29692.42,Late
2950,938,28,Rep_29,11-07-2024,13-07-2024,12-08-2024,25-09-2024,1,0.0,4024.63,Late
2951,434,28,Rep_10,11-10-2025,11-10-2025,10-11-2025,19-11-2025,7,15.0,23946.55,Paid
2952,565,53,Rep_9,03-05-2024,04-05-2024,03-06-2024,11-06-2024,5,15.0,18774.29,Paid
2953,654,28,Rep_17,13-08-2024,13-08-2024,12-09-2024,04-12-2024,7,10.0,25355.17,Late
2954,843,99,Rep_16,07-03-2024,08-03-2024,07-04-2024,11-04-2024,4,10.0,6382.19,Paid
2955,997,97,Rep_27,10-03-2024,12-03-2024,11-04-2024,21-04-2024,8,15.0,51961.25,Paid
2956,936,75,Rep_11,22-02-2025,23-02-2025,25-03-2025,25-04-2025,1,5.0,7182.45,Late
2957,584,51,Rep_29,05-10-2024,07-10-2024,06-11-2024,06-11-2024,2,0.0,19439.9,Paid
2958,95,94,Rep_8,28-09-2024,29-09-2024,29-10-2024,05-11-2024,6,5.0,15827.76,Paid
2959,424,6,Rep_28,06-10-2024,06-10-2024,05-11-2024,09-11-2024,5,5.0,46462.03,Paid
2960,559,10,Rep_25,13-08-2024,14-08-2024,13-09-2024,20-09-2024,9,5.0,43514.2,Paid
2961,654,97,Rep_21,01-06-2024,02-06-2024,02-07-2024,,4,20.0,24452.35,Pending
2962,90,92,Rep_18,20-11-2025,22-11-2025,22-12-2025,,5,20.0,17364.64,Pending
2963,472,56,Rep_15,24-11-2025,26-11-2025,26-12-2025,05-01-2026,6,5.0,14333.05,Paid
2964,218,85,Rep_15,03-11-2025,04-11-2025,04-12-2025,29-01-2026,8,20.0,15087.1,Late
2965,319,39,Rep_8,12-02-2025,13-02-2025,15-03-2025,,7,20.0,40778.7,BadDebt
2966,701,1,Rep_22,27-11-2025,29-11-2025,29-12-2025,30-12-2025,9,15.0,41476.16,Paid
2967,928,94,Rep_16,17-01-2024,19-01-2024,18-02-2024,25-02-2024,3,10.0,7497.36,Paid
2968,387,49,Rep_6,02-08-2025,02-08-2025,01-09-2025,11-09-2025,3,10.0,20475.77,Paid
2969,648,39,Rep_9,26-02-2025,28-02-2025,30-03-2025,07-06-2025,3,15.0,18568.87,Late
2970,198,100,Rep_2,19-11-2025,21-11-2025,21-12-2025,29-12-2025,5,15.0,14231.59,Paid
2971,960,39,Rep_13,05-09-2025,07-09-2025,07-10-2025,12-11-2025,9,0.0,65537.19,Late
2972,834,71,Rep_9,30-01-2025,01-02-2025,03-03-2025,17-05-2025,9,15.0,3575.38,Late
2973,261,3,Rep_14,08-09-2024,10-09-2024,10-10-2024,,10,10.0,74572.02,Pending
2974,332,54,Rep_21,29-03-2024,29-03-2024,28-04-2024,30-04-2024,1,20.0,5334.53,Paid
2975,104,70,Rep_19,10-09-2024,12-09-2024,12-10-2024,16-10-2024,10,5.0,81313.06,Paid
2976,139,83,Rep_22,27-07-2024,28-07-2024,27-08-2024,,10,5.0,21255.87,Pending
2977,164,4,Rep_5,19-03-2024,20-03-2024,19-04-2024,25-04-2024,6,5.0,16735.43,Paid
2978,102,47,Rep_10,04-06-2024,04-06-2024,04-07-2024,05-07-2024,4,15.0,9151.51,Paid
2979,608,71,Rep_30,30-06-2024,30-06-2024,30-07-2024,28-07-2024,3,5.0,1332.0,Paid
2980,192,5,Rep_15,25-04-2024,25-04-2024,25-05-2024,01-06-2024,1,5.0,972.84,Paid
2981,328,52,Rep_13,12-08-2025,14-08-2025,13-09-2025,11-09-2025,1,0.0,7317.22,Paid
2982,864,28,Rep_17,27-06-2024,28-06-2024,28-07-2024,30-09-2024,4,10.0,14488.67,Late
2983,493,15,Rep_4,16-01-2025,16-01-2025,15-02-2025,24-02-2025,8,10.0,44470.22,Paid
2984,642,8,Rep_29,07-12-2025,09-12-2025,08-01-2026,08-01-2026,8,5.0,62609.71,Paid
2985,261,7,Rep_7,17-02-2024,19-02-2024,20-03-2024,29-03-2024,9,0.0,6318.27,Paid
2986,731,73,Rep_1,18-10-2025,18-10-2025,17-11-2025,18-11-2025,3,0.0,10851.12,Paid
2987,882,77,Rep_24,28-12-2025,28-12-2025,27-01-2026,05-02-2026,2,20.0,1482.5,Paid
2988,192,92,Rep_4,06-04-2025,07-04-2025,07-05-2025,07-05-2025,1,5.0,4124.1,Paid
2989,578,45,Rep_1,24-10-2024,24-10-2024,23-11-2024,02-12-2024,4,5.0,15324.45,Paid
2990,776,11,Rep_5,14-02-2025,15-02-2025,17-03-2025,16-03-2025,7,15.0,12004.9,Paid
2991,8,23,Rep_8,23-11-2024,23-11-2024,23-12-2024,29-12-2024,7,10.0,18397.7,Paid
2992,175,22,Rep_1,11-02-2024,13-02-2024,14-03-2024,13-03-2024,8,10.0,6064.92,Paid
2993,690,2,Rep_1,04-01-2025,04-01-2025,03-02-2025,09-02-2025,5,0.0,42197.35,Paid
2994,815,41,Rep_16,03-01-2024,05-01-2024,04-02-2024,07-02-2024,3,20.0,8541.77,Paid
2995,239,64,Rep_24,31-05-2025,01-06-2025,01-07-2025,08-07-2025,8,0.0,32749.6,Paid
2996,25,84,Rep_11,05-04-2025,06-04-2025,06-05-2025,08-05-2025,1,10.0,843.15,Paid
2997,8,11,Rep_5,24-05-2025,24-05-2025,23-06-2025,28-06-2025,10,15.0,17149.86,Paid
2998,579,4,Rep_25,30-04-2024,02-05-2024,01-06-2024,02-06-2024,3,0.0,8808.12,Paid
2999,847,25,Rep_20,18-09-2024,18-09-2024,18-10-2024,19-10-2024,7,20.0,2535.62,Paid
3000,373,4,Rep_27,02-07-2024,03-07-2024,02-08-2024,05-08-2024,2,0.0,5872.08,Paid
3001,974,61,Rep_26,20-03-2024,22-03-2024,21-04-2024,19-04-2024,7,10.0,4697.72,Paid
3002,581,56,Rep_15,06-06-2025,08-06-2025,08-07-2025,09-07-2025,2,5.0,4777.68,Paid
3003,619,4,Rep_17,11-11-2024,13-11-2024,13-12-2024,21-12-2024,2,5.0,5578.48,Paid
3004,64,16,Rep_14,12-04-2024,13-04-2024,13-05-2024,04-07-2024,7,15.0,7908.2,Late
3005,599,44,Rep_5,12-05-2024,13-05-2024,12-06-2024,21-06-2024,1,0.0,4905.7,Paid
3006,461,55,Rep_22,09-11-2024,10-11-2024,10-12-2024,15-12-2024,8,0.0,45770.08,Paid
3007,5,33,Rep_15,21-12-2025,22-12-2025,21-01-2026,,5,15.0,6275.85,Pending
3008,140,42,Rep_17,13-07-2024,15-07-2024,14-08-2024,21-08-2024,6,20.0,50241.41,Paid
3009,486,31,Rep_24,04-01-2025,06-01-2025,05-02-2025,05-02-2025,8,5.0,35339.92,Paid
3010,484,88,Rep_13,04-10-2025,04-10-2025,03-11-2025,05-11-2025,1,20.0,4995.36,Paid
3011,201,92,Rep_22,12-09-2025,14-09-2025,14-10-2025,18-10-2025,5,20.0,17364.64,Paid
3012,600,72,Rep_18,26-08-2024,27-08-2024,26-09-2024,21-11-2024,6,5.0,30796.59,Late
3013,427,85,Rep_28,09-04-2025,10-04-2025,10-05-2025,10-05-2025,8,5.0,17915.94,Paid
3014,241,40,Rep_9,04-01-2024,05-01-2024,04-02-2024,02-02-2024,2,15.0,9369.82,Paid
3015,120,34,Rep_28,08-12-2025,08-12-2025,07-01-2026,11-01-2026,4,10.0,14351.33,Paid
3016,411,22,Rep_9,24-06-2025,26-06-2025,26-07-2025,27-07-2025,4,10.0,3032.46,Paid
3017,372,92,Rep_30,30-04-2024,02-05-2024,01-06-2024,,5,5.0,20620.51,Pending
3018,80,14,Rep_10,23-04-2025,24-04-2025,24-05-2025,31-05-2025,5,10.0,13505.94,Paid
3019,833,11,Rep_4,08-10-2025,10-10-2025,09-11-2025,11-11-2025,3,10.0,5447.6,Paid
3020,77,21,Rep_22,01-10-2025,01-10-2025,31-10-2025,04-11-2025,5,15.0,19853.79,Paid
3021,183,76,Rep_11,02-09-2025,04-09-2025,04-10-2025,,3,10.0,27106.22,BadDebt
3022,930,80,,25-09-2025,27-09-2025,27-10-2025,,6,20.0,18010.8,Pending
3023,476,41,Rep_16,02-05-2024,03-05-2024,02-06-2024,10-06-2024,2,20.0,5694.51,Paid
3024,182,88,Rep_7,28-08-2024,28-08-2024,27-09-2024,02-10-2024,9,5.0,53387.91,Paid
3025,27,93,Rep_22,30-05-2025,30-05-2025,29-06-2025,03-07-2025,5,5.0,8604.48,Paid
3026,394,22,Rep_14,11-11-2024,11-11-2024,11-12-2024,04-03-2025,2,10.0,1516.23,Late
3027,605,50,Rep_30,26-04-2024,28-04-2024,28-05-2024,07-06-2024,10,15.0,13823.38,Paid
3028,105,19,Rep_14,06-03-2024,08-03-2024,07-04-2024,,10,0.0,93778.1,Pending
3029,792,35,Rep_5,24-03-2025,24-03-2025,23-04-2025,21-04-2025,2,0.0,11986.9,Paid
3030,196,11,Rep_30,01-03-2025,01-03-2025,31-03-2025,02-04-2025,1,5.0,1916.75,Paid
3031,555,54,Rep_9,07-06-2025,07-06-2025,07-07-2025,06-07-2025,3,0.0,20004.48,Paid
3032,632,71,Rep_27,29-10-2024,29-10-2024,28-11-2024,03-12-2024,10,15.0,3972.64,Paid
3033,989,58,Rep_9,01-06-2025,02-06-2025,02-07-2025,30-06-2025,2,10.0,4841.53,Paid
3034,402,2,Rep_3,19-10-2025,20-10-2025,19-11-2025,24-11-2025,3,5.0,24052.49,Paid
3035,363,75,Rep_11,12-01-2025,12-01-2025,11-02-2025,14-02-2025,10,20.0,60483.76,Paid
3036,715,56,Rep_11,06-08-2024,07-08-2024,06-09-2024,14-11-2024,9,5.0,21499.57,Late
3037,589,61,Rep_10,06-11-2025,08-11-2025,08-12-2025,09-12-2025,7,15.0,4436.74,Paid
3038,103,6,Rep_9,12-01-2025,14-01-2025,13-02-2025,15-02-2025,9,0.0,88033.32,Paid
3039,236,73,Rep_25,27-02-2024,27-02-2024,28-03-2024,07-04-2024,7,0.0,25319.28,Paid
3040,420,80,Rep_22,09-10-2025,10-10-2025,09-11-2025,07-11-2025,10,15.0,31894.12,Paid
3041,940,51,Rep_10,18-01-2024,19-01-2024,18-02-2024,17-02-2024,3,0.0,29159.85,Paid
3042,170,85,Rep_26,20-05-2024,21-05-2024,20-06-2024,28-06-2024,5,0.0,11786.8,Paid
3043,285,45,Rep_8,19-08-2025,20-08-2025,19-09-2025,22-09-2025,10,5.0,38311.12,Paid
3044,821,36,Rep_24,18-10-2025,18-10-2025,17-11-2025,22-11-2025,10,10.0,8044.11,Paid
3045,944,88,Rep_24,06-01-2025,07-01-2025,06-02-2025,07-02-2025,8,10.0,44958.24,Paid
3046,78,22,Rep_19,23-06-2024,24-06-2024,24-07-2024,,9,10.0,6823.04,Pending
3047,53,11,Rep_21,06-11-2025,07-11-2025,07-12-2025,25-02-2026,3,5.0,5750.25,Late
3048,637,36,Rep_13,30-07-2025,01-08-2025,31-08-2025,28-10-2025,6,5.0,5094.6,Late
3049,695,75,,31-07-2025,02-08-2025,01-09-2025,30-08-2025,4,20.0,24193.5,Paid
3050,574,34,Rep_24,01-04-2024,02-04-2024,02-05-2024,01-05-2024,3,10.0,10763.5,Paid
3051,911,41,Rep_8,14-08-2024,16-08-2024,15-09-2024,14-09-2024,4,20.0,11389.02,Paid
3052,630,37,Rep_17,03-03-2025,03-03-2025,02-04-2025,11-04-2025,7,5.0,45030.54,Paid
3053,23,51,Rep_17,08-09-2024,08-09-2024,08-10-2024,12-10-2024,2,0.0,19439.9,Paid
3054,460,19,Rep_2,17-06-2025,17-06-2025,17-07-2025,20-07-2025,10,5.0,89089.2,Paid
3055,729,79,Rep_27,08-03-2024,09-03-2024,08-04-2024,18-04-2024,7,0.0,11325.02,Paid
3056,694,30,Rep_8,03-03-2024,05-03-2024,04-04-2024,23-05-2024,5,0.0,9933.35,Late
3057,824,56,Rep_30,25-02-2024,27-02-2024,28-03-2024,26-03-2024,10,5.0,23888.42,Paid
3058,50,94,Rep_16,11-06-2024,13-06-2024,13-07-2024,,1,20.0,2221.44,Pending
3059,741,53,Rep_15,25-05-2025,26-05-2025,25-06-2025,24-08-2025,4,15.0,15019.43,Late
3060,366,45,Rep_11,01-11-2024,02-11-2024,02-12-2024,30-11-2024,4,10.0,14517.9,Paid
3061,713,33,Rep_20,25-07-2024,26-07-2024,25-08-2024,10-11-2024,2,0.0,2953.34,Late
3062,323,48,Rep_7,29-07-2024,29-07-2024,28-08-2024,01-11-2024,10,5.0,48012.62,Late
3063,900,11,Rep_26,29-07-2024,30-07-2024,29-08-2024,28-08-2024,5,20.0,8070.52,Paid
3064,24,19,Rep_23,20-01-2025,21-01-2025,20-02-2025,20-02-2025,7,0.0,65644.67,Paid
3065,648,16,Rep_29,31-10-2024,01-11-2024,01-12-2024,31-01-2025,7,5.0,8838.58,Late
3066,983,37,Rep_6,29-07-2025,29-07-2025,28-08-2025,14-10-2025,3,15.0,17267.35,Late
3067,55,56,Rep_6,03-08-2025,04-08-2025,03-09-2025,01-12-2025,3,10.0,6789.34,Late
3068,817,100,Rep_6,04-01-2025,06-01-2025,05-02-2025,10-02-2025,8,0.0,26788.88,Paid
3069,544,99,Rep_12,26-07-2025,28-07-2025,27-08-2025,,10,20.0,14182.64,Pending
3070,394,87,Rep_13,07-12-2024,09-12-2024,08-01-2025,17-01-2025,10,10.0,14850.27,Paid
3071,301,39,Rep_3,18-03-2025,19-03-2025,18-04-2025,28-05-2025,4,20.0,23302.11,Late
3072,174,39,,08-06-2024,10-06-2024,10-07-2024,15-07-2024,9,10.0,58983.47,Paid
3073,71,65,Rep_10,25-08-2025,26-08-2025,25-09-2025,03-12-2025,6,0.0,19065.42,Late
3074,962,6,Rep_24,22-09-2025,24-09-2025,24-10-2025,21-12-2025,8,5.0,74339.25,Late
3075,516,90,Rep_2,29-01-2024,29-01-2024,28-02-2024,18-04-2024,2,15.0,9610.25,Late
3076,508,31,Rep_8,03-10-2024,05-10-2024,04-11-2024,,1,5.0,4417.49,Pending
3077,13,96,Rep_11,14-05-2025,16-05-2025,15-06-2025,25-06-2025,2,15.0,13561.27,Paid
3078,500,45,Rep_29,22-10-2024,24-10-2024,23-11-2024,29-11-2024,4,5.0,15324.45,Paid
3079,943,12,Rep_24,29-12-2024,31-12-2024,30-01-2025,03-02-2025,9,20.0,73657.66,Paid
3080,710,42,Rep_19,08-01-2025,09-01-2025,08-02-2025,07-02-2025,7,15.0,62278.41,Paid
3081,957,96,Rep_23,01-09-2024,02-09-2024,02-10-2024,10-10-2024,1,10.0,7179.5,Paid
3082,885,10,Rep_12,12-08-2024,12-08-2024,11-09-2024,15-09-2024,4,5.0,19339.64,Paid
3083,524,20,Rep_21,17-01-2025,18-01-2025,17-02-2025,16-02-2025,10,5.0,19380.09,Paid
3084,926,73,Rep_17,06-04-2025,08-04-2025,08-05-2025,,9,15.0,27670.36,Pending
3085,772,65,Rep_2,04-10-2025,06-10-2025,05-11-2025,,4,0.0,12710.28,BadDebt
3086,507,81,Rep_27,22-02-2024,23-02-2024,24-03-2024,18-05-2024,10,5.0,12036.78,Late
3087,81,55,Rep_30,13-09-2024,13-09-2024,13-10-2024,12-10-2024,3,15.0,14589.21,Paid
3088,11,15,Rep_8,14-05-2025,15-05-2025,14-06-2025,13-06-2025,10,0.0,61764.2,Paid
3089,699,84,Rep_5,18-01-2024,20-01-2024,19-02-2024,22-02-2024,4,15.0,3185.22,Paid
3090,13,53,Rep_20,12-07-2024,13-07-2024,12-08-2024,13-08-2024,6,15.0,22529.15,Paid
3091,171,99,Rep_23,14-09-2025,16-09-2025,16-10-2025,15-10-2025,1,10.0,1595.55,Paid
3092,876,96,Rep_15,12-06-2024,13-06-2024,13-07-2024,14-07-2024,3,10.0,21538.49,Paid
3093,712,49,Rep_18,30-07-2024,01-08-2024,31-08-2024,09-10-2024,4,10.0,27301.03,Late
3094,771,20,Rep_14,14-01-2024,14-01-2024,13-02-2024,18-04-2024,1,15.0,1734.01,Late
3095,678,9,Rep_6,29-07-2025,30-07-2025,29-08-2025,06-09-2025,2,0.0,415.24,Paid
3096,81,60,Rep_13,11-05-2025,13-05-2025,12-06-2025,13-06-2025,7,15.0,27604.67,Paid
3097,962,79,Rep_11,07-11-2024,08-11-2024,08-12-2024,07-12-2024,4,5.0,6147.87,Paid
3098,287,44,Rep_22,11-01-2024,11-01-2024,10-02-2024,18-02-2024,8,20.0,31396.48,Paid
3099,285,4,Rep_9,18-08-2024,19-08-2024,18-09-2024,21-09-2024,4,0.0,11744.16,Paid
3100,130,89,Rep_26,03-04-2025,05-04-2025,05-05-2025,10-05-2025,2,20.0,3013.01,Paid
3101,750,32,Rep_5,25-02-2024,26-02-2024,27-03-2024,01-04-2024,9,0.0,25047.27,Paid
3102,792,51,Rep_6,03-12-2024,03-12-2024,02-01-2025,09-01-2025,5,20.0,38879.8,Paid
3103,614,65,Rep_19,31-08-2024,02-09-2024,02-10-2024,02-10-2024,1,0.0,3177.57,Paid
3104,509,53,Rep_27,01-10-2024,03-10-2024,02-11-2024,06-11-2024,2,15.0,7509.72,Paid
3105,521,22,Rep_23,17-05-2024,19-05-2024,18-06-2024,,7,0.0,5896.45,Pending
3106,683,4,Rep_24,14-05-2024,16-05-2024,15-06-2024,17-06-2024,10,10.0,26424.36,Paid
3107,759,41,Rep_18,14-04-2025,15-04-2025,15-05-2025,11-07-2025,7,0.0,24913.49,Late
3108,352,81,Rep_20,14-12-2024,14-12-2024,13-01-2025,10-04-2025,1,20.0,1013.62,Late
3109,410,96,Rep_1,30-03-2025,01-04-2025,01-05-2025,02-05-2025,10,10.0,71794.98,Paid
3110,594,100,Rep_25,18-10-2024,18-10-2024,17-11-2024,22-11-2024,1,15.0,2846.32,Paid
3111,236,53,Rep_5,05-02-2024,07-02-2024,08-03-2024,14-03-2024,1,15.0,3754.86,Paid
3112,879,29,Rep_30,11-10-2025,13-10-2025,12-11-2025,18-11-2025,2,0.0,10544.92,Paid
3113,438,51,Rep_15,03-05-2025,04-05-2025,03-06-2025,,8,5.0,73871.62,BadDebt
3114,793,33,Rep_15,30-05-2025,30-05-2025,29-06-2025,,7,10.0,9303.02,BadDebt
3115,594,81,Rep_28,14-12-2025,14-12-2025,13-01-2026,21-01-2026,6,15.0,6461.85,Paid
3116,418,63,Rep_9,04-05-2025,04-05-2025,03-06-2025,07-06-2025,8,5.0,12694.51,Paid
3117,6,76,Rep_8,15-12-2024,16-12-2024,15-01-2025,,9,20.0,72283.25,BadDebt
3118,52,97,Rep_6,28-12-2024,30-12-2024,29-01-2025,,7,20.0,42791.62,Pending
3119,97,18,Rep_25,26-08-2025,26-08-2025,25-09-2025,29-09-2025,3,10.0,5907.76,Paid
3120,50,88,Rep_13,03-02-2024,05-02-2024,06-03-2024,04-03-2024,5,0.0,31221.0,Paid
3121,324,78,Rep_30,23-04-2025,25-04-2025,25-05-2025,23-05-2025,2,20.0,10718.8,Paid
3122,215,67,Rep_28,02-06-2025,03-06-2025,03-07-2025,08-07-2025,4,10.0,12691.08,Paid
3123,587,30,Rep_4,10-08-2025,12-08-2025,11-09-2025,,9,20.0,14304.02,Pending
3124,326,74,Rep_12,22-01-2025,23-01-2025,22-02-2025,23-02-2025,3,0.0,26273.19,Paid
3125,955,85,Rep_29,08-07-2025,10-07-2025,09-08-2025,19-08-2025,3,10.0,6364.87,Paid
3126,43,26,Rep_19,27-12-2024,29-12-2024,28-01-2025,06-02-2025,1,20.0,6893.71,Paid
3127,846,24,Rep_5,17-11-2024,19-11-2024,19-12-2024,26-12-2024,10,0.0,36222.3,Paid
3128,556,91,Rep_13,03-04-2025,05-04-2025,05-05-2025,10-05-2025,7,15.0,52187.93,Paid
3129,862,94,Rep_7,20-06-2025,22-06-2025,22-07-2025,,2,5.0,5275.92,Pending
3130,838,61,Rep_17,17-07-2025,17-07-2025,16-08-2025,18-08-2025,5,5.0,3541.93,Paid
3131,245,21,Rep_25,08-12-2025,10-12-2025,09-01-2026,17-01-2026,10,15.0,39707.58,Paid
3132,523,22,Rep_8,05-01-2024,06-01-2024,05-02-2024,07-02-2024,9,0.0,7581.15,Paid
3133,108,10,Rep_16,26-04-2025,28-04-2025,28-05-2025,31-05-2025,8,15.0,34607.78,Paid
3134,140,91,Rep_17,11-11-2025,13-11-2025,13-12-2025,13-12-2025,1,5.0,8332.53,Paid
3135,455,41,Rep_1,24-03-2025,25-03-2025,24-04-2025,30-04-2025,10,5.0,33811.16,Paid
3136,14,49,Rep_16,24-03-2025,25-03-2025,24-04-2025,23-04-2025,10,5.0,72044.39,Paid
3137,180,49,Rep_27,27-11-2024,28-11-2024,28-12-2024,26-02-2025,2,5.0,14408.88,Late
3138,971,34,Rep_25,15-12-2025,16-12-2025,15-01-2026,24-01-2026,5,10.0,17939.16,Paid
3139,455,93,Rep_14,03-11-2024,04-11-2024,04-12-2024,10-12-2024,9,5.0,15488.07,Paid
3140,971,78,Rep_4,10-08-2025,10-08-2025,09-09-2025,01-12-2025,9,10.0,54263.92,Late
3141,323,95,Rep_15,19-03-2025,20-03-2025,19-04-2025,,4,20.0,3186.69,Pending
3142,754,54,Rep_18,21-05-2025,21-05-2025,20-06-2025,18-06-2025,7,20.0,37341.7,Paid
3143,753,27,Rep_11,10-03-2024,12-03-2024,11-04-2024,15-04-2024,6,0.0,9079.68,Paid
3144,439,7,Rep_28,11-09-2024,13-09-2024,13-10-2024,22-10-2024,6,15.0,3580.35,Paid
3145,554,74,Rep_11,03-06-2024,03-06-2024,03-07-2024,06-07-2024,3,10.0,23645.87,Paid
3146,885,44,Rep_1,26-04-2025,28-04-2025,28-05-2025,,3,15.0,12509.53,Pending
3147,208,22,Rep_22,02-10-2024,04-10-2024,03-11-2024,31-01-2025,3,15.0,2147.99,Late
3148,688,50,Rep_9,13-06-2024,15-06-2024,15-07-2024,,9,15.0,12441.04,Pending
3149,741,24,Rep_25,08-08-2024,10-08-2024,09-09-2024,10-09-2024,9,10.0,29340.06,Paid
3150,892,89,Rep_19,08-07-2024,09-07-2024,08-08-2024,15-08-2024,4,0.0,7532.52,Paid
3151,93,99,Rep_1,30-12-2025,30-12-2025,29-01-2026,,4,5.0,6736.75,Pending
3152,783,51,Rep_11,08-07-2024,09-07-2024,08-08-2024,15-08-2024,5,0.0,48599.75,Paid
3153,66,70,Rep_2,19-09-2025,19-09-2025,19-10-2025,25-10-2025,4,0.0,34237.08,Paid
3154,356,52,Rep_11,18-08-2024,18-08-2024,17-09-2024,17-09-2024,9,5.0,62562.23,Paid
3155,892,79,Rep_4,10-01-2024,11-01-2024,10-02-2024,,10,20.0,12942.88,BadDebt
3156,813,65,Rep_26,21-08-2025,23-08-2025,22-09-2025,22-09-2025,2,5.0,6037.38,Paid
3157,538,54,Rep_7,25-06-2024,27-06-2024,27-07-2024,02-08-2024,6,15.0,34007.62,Paid
3158,396,7,Rep_28,02-12-2025,04-12-2025,03-01-2026,09-01-2026,3,5.0,2000.79,Paid
3159,450,23,Rep_22,17-06-2025,19-06-2025,19-07-2025,28-09-2025,5,15.0,12411.15,Late
3160,215,10,Rep_6,10-02-2025,10-02-2025,12-03-2025,18-03-2025,5,15.0,21629.86,Paid
3161,991,20,Rep_26,10-06-2025,10-06-2025,10-07-2025,11-07-2025,7,10.0,12852.06,Paid
3162,908,86,Rep_21,26-05-2025,27-05-2025,26-06-2025,04-07-2025,2,15.0,8300.57,Paid
3163,880,88,Rep_25,05-02-2024,05-02-2024,06-03-2024,,1,0.0,6244.2,Pending
3164,184,97,Rep_18,27-05-2024,29-05-2024,28-06-2024,01-07-2024,5,0.0,38206.8,Paid
3165,465,79,Rep_17,22-01-2025,22-01-2025,21-02-2025,28-02-2025,6,0.0,9707.16,Paid
3166,438,11,Rep_13,07-02-2024,08-02-2024,09-03-2024,28-05-2024,7,0.0,14123.41,Late
3167,304,54,Rep_27,28-08-2025,28-08-2025,27-09-2025,02-10-2025,5,20.0,26672.64,Paid
3168,109,93,Rep_21,23-01-2025,23-01-2025,22-02-2025,,5,0.0,9057.35,Pending
3169,558,37,Rep_2,23-11-2024,24-11-2024,24-12-2024,,4,5.0,25731.74,Pending
3170,934,88,Rep_24,07-10-2024,07-10-2024,06-11-2024,,9,20.0,44958.24,Pending
3171,856,2,Rep_12,16-04-2025,16-04-2025,16-05-2025,27-07-2025,1,15.0,7173.55,Late
3172,250,85,Rep_9,05-11-2025,05-11-2025,05-12-2025,,1,15.0,2003.76,BadDebt
3173,240,29,Rep_11,03-11-2025,03-11-2025,03-12-2025,03-02-2026,2,10.0,9490.43,Late
3174,754,9,Rep_19,23-06-2024,25-06-2024,25-07-2024,,9,5.0,1775.15,Pending
3175,6,24,Rep_19,03-06-2025,05-06-2025,05-07-2025,,2,10.0,6520.01,Pending
3176,697,46,Rep_27,22-05-2024,22-05-2024,21-06-2024,15-09-2024,7,20.0,4670.01,Late
3177,622,56,Rep_23,19-06-2024,20-06-2024,20-07-2024,,6,0.0,15087.42,Pending
3178,768,77,Rep_23,05-03-2024,05-03-2024,04-04-2024,,5,5.0,4401.16,Pending
3179,375,6,Rep_10,21-06-2024,22-06-2024,22-07-2024,26-07-2024,3,5.0,27877.22,Paid
3180,777,87,Rep_24,25-08-2024,26-08-2024,25-09-2024,28-09-2024,5,5.0,7837.64,Paid
3181,365,95,Rep_10,21-06-2025,21-06-2025,21-07-2025,19-07-2025,9,15.0,7618.18,Paid
3182,672,32,Rep_25,11-05-2024,13-05-2024,12-06-2024,18-06-2024,6,0.0,16698.18,Paid
3183,960,86,Rep_5,07-06-2025,08-06-2025,08-07-2025,11-07-2025,10,0.0,48826.9,Paid
3184,478,63,Rep_19,23-06-2024,23-06-2024,23-07-2024,21-07-2024,8,10.0,12026.38,Paid
3185,582,14,Rep_9,09-12-2025,09-12-2025,08-01-2026,13-01-2026,5,0.0,15006.6,Paid
3186,541,87,Rep_16,31-05-2025,02-06-2025,02-07-2025,08-07-2025,7,10.0,10395.19,Paid
3187,285,77,Rep_24,22-01-2025,23-01-2025,22-02-2025,20-02-2025,8,5.0,7041.86,Paid
3188,300,61,Rep_17,26-09-2024,26-09-2024,26-10-2024,01-11-2024,2,20.0,1193.07,Paid
3189,514,82,Rep_7,06-06-2024,07-06-2024,07-07-2024,15-08-2024,9,20.0,28541.81,Late
3190,793,47,Rep_12,29-04-2024,30-04-2024,30-05-2024,03-06-2024,10,10.0,24224.58,Paid
3191,941,56,Rep_13,04-03-2025,06-03-2025,05-04-2025,11-04-2025,1,5.0,2388.84,Paid
3192,72,59,Rep_16,18-11-2024,18-11-2024,18-12-2024,26-12-2024,9,0.0,26684.55,Paid
3193,275,21,Rep_25,16-09-2025,18-09-2025,18-10-2025,25-10-2025,4,0.0,18685.92,Paid
3194,247,77,Rep_12,10-01-2025,10-01-2025,09-02-2025,07-05-2025,7,0.0,6485.92,Late
3195,615,72,Rep_20,24-04-2025,24-04-2025,24-05-2025,22-05-2025,2,0.0,10805.82,Paid
3196,738,39,Rep_25,11-04-2025,12-04-2025,12-05-2025,17-05-2025,4,15.0,24758.49,Paid
3197,631,6,Rep_13,12-08-2025,13-08-2025,12-09-2025,11-09-2025,10,10.0,88033.32,Paid
3198,345,74,Rep_9,05-05-2025,06-05-2025,05-06-2025,09-06-2025,2,0.0,17515.46,Paid
3199,482,27,Rep_24,15-02-2025,17-02-2025,19-03-2025,,10,0.0,15132.8,Pending
3200,830,15,Rep_2,23-12-2025,25-12-2025,24-01-2026,27-01-2026,7,20.0,34587.95,Paid
3201,731,21,Rep_22,16-04-2024,18-04-2024,18-05-2024,28-05-2024,9,15.0,35736.82,Paid
3202,976,74,Rep_10,25-08-2025,25-08-2025,24-09-2025,30-09-2025,8,5.0,66558.75,Paid
3203,122,5,Rep_30,27-09-2024,29-09-2024,29-10-2024,,8,20.0,6553.86,Pending
3204,149,50,Rep_19,01-12-2024,02-12-2024,01-01-2025,07-01-2025,2,20.0,2602.05,Paid
3205,171,63,Rep_22,29-07-2025,31-07-2025,30-08-2025,05-09-2025,9,10.0,13529.67,Paid
3206,640,52,Rep_7,27-01-2024,29-01-2024,28-02-2024,27-02-2024,6,20.0,35122.66,Paid
3207,233,8,Rep_19,24-12-2025,25-12-2025,24-01-2026,28-01-2026,4,0.0,32952.48,Paid
3208,506,3,Rep_28,19-05-2025,19-05-2025,18-06-2025,25-06-2025,5,10.0,37286.01,Paid
3209,768,40,Rep_2,03-01-2024,03-01-2024,02-02-2024,11-02-2024,5,0.0,27558.3,Paid
3210,793,16,Rep_14,22-02-2024,24-02-2024,25-03-2024,04-04-2024,1,15.0,1129.74,Paid
3211,166,23,Rep_24,29-07-2025,31-07-2025,30-08-2025,02-09-2025,5,5.0,13871.28,Paid
3212,603,92,Rep_21,12-05-2025,14-05-2025,13-06-2025,21-08-2025,3,10.0,11721.13,Late
3213,492,89,Rep_27,18-07-2024,19-07-2024,18-08-2024,21-08-2024,5,15.0,8003.3,Paid
3214,574,90,Rep_11,14-11-2025,16-11-2025,16-12-2025,24-12-2025,8,0.0,45224.72,Paid
3215,602,96,Rep_16,13-12-2025,13-12-2025,12-01-2026,21-01-2026,10,0.0,79772.2,Paid
3216,572,42,Rep_23,18-07-2024,20-07-2024,19-08-2024,29-08-2024,2,15.0,17793.83,Paid
3217,63,21,Rep_29,24-12-2024,25-12-2024,24-01-2025,,1,0.0,4671.48,Pending
3218,699,51,Rep_29,21-05-2025,22-05-2025,21-06-2025,26-06-2025,1,15.0,8261.96,Paid
3219,724,95,Rep_26,06-12-2025,07-12-2025,06-01-2026,10-01-2026,4,10.0,3585.02,Paid
3220,183,90,Rep_21,14-04-2025,14-04-2025,14-05-2025,21-05-2025,1,10.0,5087.78,Paid
3221,931,93,Rep_10,20-02-2025,21-02-2025,23-03-2025,23-03-2025,8,0.0,14491.76,Paid
3222,74,51,Rep_16,17-10-2025,17-10-2025,16-11-2025,19-11-2025,9,10.0,78731.6,Paid
3223,429,7,Rep_14,16-10-2024,17-10-2024,16-11-2024,12-02-2025,9,5.0,6002.36,Late
3224,401,89,Rep_3,20-04-2024,21-04-2024,21-05-2024,04-08-2024,6,0.0,11298.78,Late
3225,31,90,Rep_14,30-09-2025,01-10-2025,31-10-2025,31-10-2025,3,0.0,16959.27,Paid
3226,331,37,Rep_21,02-11-2025,02-11-2025,02-12-2025,11-12-2025,3,10.0,18283.08,Paid
3227,884,53,Rep_15,01-08-2025,02-08-2025,01-09-2025,02-09-2025,3,20.0,10601.95,Paid
3228,13,47,Rep_4,21-07-2025,21-07-2025,20-08-2025,26-08-2025,1,10.0,2422.46,Paid
3229,795,57,Rep_4,25-07-2025,27-07-2025,26-08-2025,28-08-2025,6,10.0,3942.0,Paid
3230,31,57,Rep_6,12-01-2024,14-01-2024,13-02-2024,16-02-2024,8,0.0,5840.0,Paid
3231,383,5,Rep_7,29-07-2025,30-07-2025,29-08-2025,08-09-2025,5,10.0,4608.18,Paid
3232,690,76,Rep_28,19-08-2025,21-08-2025,20-09-2025,24-09-2025,3,10.0,27106.22,Paid
3233,322,56,Rep_16,26-01-2024,26-01-2024,25-02-2024,25-02-2024,6,10.0,13578.68,Paid
3234,975,76,Rep_17,02-04-2025,04-04-2025,04-05-2025,,2,20.0,16062.94,Pending
3235,343,28,Rep_1,09-03-2024,09-03-2024,08-04-2024,09-04-2024,5,10.0,18110.84,Paid
3236,640,64,Rep_22,09-03-2025,11-03-2025,10-04-2025,11-04-2025,5,15.0,17398.22,Paid
3237,328,20,Rep_26,17-12-2025,18-12-2025,17-01-2026,04-03-2026,3,5.0,5814.03,Late
3238,900,100,Rep_23,05-04-2025,05-04-2025,05-05-2025,07-07-2025,2,0.0,6697.22,Late
3239,597,93,Rep_25,29-03-2025,29-03-2025,28-04-2025,04-05-2025,5,0.0,9057.35,Paid
3240,310,71,Rep_16,13-11-2025,15-11-2025,15-12-2025,02-03-2026,2,5.0,888.0,Late
3241,616,32,Rep_20,09-01-2024,11-01-2024,10-02-2024,08-02-2024,6,20.0,13358.54,Paid
3242,338,84,Rep_27,04-06-2025,04-06-2025,04-07-2025,06-07-2025,1,5.0,889.99,Paid
3243,35,71,Rep_21,25-04-2024,27-04-2024,27-05-2024,30-06-2024,6,15.0,2383.59,Late
3244,844,85,Rep_4,18-03-2025,20-03-2025,19-04-2025,27-04-2025,3,0.0,7072.08,Paid
3245,425,73,Rep_15,06-11-2024,07-11-2024,07-12-2024,07-12-2024,2,5.0,6872.38,Paid
3246,795,34,Rep_13,27-05-2024,29-05-2024,28-06-2024,07-07-2024,6,20.0,19135.1,Paid
3247,53,59,Rep_28,30-09-2024,02-10-2024,01-11-2024,07-11-2024,5,20.0,11859.8,Paid
3248,5,75,Rep_22,01-06-2024,01-06-2024,01-07-2024,30-06-2024,5,15.0,32132.0,Paid
3249,733,16,Rep_19,05-03-2025,06-03-2025,05-04-2025,11-04-2025,2,5.0,2525.31,Paid
3250,870,8,Rep_13,06-11-2024,06-11-2024,06-12-2024,,10,15.0,70024.02,Pending
3251,41,68,Rep_5,29-01-2025,29-01-2025,28-02-2025,,10,10.0,86250.06,Pending
3252,868,29,Rep_4,24-01-2024,25-01-2024,24-02-2024,,5,20.0,21089.84,BadDebt
3253,424,13,Rep_18,10-08-2024,12-08-2024,11-09-2024,,6,10.0,36295.34,Pending
3254,517,96,Rep_2,14-01-2024,16-01-2024,15-02-2024,21-02-2024,4,20.0,25527.1,Paid
3255,378,35,Rep_18,10-10-2025,11-10-2025,10-11-2025,23-01-2026,8,20.0,38358.08,Late
3256,128,76,Rep_22,25-06-2024,25-06-2024,25-07-2024,29-07-2024,6,15.0,51200.63,Paid
3257,425,19,Rep_26,14-04-2025,15-04-2025,15-05-2025,15-05-2025,4,15.0,31884.55,Paid
3258,349,30,Rep_16,17-09-2024,17-09-2024,17-10-2024,24-10-2024,10,10.0,17880.03,Paid
3259,841,96,Rep_15,03-02-2024,03-02-2024,04-03-2024,,3,20.0,19145.33,Pending
3260,695,4,Rep_19,06-03-2025,06-03-2025,05-04-2025,08-04-2025,1,5.0,2789.24,Paid
3261,466,29,Rep_7,08-01-2025,10-01-2025,09-02-2025,08-02-2025,5,5.0,25044.18,Paid
3262,245,95,Rep_14,18-12-2025,18-12-2025,17-01-2026,16-03-2026,7,15.0,5925.25,Late
3263,983,96,Rep_28,20-09-2024,21-09-2024,21-10-2024,29-10-2024,3,0.0,23931.66,Paid
3264,2,71,Rep_26,23-08-2024,25-08-2024,24-09-2024,03-10-2024,8,20.0,2991.17,Paid
3265,560,58,Rep_24,25-04-2025,27-04-2025,27-05-2025,03-06-2025,6,5.0,15331.52,Paid
3266,146,18,Rep_29,28-11-2024,28-11-2024,28-12-2024,04-01-2025,3,5.0,6235.97,Paid
3267,489,58,Rep_4,04-07-2024,05-07-2024,04-08-2024,07-08-2024,8,10.0,19366.13,Paid
3268,534,68,Rep_8,18-12-2024,18-12-2024,17-01-2025,19-01-2025,9,10.0,77625.05,Paid
3269,195,68,Rep_28,23-08-2024,25-08-2024,24-09-2024,09-12-2024,9,15.0,73312.55,Late
3270,831,3,Rep_17,14-11-2025,15-11-2025,15-12-2025,24-12-2025,10,20.0,66286.24,Paid
3271,319,58,Rep_8,01-05-2025,01-05-2025,31-05-2025,,10,5.0,25552.53,Pending
3272,655,7,Rep_15,02-06-2024,03-06-2024,03-07-2024,02-07-2024,7,15.0,4177.08,Paid
3273,538,86,Rep_14,10-03-2024,12-03-2024,11-04-2024,,10,20.0,39061.52,BadDebt
3274,81,29,Rep_3,10-08-2025,11-08-2025,10-09-2025,12-09-2025,6,20.0,25307.81,Paid
3275,574,43,Rep_15,24-03-2025,24-03-2025,23-04-2025,01-05-2025,6,0.0,1248.48,Paid
3276,500,74,Rep_12,08-03-2025,08-03-2025,07-04-2025,08-04-2025,9,20.0,63055.66,Paid
3277,983,73,Rep_26,29-09-2025,30-09-2025,30-10-2025,06-11-2025,2,15.0,6148.97,Paid
3278,46,71,Rep_14,22-10-2025,22-10-2025,21-11-2025,19-11-2025,2,10.0,841.27,Paid
3279,611,8,Rep_28,08-02-2025,08-02-2025,10-03-2025,13-03-2025,8,10.0,59314.46,Paid
3280,773,98,Rep_23,13-02-2024,15-02-2024,16-03-2024,21-03-2024,2,0.0,2372.0,Paid
3281,963,46,Rep_22,11-06-2025,13-06-2025,13-07-2025,13-07-2025,5,5.0,3961.17,Paid
3282,301,93,Rep_27,09-12-2025,11-12-2025,10-01-2026,,7,10.0,11412.26,Pending
3283,874,6,Rep_21,19-12-2024,19-12-2024,18-01-2025,25-01-2025,8,5.0,74339.25,Paid
3284,932,33,Rep_16,29-07-2024,29-07-2024,28-08-2024,01-09-2024,8,10.0,10632.02,Paid
3285,257,93,Rep_7,13-05-2024,14-05-2024,13-06-2024,01-09-2024,6,20.0,8695.06,Late
3286,10,39,Rep_16,26-12-2025,28-12-2025,27-01-2026,03-02-2026,2,10.0,13107.44,Paid
3287,917,88,Rep_19,04-10-2025,04-10-2025,03-11-2025,,1,15.0,5307.57,Pending
3288,493,34,Rep_9,07-02-2025,08-02-2025,10-03-2025,,7,20.0,22324.29,Pending
3289,813,96,Rep_17,02-04-2024,03-04-2024,03-05-2024,03-05-2024,5,5.0,37891.8,Paid
3290,251,95,Rep_29,21-02-2024,21-02-2024,22-03-2024,01-04-2024,4,15.0,3385.86,Paid
3291,545,58,Rep_22,23-01-2025,24-01-2025,23-02-2025,04-03-2025,1,15.0,2286.28,Paid
3292,536,89,Rep_14,17-08-2024,19-08-2024,18-09-2024,28-09-2024,8,15.0,12805.28,Paid
3293,989,10,Rep_22,06-07-2024,08-07-2024,07-08-2024,09-08-2024,10,20.0,40715.04,Paid
3294,110,99,Rep_19,09-08-2025,10-08-2025,09-09-2025,14-09-2025,6,15.0,9041.43,Paid
3295,40,75,Rep_2,22-11-2024,22-11-2024,22-12-2024,25-12-2024,7,15.0,44984.8,Paid
3296,206,50,Rep_2,28-05-2024,30-05-2024,29-06-2024,,1,10.0,1463.65,Pending
3297,474,95,Rep_21,30-12-2025,01-01-2026,31-01-2026,02-02-2026,9,0.0,8962.56,Paid
3298,885,97,Rep_6,19-07-2024,21-07-2024,20-08-2024,06-11-2024,4,20.0,24452.35,Late
3299,644,21,Rep_2,01-09-2025,02-09-2025,02-10-2025,08-10-2025,7,15.0,27795.31,Paid
3300,306,67,Rep_30,29-08-2025,31-08-2025,30-09-2025,02-11-2025,8,0.0,28202.4,Late
3301,624,98,Rep_22,07-09-2025,07-09-2025,07-10-2025,16-10-2025,9,5.0,10140.3,Paid
3302,254,28,Rep_9,13-12-2025,13-12-2025,12-01-2026,12-01-2026,7,20.0,22537.93,Paid
3303,161,9,Rep_16,12-09-2024,13-09-2024,13-10-2024,06-01-2025,9,10.0,1681.72,Late
3304,139,95,Rep_25,14-09-2025,14-09-2025,14-10-2025,14-10-2025,6,0.0,5975.04,Paid
3305,447,86,Rep_5,08-01-2025,09-01-2025,08-02-2025,08-02-2025,3,5.0,13915.67,Paid
3306,331,72,Rep_18,17-05-2025,19-05-2025,18-06-2025,22-06-2025,4,0.0,21611.64,Paid
3307,731,23,Rep_16,14-09-2025,14-09-2025,14-10-2025,06-12-2025,3,20.0,7008.65,Late
3308,744,25,Rep_10,25-12-2024,27-12-2024,26-01-2025,28-01-2025,8,5.0,3441.2,Paid
3309,511,35,Rep_8,26-02-2025,27-02-2025,29-03-2025,01-04-2025,1,15.0,5094.43,Paid
3310,11,16,Rep_16,17-07-2025,18-07-2025,17-08-2025,20-09-2025,9,20.0,9569.59,Late
3311,758,40,Rep_1,25-12-2024,25-12-2024,24-01-2025,17-03-2025,9,0.0,49604.94,Late
3312,576,83,Rep_14,23-07-2025,25-07-2025,24-08-2025,25-10-2025,10,15.0,19018.41,Late
3313,218,58,Rep_10,28-06-2025,30-06-2025,30-07-2025,03-08-2025,7,5.0,17886.77,Paid
3314,339,32,Rep_7,12-08-2024,12-08-2024,11-09-2024,16-09-2024,8,10.0,20037.82,Paid
3315,592,19,Rep_6,08-06-2024,10-06-2024,10-07-2024,10-07-2024,9,0.0,84400.29,Paid
3316,298,27,Rep_4,16-07-2025,18-07-2025,17-08-2025,19-08-2025,6,0.0,9079.68,Paid
3317,9,41,Rep_21,10-10-2025,10-10-2025,09-11-2025,09-11-2025,7,0.0,24913.49,Paid
3318,168,77,Rep_14,18-03-2024,19-03-2024,18-04-2024,25-04-2024,8,15.0,6300.61,Paid
3319,586,69,Rep_24,20-11-2024,22-11-2024,22-12-2024,28-12-2024,2,15.0,14256.71,Paid
3320,447,47,Rep_10,28-07-2024,30-07-2024,29-08-2024,04-09-2024,9,10.0,21802.12,Paid
3321,610,88,Rep_26,27-11-2025,28-11-2025,28-12-2025,,6,15.0,31845.42,Pending
3322,549,33,Rep_8,25-09-2024,26-09-2024,26-10-2024,,10,15.0,12551.7,Pending
3323,328,24,Rep_6,13-12-2024,14-12-2024,13-01-2025,18-01-2025,8,10.0,26080.06,Paid
3324,228,65,Rep_25,07-10-2024,09-10-2024,08-11-2024,11-11-2024,7,0.0,22242.99,Paid
3325,532,61,Rep_27,06-12-2024,07-12-2024,06-01-2025,14-01-2025,9,5.0,6375.48,Paid
3326,655,100,Rep_15,30-01-2024,30-01-2024,29-02-2024,27-02-2024,6,10.0,18082.49,Paid
3327,330,71,Rep_30,08-01-2025,09-01-2025,08-02-2025,17-02-2025,10,0.0,4673.7,Paid
3328,419,17,Rep_8,04-11-2025,06-11-2025,06-12-2025,,2,5.0,14691.64,Pending
3329,933,8,Rep_30,20-02-2025,21-02-2025,23-03-2025,26-03-2025,4,10.0,29657.23,Paid
3330,687,70,Rep_4,21-01-2024,23-01-2024,22-02-2024,03-03-2024,3,20.0,20542.25,Paid
3331,939,1,Rep_18,21-06-2025,22-06-2025,22-07-2025,01-08-2025,6,15.0,27650.77,Paid
3332,719,61,Rep_16,13-07-2024,14-07-2024,13-08-2024,,7,5.0,4958.71,Pending
3333,595,83,Rep_22,11-06-2025,13-06-2025,13-07-2025,17-07-2025,7,15.0,13312.89,Paid
3334,511,65,Rep_22,29-11-2024,30-11-2024,30-12-2024,,1,10.0,2859.81,BadDebt
3335,722,18,Rep_20,07-09-2025,08-09-2025,08-10-2025,15-10-2025,1,0.0,2188.06,Paid
3336,187,89,Rep_8,31-05-2024,01-06-2024,01-07-2024,06-07-2024,9,5.0,16100.76,Paid
3337,637,39,Rep_11,17-11-2025,17-11-2025,17-12-2025,13-02-2026,8,0.0,58255.28,Late
3338,565,99,Rep_19,28-03-2025,28-03-2025,27-04-2025,05-05-2025,6,20.0,8509.58,Paid
3339,868,71,Rep_23,16-04-2025,18-04-2025,18-05-2025,24-05-2025,9,10.0,3785.7,Paid
3340,206,89,Rep_17,17-07-2025,17-07-2025,16-08-2025,25-08-2025,7,10.0,11863.72,Paid
3341,635,48,Rep_14,04-02-2024,05-02-2024,06-03-2024,07-04-2024,6,0.0,30323.76,Late
3342,460,24,Rep_26,07-03-2024,07-03-2024,06-04-2024,09-04-2024,7,20.0,20284.49,Paid
3343,954,24,Rep_24,10-05-2025,12-05-2025,11-06-2025,,4,15.0,12315.58,Pending
3344,318,11,Rep_27,16-08-2024,17-08-2024,16-09-2024,17-09-2024,1,15.0,1714.99,Paid
3345,381,68,Rep_25,08-08-2024,08-08-2024,07-09-2024,09-09-2024,9,5.0,81937.56,Paid
3346,127,55,Rep_13,29-03-2025,29-03-2025,28-04-2025,02-05-2025,7,10.0,36043.94,Paid
3347,381,45,Rep_11,31-07-2025,01-08-2025,31-08-2025,01-09-2025,6,10.0,21776.85,Paid
3348,776,82,Rep_6,16-11-2025,17-11-2025,17-12-2025,25-12-2025,3,10.0,10703.18,Paid
3349,845,96,Rep_30,29-06-2025,01-07-2025,31-07-2025,06-08-2025,9,0.0,71794.98,Paid
3350,334,68,Rep_21,03-04-2025,03-04-2025,03-05-2025,08-05-2025,9,10.0,77625.05,Paid
3351,540,3,Rep_26,05-06-2024,06-06-2024,06-07-2024,,1,10.0,7457.2,Pending
3352,973,98,Rep_14,06-11-2024,08-11-2024,08-12-2024,12-12-2024,7,0.0,8302.0,Paid
3353,842,15,Rep_10,29-03-2024,30-03-2024,29-04-2024,07-05-2024,7,15.0,36749.7,Paid
3354,283,57,Rep_2,10-11-2025,12-11-2025,12-12-2025,10-12-2025,1,10.0,657.0,Paid
3355,568,76,Rep_13,21-05-2024,21-05-2024,20-06-2024,18-06-2024,7,20.0,56220.3,Paid
3356,809,40,Rep_8,30-09-2025,30-09-2025,30-10-2025,07-11-2025,6,20.0,26455.97,Paid
3357,404,28,Rep_25,29-07-2025,29-07-2025,28-08-2025,02-09-2025,3,5.0,11470.2,Paid
3358,762,13,Rep_25,11-05-2025,11-05-2025,10-06-2025,11-06-2025,4,10.0,24196.9,Paid
3359,659,86,Rep_22,07-07-2024,08-07-2024,07-08-2024,15-08-2024,10,15.0,41502.86,Paid
3360,789,6,Rep_28,05-02-2024,06-02-2024,07-03-2024,14-03-2024,9,0.0,88033.32,Paid
3361,564,98,Rep_22,10-07-2025,12-07-2025,11-08-2025,19-08-2025,3,10.0,3202.2,Paid
3362,113,95,Rep_1,24-03-2025,24-03-2025,23-04-2025,29-04-2025,8,5.0,7568.38,Paid
3363,514,15,Rep_8,11-02-2025,12-02-2025,14-03-2025,,9,0.0,55587.78,Pending
3364,559,38,Rep_13,23-01-2025,25-01-2025,24-02-2025,24-02-2025,9,0.0,34716.24,Paid
3365,268,53,Rep_4,29-01-2025,29-01-2025,28-02-2025,01-03-2025,2,5.0,8393.21,Paid
3366,413,76,Rep_26,27-05-2025,28-05-2025,27-06-2025,07-07-2025,3,20.0,24094.42,Paid
3367,599,40,Rep_15,15-05-2025,16-05-2025,15-06-2025,21-06-2025,1,20.0,4409.33,Paid
3368,926,30,Rep_9,29-10-2025,29-10-2025,28-11-2025,01-12-2025,8,0.0,15893.36,Paid
3369,961,11,Rep_4,28-09-2024,29-09-2024,29-10-2024,02-11-2024,6,0.0,12105.78,Paid
3370,441,34,Rep_10,17-10-2024,18-10-2024,17-11-2024,23-11-2024,3,20.0,9567.55,Paid
3371,378,33,Rep_9,29-03-2024,31-03-2024,30-04-2024,07-05-2024,2,5.0,2805.67,Paid
3372,497,55,Rep_13,18-05-2024,18-05-2024,17-06-2024,27-06-2024,9,5.0,48916.77,Paid
3373,754,22,Rep_22,15-11-2024,15-11-2024,15-12-2024,26-02-2025,7,0.0,5896.45,Late
3374,448,34,Rep_5,03-10-2024,03-10-2024,02-11-2024,30-12-2024,2,5.0,7574.31,Late
3375,350,50,Rep_4,29-03-2024,31-03-2024,30-04-2024,04-05-2024,3,0.0,4878.84,Paid
3376,369,45,Rep_28,15-03-2024,15-03-2024,14-04-2024,17-04-2024,5,5.0,19155.56,Paid
3377,7,48,Rep_23,15-02-2025,17-02-2025,19-03-2025,17-03-2025,9,10.0,40937.08,Paid
3378,161,61,Rep_7,14-03-2024,14-03-2024,13-04-2024,14-04-2024,5,0.0,3728.35,Paid
3379,959,14,Rep_14,11-09-2024,11-09-2024,11-10-2024,11-10-2024,8,5.0,22810.03,Paid
3380,458,93,Rep_19,15-03-2025,16-03-2025,15-04-2025,22-04-2025,6,20.0,8695.06,Paid
3381,300,98,Rep_10,29-01-2025,31-01-2025,02-03-2025,,8,10.0,8539.2,Pending
3382,626,25,Rep_9,15-03-2024,15-03-2024,14-04-2024,17-04-2024,8,5.0,3441.2,Paid
3383,619,1,Rep_6,04-12-2025,05-12-2025,04-01-2026,12-01-2026,7,15.0,32259.23,Paid
3384,78,51,Rep_11,06-05-2024,08-05-2024,07-06-2024,21-07-2024,2,15.0,16523.92,Late
3385,43,27,Rep_22,21-07-2025,23-07-2025,22-08-2025,23-08-2025,4,0.0,6053.12,Paid
3386,746,13,Rep_14,08-06-2025,08-06-2025,08-07-2025,12-07-2025,5,20.0,26885.44,Paid
3387,60,16,Rep_12,03-09-2025,03-09-2025,03-10-2025,12-10-2025,10,10.0,11961.99,Paid
3388,907,86,Rep_3,03-09-2024,05-09-2024,05-10-2024,04-10-2024,6,15.0,24901.72,Paid
3389,594,11,Rep_8,23-01-2024,25-01-2024,24-02-2024,28-02-2024,1,20.0,1614.1,Paid
3390,362,8,Rep_16,23-10-2024,24-10-2024,23-11-2024,23-11-2024,7,5.0,54783.5,Paid
3391,620,17,Rep_4,28-05-2024,29-05-2024,28-06-2024,08-07-2024,9,5.0,66112.36,Paid
3392,795,32,Rep_2,11-12-2024,11-12-2024,10-01-2025,,3,0.0,8349.09,Pending
3393,888,62,Rep_29,20-09-2025,22-09-2025,22-10-2025,30-10-2025,1,15.0,6028.44,Paid
3394,39,73,Rep_12,18-09-2025,19-09-2025,19-10-2025,19-10-2025,7,20.0,20255.42,Paid
3395,547,28,Rep_15,04-03-2025,06-03-2025,05-04-2025,09-04-2025,9,5.0,34410.59,Paid
3396,483,26,Rep_7,25-02-2024,27-02-2024,28-03-2024,02-04-2024,2,10.0,15510.85,Paid
3397,618,20,,27-01-2024,27-01-2024,26-02-2024,07-03-2024,7,5.0,13566.07,Paid
3398,182,84,Rep_27,18-10-2024,19-10-2024,18-11-2024,21-11-2024,8,20.0,5995.71,Paid
3399,176,9,Rep_26,24-08-2024,24-08-2024,23-09-2024,29-09-2024,2,10.0,373.72,Paid
3400,178,18,Rep_19,11-08-2025,12-08-2025,11-09-2025,11-09-2025,6,10.0,11815.52,Paid
3401,693,32,Rep_21,17-07-2025,19-07-2025,18-08-2025,,5,15.0,11827.88,Pending
3402,550,52,Rep_21,14-11-2024,15-11-2024,15-12-2024,20-12-2024,9,0.0,65854.98,Paid
3403,588,23,Rep_12,03-10-2024,04-10-2024,03-11-2024,07-11-2024,10,20.0,23362.16,Paid
3404,654,84,Rep_2,09-01-2025,11-01-2025,10-02-2025,13-02-2025,9,5.0,8009.9,Paid
3405,760,64,Rep_4,20-04-2025,20-04-2025,20-05-2025,18-05-2025,4,0.0,16374.8,Paid
3406,80,30,Rep_26,06-01-2025,08-01-2025,07-02-2025,10-03-2025,5,5.0,9436.68,Late
3407,690,54,Rep_3,17-08-2025,18-08-2025,17-09-2025,16-09-2025,1,0.0,6668.16,Paid
3408,694,26,Rep_19,01-08-2024,02-08-2024,01-09-2024,05-09-2024,3,5.0,24558.85,Paid
3409,398,96,Rep_10,09-10-2024,09-10-2024,08-11-2024,03-01-2025,4,5.0,30313.44,Late
3410,563,20,Rep_19,13-07-2024,13-07-2024,12-08-2024,17-08-2024,2,15.0,3468.02,Paid
3411,477,95,Rep_3,13-09-2024,13-09-2024,13-10-2024,12-10-2024,10,20.0,7966.72,Paid
3412,727,2,Rep_8,06-01-2024,07-01-2024,06-02-2024,11-02-2024,4,10.0,30382.09,Paid
3413,378,12,Rep_1,28-04-2025,29-04-2025,29-05-2025,29-05-2025,5,0.0,51151.15,Paid
3414,191,68,Rep_14,20-01-2025,21-01-2025,20-02-2025,,1,15.0,8145.84,BadDebt
3415,302,75,Rep_10,20-06-2024,20-06-2024,20-07-2024,25-07-2024,8,15.0,51411.2,Paid
3416,377,61,Rep_22,28-03-2024,29-03-2024,28-04-2024,28-04-2024,3,15.0,1901.46,Paid
3417,168,51,Rep_24,04-05-2024,05-05-2024,04-06-2024,10-06-2024,10,20.0,77759.6,Paid
3418,256,13,Rep_9,03-05-2025,03-05-2025,02-06-2025,01-06-2025,2,0.0,13442.72,Paid
3419,300,90,Rep_30,27-05-2025,28-05-2025,27-06-2025,,5,15.0,24025.63,BadDebt
3420,209,57,Rep_13,17-03-2024,19-03-2024,18-04-2024,27-04-2024,5,0.0,3650.0,Paid
3421,318,41,Rep_4,01-11-2025,01-11-2025,01-12-2025,06-12-2025,1,5.0,3381.12,Paid
3422,815,12,Rep_7,19-05-2025,20-05-2025,19-06-2025,,2,15.0,17391.39,Pending
3423,38,15,Rep_17,16-04-2024,18-04-2024,18-05-2024,19-05-2024,9,5.0,52808.39,Paid
3424,666,12,Rep_27,10-04-2025,10-04-2025,10-05-2025,11-05-2025,6,15.0,52174.17,Paid
3425,13,4,Rep_24,06-03-2024,08-03-2024,07-04-2024,17-04-2024,6,10.0,15854.62,Paid
3426,916,57,Rep_7,20-07-2025,20-07-2025,19-08-2025,,2,0.0,1460.0,Pending
3427,706,23,Rep_16,06-11-2024,08-11-2024,08-12-2024,02-03-2025,2,0.0,5840.54,Late
3428,299,85,Rep_27,09-02-2025,10-02-2025,12-03-2025,22-03-2025,9,5.0,20155.43,Paid
3429,436,38,Rep_8,09-05-2024,11-05-2024,10-06-2024,09-06-2024,7,20.0,21601.22,Paid
3430,973,77,Rep_23,22-12-2024,22-12-2024,21-01-2025,24-01-2025,10,5.0,8802.32,Paid
3431,327,19,Rep_14,07-03-2024,08-03-2024,07-04-2024,09-04-2024,6,5.0,53453.52,Paid
3432,277,75,Rep_29,18-11-2024,18-11-2024,18-12-2024,28-12-2024,6,10.0,40826.54,Paid
3433,951,84,Rep_1,16-04-2024,16-04-2024,16-05-2024,18-05-2024,7,5.0,6229.92,Paid
3434,557,77,Rep_13,01-12-2025,01-12-2025,31-12-2025,06-01-2026,7,20.0,5188.74,Paid
3435,571,99,Rep_9,23-06-2025,23-06-2025,23-07-2025,,5,0.0,8864.15,BadDebt
3436,501,40,Rep_25,25-05-2025,25-05-2025,24-06-2025,03-07-2025,4,10.0,19841.98,Paid
3437,36,13,Rep_26,11-11-2025,12-11-2025,12-12-2025,15-12-2025,3,10.0,18147.67,Paid
3438,496,41,Rep_30,19-02-2024,20-02-2024,21-03-2024,,10,5.0,33811.16,BadDebt
3439,531,42,Rep_12,28-09-2025,29-09-2025,29-10-2025,07-11-2025,8,10.0,75362.11,Paid
3440,22,42,Rep_17,03-11-2025,04-11-2025,04-12-2025,07-12-2025,8,20.0,66988.54,Paid
3441,748,20,Rep_14,03-02-2025,04-02-2025,06-03-2025,10-03-2025,4,20.0,6528.03,Paid
3442,98,12,Rep_17,03-09-2025,04-09-2025,04-10-2025,,1,15.0,8695.7,Pending
3443,914,79,Rep_3,27-01-2024,29-01-2024,28-02-2024,,1,15.0,1375.18,BadDebt
3444,154,86,Rep_5,30-04-2024,01-05-2024,31-05-2024,,6,20.0,23436.91,Pending
3445,902,21,Rep_5,02-08-2024,02-08-2024,01-09-2024,,3,10.0,12613.0,Pending
3446,845,89,Rep_15,26-12-2025,26-12-2025,25-01-2026,28-01-2026,7,0.0,13181.91,Paid
3447,981,34,Rep_11,04-04-2024,04-04-2024,04-05-2024,04-05-2024,8,15.0,27108.06,Paid
3448,239,90,Rep_9,16-05-2025,17-05-2025,16-06-2025,26-06-2025,2,10.0,10175.56,Paid
3449,450,77,Rep_20,01-09-2024,02-09-2024,02-10-2024,05-10-2024,9,15.0,7088.18,Paid
3450,351,7,Rep_29,09-11-2025,10-11-2025,10-12-2025,,3,10.0,1895.48,BadDebt
3451,929,1,Rep_23,11-08-2025,12-08-2025,11-09-2025,20-09-2025,9,15.0,41476.16,Paid
3452,405,38,Rep_17,18-11-2025,18-11-2025,18-12-2025,23-12-2025,10,10.0,34716.24,Paid
3453,102,55,Rep_22,28-11-2025,28-11-2025,28-12-2025,28-12-2025,2,5.0,10870.39,Paid
3454,76,31,Rep_25,02-11-2025,02-11-2025,02-12-2025,30-11-2025,8,10.0,33479.93,Paid
3455,183,34,Rep_27,18-02-2025,20-02-2025,22-03-2025,28-03-2025,5,0.0,19932.4,Paid
3456,186,30,Rep_28,23-06-2024,23-06-2024,23-07-2024,02-08-2024,4,20.0,6357.34,Paid
3457,61,99,Rep_12,12-08-2025,13-08-2025,12-09-2025,11-09-2025,4,15.0,6027.62,Paid
3458,451,67,Rep_24,29-07-2024,30-07-2024,29-08-2024,28-08-2024,4,0.0,14101.2,Paid
3459,144,49,Rep_4,27-10-2025,27-10-2025,26-11-2025,03-12-2025,10,5.0,72044.39,Paid
3460,77,58,Rep_7,10-07-2025,11-07-2025,10-08-2025,17-08-2025,9,20.0,19366.13,Paid
3461,285,84,Rep_15,24-03-2025,26-03-2025,25-04-2025,29-06-2025,2,0.0,1873.66,Late
3462,257,74,Rep_16,29-09-2024,30-09-2024,30-10-2024,02-11-2024,6,10.0,47291.74,Paid
3463,16,2,Rep_7,24-11-2024,24-11-2024,24-12-2024,,6,20.0,40509.46,Pending
3464,566,93,Rep_24,13-04-2024,15-04-2024,15-05-2024,21-05-2024,1,20.0,1449.18,Paid
3465,330,8,Rep_18,19-05-2024,21-05-2024,20-06-2024,,5,15.0,35012.01,Pending
3466,985,44,Rep_10,11-06-2025,12-06-2025,12-07-2025,26-08-2025,8,0.0,39245.6,Late
3467,906,31,Rep_29,09-08-2024,11-08-2024,10-09-2024,20-09-2024,1,15.0,3952.49,Paid
3468,661,85,Rep_23,15-12-2025,16-12-2025,15-01-2026,16-01-2026,2,0.0,4714.72,Paid
3469,107,76,Rep_4,06-12-2024,07-12-2024,06-01-2025,07-02-2025,10,5.0,95373.73,Late
3470,262,88,Rep_7,28-02-2024,28-02-2024,29-03-2024,05-04-2024,2,15.0,10615.14,Paid
3471,647,84,Rep_29,04-08-2024,04-08-2024,03-09-2024,13-09-2024,9,20.0,6745.18,Paid
3472,942,48,Rep_15,13-06-2025,13-06-2025,13-07-2025,13-07-2025,2,15.0,8591.73,Paid
3473,306,17,Rep_30,01-11-2024,02-11-2024,02-12-2024,07-12-2024,4,5.0,29383.27,Paid
3474,787,55,Rep_30,02-12-2024,02-12-2024,01-01-2025,08-01-2025,1,10.0,5149.13,Paid
3475,640,82,Rep_27,02-05-2024,02-05-2024,01-06-2024,06-06-2024,3,0.0,11892.42,Paid
3476,620,3,Rep_20,27-08-2024,28-08-2024,27-09-2024,06-10-2024,6,0.0,49714.68,Paid
3477,809,54,Rep_24,06-07-2025,08-07-2025,07-08-2025,10-08-2025,7,10.0,42009.41,Paid
3478,552,100,Rep_30,22-03-2024,24-03-2024,23-04-2024,25-04-2024,3,0.0,10045.83,Paid
3479,371,11,Rep_6,13-01-2025,15-01-2025,14-02-2025,18-02-2025,8,10.0,14526.94,Paid
3480,747,51,Rep_1,23-10-2025,24-10-2025,23-11-2025,31-01-2026,10,5.0,92339.52,Late
3481,906,33,Rep_16,04-10-2025,04-10-2025,03-11-2025,01-11-2025,6,20.0,7088.02,Paid
3482,74,33,Rep_29,05-10-2024,06-10-2024,05-11-2024,11-11-2024,5,0.0,7383.35,Paid
3483,24,38,Rep_26,31-12-2025,01-01-2026,31-01-2026,03-02-2026,5,20.0,15429.44,Paid
3484,750,69,Rep_13,27-03-2025,28-03-2025,27-04-2025,01-05-2025,1,10.0,7547.67,Paid
3485,324,57,Rep_24,08-03-2025,08-03-2025,07-04-2025,08-04-2025,9,0.0,6570.0,Paid
3486,520,15,Rep_12,23-06-2024,25-06-2024,25-07-2024,,7,10.0,38911.45,Pending
3487,692,16,Rep_1,11-01-2025,13-01-2025,12-02-2025,10-02-2025,5,5.0,6313.27,Paid
3488,859,10,Rep_24,24-05-2025,25-05-2025,24-06-2025,28-06-2025,5,15.0,21629.86,Paid
3489,900,25,Rep_13,13-04-2024,15-04-2024,15-05-2024,16-05-2024,3,5.0,1290.45,Paid
3490,167,47,Rep_14,10-11-2024,11-11-2024,11-12-2024,17-12-2024,5,10.0,12112.29,Paid
3491,780,83,Rep_22,01-06-2025,03-06-2025,03-07-2025,,3,10.0,6041.14,Pending
3492,190,66,Rep_24,09-03-2024,09-03-2024,08-04-2024,,4,15.0,37620.83,Pending
3493,286,99,Rep_11,19-05-2025,21-05-2025,20-06-2025,29-06-2025,3,20.0,4254.79,Paid
3494,95,92,Rep_19,29-09-2024,30-09-2024,30-10-2024,,10,10.0,39070.44,BadDebt
3495,394,44,Rep_10,11-07-2025,12-07-2025,11-08-2025,,4,20.0,15698.24,Pending
3496,864,65,Rep_22,21-05-2025,23-05-2025,22-06-2025,27-06-2025,4,15.0,10803.74,Paid
3497,429,33,Rep_9,08-08-2025,09-08-2025,08-09-2025,,8,20.0,9450.69,Pending
3498,360,15,Rep_18,30-07-2025,30-07-2025,29-08-2025,,8,0.0,49411.36,Pending
3499,314,57,Rep_20,21-03-2025,22-03-2025,21-04-2025,30-04-2025,7,0.0,5110.0,Paid
3500,374,21,Rep_28,24-01-2025,25-01-2025,24-02-2025,03-03-2025,10,5.0,44379.06,Paid
3501,866,2,Rep_12,27-06-2025,28-06-2025,28-07-2025,02-08-2025,6,20.0,40509.46,Paid
3502,447,94,Rep_28,05-08-2024,07-08-2024,06-09-2024,14-09-2024,7,15.0,16521.96,Paid
3503,457,62,Rep_12,07-05-2025,07-05-2025,06-06-2025,09-06-2025,8,15.0,48227.5,Paid
3504,768,3,Rep_27,14-12-2025,14-12-2025,13-01-2026,15-01-2026,5,20.0,33143.12,Paid
3505,709,80,Rep_7,05-07-2025,06-07-2025,05-08-2025,08-08-2025,3,10.0,10131.08,Paid
3506,973,35,Rep_25,16-07-2025,17-07-2025,16-08-2025,25-08-2025,6,15.0,30566.59,Paid
3507,216,31,Rep_29,12-12-2024,14-12-2024,13-01-2025,13-01-2025,1,10.0,4184.99,Paid
3508,221,100,Rep_23,11-01-2024,13-01-2024,12-02-2024,17-02-2024,8,5.0,25449.44,Paid
3509,487,50,Rep_28,08-08-2025,09-08-2025,08-09-2025,14-09-2025,8,0.0,13010.24,Paid
3510,903,83,Rep_21,12-03-2025,13-03-2025,12-04-2025,16-04-2025,7,20.0,12529.78,Paid
3511,476,56,Rep_2,28-11-2025,29-11-2025,29-12-2025,29-12-2025,10,10.0,22631.13,Paid
3512,494,78,Rep_9,11-02-2025,11-02-2025,13-03-2025,14-03-2025,8,15.0,45554.9,Paid
3513,503,14,Rep_22,06-03-2025,07-03-2025,06-04-2025,05-04-2025,10,0.0,30013.2,Paid
3514,342,3,Rep_13,04-12-2025,05-12-2025,04-01-2026,25-02-2026,10,5.0,78714.91,Late
3515,358,55,Rep_16,19-09-2025,20-09-2025,20-10-2025,25-10-2025,10,20.0,45770.08,Paid
3516,22,68,Rep_25,05-03-2024,05-03-2024,04-04-2024,13-04-2024,5,20.0,38333.36,Paid
3517,238,23,Rep_1,18-03-2025,20-03-2025,19-04-2025,,3,10.0,7884.73,Pending
3518,389,87,Rep_6,14-08-2025,16-08-2025,15-09-2025,22-09-2025,10,0.0,16500.3,Paid
3519,308,54,Rep_29,26-09-2024,26-09-2024,26-10-2024,25-10-2024,9,5.0,57012.77,Paid
3520,446,46,Rep_19,27-08-2025,28-08-2025,27-09-2025,26-09-2025,3,0.0,2501.79,Paid
3521,768,8,Rep_19,11-01-2025,13-01-2025,12-02-2025,,7,15.0,49016.81,Pending
3522,298,25,Rep_10,25-07-2025,27-07-2025,26-08-2025,31-08-2025,6,10.0,2445.07,Paid
3523,486,93,Rep_24,05-05-2025,05-05-2025,04-06-2025,10-06-2025,6,0.0,10868.82,Paid
3524,460,61,Rep_12,19-05-2024,21-05-2024,20-06-2024,19-08-2024,10,5.0,7083.86,Late
3525,862,43,Rep_27,26-12-2024,26-12-2024,25-01-2025,30-01-2025,10,20.0,1664.64,Paid
3526,313,87,Rep_16,20-12-2025,22-12-2025,21-01-2026,26-01-2026,3,15.0,4207.58,Paid
3527,247,94,Rep_14,06-06-2025,08-06-2025,08-07-2025,10-07-2025,10,0.0,27768.0,Paid
3528,519,63,Rep_1,06-05-2025,07-05-2025,06-06-2025,12-06-2025,7,20.0,9353.85,Paid
3529,722,22,Rep_10,03-09-2025,04-09-2025,04-10-2025,,7,10.0,5306.8,Pending
3530,325,63,Rep_3,13-08-2024,13-08-2024,12-09-2024,10-09-2024,3,0.0,5010.99,Paid
3531,9,59,Rep_30,14-04-2024,16-04-2024,16-05-2024,23-05-2024,5,5.0,14083.51,Paid
3532,374,57,Rep_19,25-06-2025,25-06-2025,25-07-2025,29-07-2025,4,10.0,2628.0,Paid
3533,215,9,Rep_15,08-11-2025,08-11-2025,08-12-2025,07-12-2025,6,20.0,996.58,Paid
3534,978,12,Rep_3,12-08-2024,13-08-2024,12-09-2024,10-09-2024,2,15.0,17391.39,Paid
3535,462,47,Rep_23,28-02-2025,28-02-2025,30-03-2025,14-05-2025,1,5.0,2557.04,Late
3536,871,57,,06-08-2024,07-08-2024,06-09-2024,13-09-2024,8,0.0,5840.0,Paid
3537,677,38,Rep_6,02-08-2025,02-08-2025,01-09-2025,31-08-2025,9,20.0,27772.99,Paid
3538,694,34,Rep_23,16-01-2024,16-01-2024,15-02-2024,16-02-2024,9,15.0,30496.57,Paid
3539,949,52,Rep_18,24-02-2024,24-02-2024,25-03-2024,,6,0.0,43903.32,Pending
3540,855,36,Rep_3,27-04-2025,27-04-2025,27-05-2025,02-06-2025,1,0.0,893.79,Paid
3541,765,32,Rep_5,12-03-2024,14-03-2024,13-04-2024,16-04-2024,10,15.0,23655.76,Paid
3542,615,100,Rep_28,14-07-2024,16-07-2024,15-08-2024,,8,15.0,22770.55,Pending
3543,935,65,Rep_10,06-12-2024,07-12-2024,06-01-2025,11-01-2025,6,0.0,19065.42,Paid
3544,268,97,Rep_25,28-02-2024,29-02-2024,30-03-2024,01-04-2024,9,15.0,58456.4,Paid
3545,874,34,Rep_18,18-04-2024,20-04-2024,20-05-2024,25-05-2024,8,0.0,31891.84,Paid
3546,100,49,Rep_28,26-02-2024,27-02-2024,28-03-2024,,1,0.0,7583.62,Pending
3547,933,63,Rep_9,13-02-2024,15-02-2024,16-03-2024,21-03-2024,9,15.0,12778.02,Paid
3548,297,12,Rep_21,02-11-2024,03-11-2024,03-12-2024,11-02-2025,5,5.0,48593.59,Late
3549,552,8,Rep_17,17-12-2025,18-12-2025,17-01-2026,21-02-2026,6,0.0,49428.72,Late
3550,790,23,Rep_3,24-02-2025,26-02-2025,28-03-2025,04-04-2025,8,0.0,23362.16,Paid
3551,577,86,Rep_21,01-06-2025,01-06-2025,01-07-2025,29-06-2025,8,15.0,33202.29,Paid
3552,440,69,Rep_8,20-03-2024,21-03-2024,20-04-2024,23-04-2024,10,15.0,71283.55,Paid
3553,667,60,Rep_15,04-02-2025,05-02-2025,07-03-2025,20-05-2025,1,10.0,4175.5,Late
3554,331,5,Rep_18,30-01-2024,31-01-2024,01-03-2024,29-02-2024,8,10.0,7373.09,Paid
3555,6,58,Rep_4,29-04-2025,01-05-2025,31-05-2025,06-06-2025,5,10.0,12103.83,Paid
3556,439,62,Rep_6,08-05-2025,08-05-2025,07-06-2025,12-06-2025,3,0.0,21276.84,Paid
3557,239,39,Rep_15,23-08-2025,23-08-2025,22-09-2025,20-09-2025,10,5.0,69178.14,Paid
3558,764,47,Rep_2,29-09-2025,30-09-2025,30-10-2025,31-10-2025,7,15.0,16015.14,Paid
3559,695,74,Rep_23,14-04-2024,14-04-2024,14-05-2024,12-05-2024,6,20.0,42037.1,Paid
3560,900,99,Rep_25,04-02-2025,06-02-2025,08-03-2025,12-05-2025,9,0.0,15955.47,Late
3561,774,52,Rep_12,12-05-2024,12-05-2024,11-06-2024,15-06-2024,2,0.0,14634.44,Paid
3562,674,5,Rep_15,12-03-2024,13-03-2024,12-04-2024,,3,0.0,3072.12,Pending
3563,924,48,Rep_29,11-12-2024,13-12-2024,12-01-2025,19-01-2025,2,10.0,9097.13,Paid
3564,79,56,Rep_30,23-12-2025,24-12-2025,23-01-2026,30-01-2026,7,10.0,15841.79,Paid
3565,198,50,Rep_5,25-02-2024,25-02-2024,26-03-2024,11-05-2024,7,20.0,9107.17,Late
3566,634,19,Rep_9,01-07-2024,02-07-2024,01-08-2024,,6,0.0,56266.86,Pending
3567,450,72,Rep_18,19-04-2025,19-04-2025,19-05-2025,15-08-2025,9,15.0,41332.26,Late
3568,652,37,Rep_10,30-04-2024,30-04-2024,30-05-2024,,1,15.0,5755.78,BadDebt
3569,984,31,Rep_23,29-12-2025,31-12-2025,30-01-2026,28-01-2026,1,10.0,4184.99,Paid
3570,857,84,Rep_28,28-02-2025,28-02-2025,30-03-2025,07-06-2025,8,0.0,7494.64,Late
3571,251,61,Rep_11,16-01-2025,18-01-2025,17-02-2025,07-04-2025,5,15.0,3169.1,Late
3572,842,32,Rep_15,29-02-2024,01-03-2024,31-03-2024,31-03-2024,8,20.0,17811.39,Paid
3573,378,15,Rep_4,11-07-2024,11-07-2024,10-08-2024,20-08-2024,1,10.0,5558.78,Paid
3574,559,42,Rep_6,17-05-2025,18-05-2025,17-06-2025,18-06-2025,9,20.0,75362.11,Paid
3575,25,49,Rep_8,12-06-2024,14-06-2024,14-07-2024,17-07-2024,1,15.0,6446.08,Paid
3576,380,89,Rep_6,23-05-2024,25-05-2024,24-06-2024,27-06-2024,6,0.0,11298.78,Paid
3577,83,12,Rep_28,24-03-2025,26-03-2025,25-04-2025,03-05-2025,6,0.0,61381.38,Paid
3578,709,16,Rep_4,27-06-2025,29-06-2025,29-07-2025,04-08-2025,1,10.0,1196.2,Paid
3579,992,92,Rep_19,04-01-2024,05-01-2024,04-02-2024,02-02-2024,5,10.0,19535.22,Paid
3580,858,28,Rep_29,09-08-2024,09-08-2024,08-09-2024,17-09-2024,10,5.0,38233.98,Paid
3581,272,58,Rep_6,19-08-2024,21-08-2024,20-09-2024,27-09-2024,4,0.0,10758.96,Paid
3582,618,7,Rep_10,19-01-2025,19-01-2025,18-02-2025,19-02-2025,7,0.0,4914.21,Paid
3583,868,16,Rep_18,27-07-2024,28-07-2024,27-08-2024,29-08-2024,10,0.0,13291.1,Paid
3584,72,73,Rep_14,15-08-2024,16-08-2024,15-09-2024,17-09-2024,4,15.0,12297.94,Paid
3585,710,25,Rep_14,27-03-2024,29-03-2024,28-04-2024,07-05-2024,6,20.0,2173.39,Paid
3586,121,48,Rep_30,02-02-2024,04-02-2024,05-03-2024,04-03-2024,5,15.0,21479.33,Paid
3587,547,58,Rep_1,24-09-2025,26-09-2025,26-10-2025,30-10-2025,4,5.0,10221.01,Paid
3588,830,27,Rep_5,03-09-2024,03-09-2024,03-10-2024,09-10-2024,4,0.0,6053.12,Paid
3589,626,93,Rep_8,31-12-2025,02-01-2026,01-02-2026,30-01-2026,5,0.0,9057.35,Paid
3590,560,56,Rep_24,23-01-2025,24-01-2025,23-02-2025,28-02-2025,1,15.0,2137.38,Paid
3591,323,62,Rep_7,02-06-2025,04-06-2025,04-07-2025,08-07-2025,4,15.0,24113.75,Paid
3592,498,25,Rep_28,26-06-2025,26-06-2025,26-07-2025,14-10-2025,9,5.0,3871.35,Late
3593,472,4,Rep_2,05-04-2024,07-04-2024,07-05-2024,14-07-2024,9,5.0,25103.14,Late
3594,478,47,Rep_22,11-04-2024,13-04-2024,13-05-2024,17-05-2024,3,0.0,8074.86,Paid
3595,816,84,Rep_18,27-02-2025,27-02-2025,29-03-2025,04-04-2025,3,20.0,2248.39,Paid
3596,397,2,Rep_30,15-01-2024,16-01-2024,15-02-2024,13-05-2024,7,20.0,47261.03,Late
3597,603,7,Rep_13,15-11-2024,17-11-2024,17-12-2024,,6,5.0,4001.57,Pending
3598,952,3,Rep_10,08-03-2025,10-03-2025,09-04-2025,22-06-2025,8,20.0,53028.99,Late
3599,626,79,Rep_9,12-04-2025,14-04-2025,14-05-2025,15-05-2025,2,0.0,3235.72,Paid
3600,5,80,Rep_18,13-07-2025,14-07-2025,13-08-2025,,5,10.0,16885.12,Pending
3601,967,35,Rep_15,30-06-2025,30-06-2025,30-07-2025,03-08-2025,6,20.0,28768.56,Paid
3602,650,18,Rep_14,31-01-2025,31-01-2025,02-03-2025,03-03-2025,2,20.0,3500.9,Paid
3603,425,39,Rep_10,27-02-2024,28-02-2024,29-03-2024,,10,20.0,58255.28,Pending
3604,25,68,Rep_21,25-05-2025,27-05-2025,26-06-2025,05-07-2025,4,15.0,32583.36,Paid
3605,723,31,Rep_29,25-03-2025,25-03-2025,24-04-2025,03-05-2025,9,20.0,33479.93,Paid
3606,806,41,Rep_3,13-05-2025,15-05-2025,14-06-2025,,2,5.0,6762.23,Pending
3607,172,16,Rep_9,04-05-2025,06-05-2025,05-06-2025,05-06-2025,5,15.0,5648.72,Paid
3608,856,15,Rep_5,23-05-2025,25-05-2025,24-06-2025,25-06-2025,1,10.0,5558.78,Paid
3609,317,2,Rep_15,27-03-2025,29-03-2025,28-04-2025,02-05-2025,5,0.0,42197.35,Paid
3610,994,50,Rep_11,22-05-2024,22-05-2024,21-06-2024,30-06-2024,8,20.0,10408.19,Paid
3611,324,44,Rep_20,10-11-2025,11-11-2025,11-12-2025,14-12-2025,9,15.0,37528.6,Paid
3612,622,8,Rep_22,19-04-2025,19-04-2025,19-05-2025,28-05-2025,7,15.0,49016.81,Paid
3613,322,100,Rep_17,23-09-2024,23-09-2024,23-10-2024,23-10-2024,8,5.0,25449.44,Paid
3614,243,79,Rep_12,18-05-2024,18-05-2024,17-06-2024,29-08-2024,10,20.0,12942.88,Late
3615,259,55,Rep_2,26-10-2025,28-10-2025,27-11-2025,08-01-2026,10,15.0,48630.71,Late
3616,412,48,Rep_30,24-05-2025,25-05-2025,24-06-2025,22-06-2025,9,10.0,40937.08,Paid
3617,313,99,Rep_2,16-08-2025,16-08-2025,15-09-2025,20-09-2025,4,10.0,6382.19,Paid
3618,80,20,Rep_20,14-03-2025,15-03-2025,14-04-2025,,7,0.0,14280.07,Pending
3619,581,11,Rep_10,07-01-2024,07-01-2024,06-02-2024,10-02-2024,7,10.0,12711.07,Paid
3620,255,5,Rep_28,25-02-2024,25-02-2024,26-03-2024,01-04-2024,5,15.0,4352.17,Paid
3621,306,98,Rep_22,28-10-2025,30-10-2025,29-11-2025,27-11-2025,6,5.0,6760.2,Paid
3622,519,59,Rep_13,03-12-2025,03-12-2025,02-01-2026,12-01-2026,4,5.0,11266.81,Paid
3623,793,52,Rep_3,06-08-2025,06-08-2025,05-09-2025,10-09-2025,1,20.0,5853.78,Paid
3624,834,64,Rep_1,05-04-2024,05-04-2024,05-05-2024,07-05-2024,1,5.0,3889.02,Paid
3625,181,19,Rep_21,14-04-2025,15-04-2025,15-05-2025,,5,5.0,44544.6,Pending
3626,688,53,Rep_10,12-12-2024,12-12-2024,11-01-2025,,6,0.0,26504.88,Pending
3627,503,87,Rep_19,26-09-2024,26-09-2024,26-10-2024,30-10-2024,1,5.0,1567.53,Paid
3628,197,92,Rep_19,16-07-2025,18-07-2025,17-08-2025,08-10-2025,6,20.0,20837.57,Late
3629,192,8,Rep_27,23-09-2024,25-09-2024,25-10-2024,28-10-2024,6,5.0,46957.28,Paid
3630,782,30,Rep_5,20-02-2024,20-02-2024,21-03-2024,23-03-2024,4,0.0,7946.68,Paid
3631,507,59,Rep_5,22-12-2025,23-12-2025,22-01-2026,01-02-2026,5,5.0,14083.51,Paid
3632,317,45,Rep_29,26-11-2025,27-11-2025,27-12-2025,01-01-2026,5,0.0,20163.75,Paid
3633,466,17,Rep_28,25-09-2024,27-09-2024,27-10-2024,31-10-2024,5,20.0,30929.76,Paid
3634,825,66,Rep_29,04-08-2024,06-08-2024,05-09-2024,12-10-2024,10,0.0,110649.5,Late
3635,892,10,Rep_20,23-01-2024,23-01-2024,22-02-2024,27-02-2024,9,10.0,41223.98,Paid
3636,593,73,Rep_14,10-09-2024,10-09-2024,10-10-2024,12-10-2024,3,0.0,10851.12,Paid
3637,358,78,Rep_1,26-04-2025,26-04-2025,26-05-2025,,3,10.0,18087.98,Pending
3638,373,61,Rep_12,31-07-2025,02-08-2025,01-09-2025,04-09-2025,9,10.0,6039.93,Paid
3639,359,15,Rep_9,28-10-2025,28-10-2025,27-11-2025,,4,10.0,22235.11,BadDebt
3640,891,60,Rep_8,09-12-2025,09-12-2025,08-01-2026,06-01-2026,7,5.0,30852.28,Paid
3641,625,84,Rep_24,26-10-2024,26-10-2024,25-11-2024,30-11-2024,9,10.0,7588.32,Paid
3642,708,94,Rep_21,06-05-2024,06-05-2024,05-06-2024,04-06-2024,2,0.0,5553.6,Paid
3643,996,85,Rep_25,07-06-2025,07-06-2025,07-07-2025,09-07-2025,8,20.0,15087.1,Paid
3644,995,59,Rep_24,23-02-2024,24-02-2024,25-03-2024,23-03-2024,8,0.0,23719.6,Paid
3645,412,17,Rep_28,29-01-2025,31-01-2025,02-03-2025,07-03-2025,7,5.0,51420.73,Paid
3646,208,17,Rep_24,13-03-2025,14-03-2025,13-04-2025,11-04-2025,8,20.0,49487.62,Paid
3647,493,66,Rep_22,28-09-2025,30-09-2025,30-10-2025,15-12-2025,8,20.0,70815.68,Late
3648,718,84,Rep_10,14-07-2024,16-07-2024,15-08-2024,19-08-2024,4,15.0,3185.22,Paid
3649,275,14,Rep_29,26-11-2025,28-11-2025,28-12-2025,29-12-2025,9,10.0,24310.69,Paid
3650,540,22,Rep_20,13-02-2025,13-02-2025,15-03-2025,16-04-2025,2,15.0,1432.0,Late
3651,322,22,Rep_11,08-05-2025,09-05-2025,08-06-2025,18-06-2025,9,15.0,6443.98,Paid
3652,198,27,Rep_27,13-03-2024,15-03-2024,14-04-2024,24-04-2024,4,0.0,6053.12,Paid
3653,919,50,Rep_2,06-03-2024,08-03-2024,07-04-2024,24-06-2024,2,15.0,2764.68,Late
3654,822,3,Rep_27,21-01-2024,21-01-2024,20-02-2024,26-02-2024,7,10.0,52200.41,Paid
3655,938,97,Rep_29,20-04-2025,20-04-2025,20-05-2025,12-07-2025,2,5.0,14518.58,Late
3656,896,84,Rep_27,07-03-2025,07-03-2025,06-04-2025,15-04-2025,1,10.0,843.15,Paid
3657,613,27,Rep_27,23-06-2024,25-06-2024,25-07-2024,02-08-2024,10,5.0,14376.16,Paid
3658,794,24,Rep_3,02-07-2024,03-07-2024,02-08-2024,,10,15.0,30788.96,Pending
3659,357,21,Rep_1,15-11-2025,16-11-2025,16-12-2025,29-01-2026,9,15.0,35736.82,Late
3660,457,78,Rep_26,16-07-2024,18-07-2024,17-08-2024,25-08-2024,5,10.0,30146.62,Paid
3661,724,73,Rep_22,19-01-2025,21-01-2025,20-02-2025,28-02-2025,10,15.0,30744.84,Paid
3662,285,1,Rep_15,11-08-2025,13-08-2025,12-09-2025,01-12-2025,8,15.0,36867.7,Late
3663,235,86,Rep_29,13-10-2025,14-10-2025,13-11-2025,11-11-2025,8,0.0,39061.52,Paid
3664,358,12,Rep_1,23-10-2025,23-10-2025,22-11-2025,04-01-2026,2,20.0,16368.37,Late
3665,593,14,Rep_26,07-10-2024,08-10-2024,07-11-2024,31-12-2024,7,15.0,17857.85,Late
3666,471,88,Rep_1,20-01-2025,20-01-2025,19-02-2025,,6,0.0,37465.2,Pending
3667,2,24,Rep_28,05-02-2025,07-02-2025,09-03-2025,14-03-2025,7,10.0,22820.05,Paid
3668,789,51,Rep_10,06-01-2025,08-01-2025,07-02-2025,08-02-2025,3,20.0,23327.88,Paid
3669,61,44,Rep_20,03-01-2024,04-01-2024,03-02-2024,10-02-2024,1,5.0,4660.42,Paid
3670,913,55,Rep_27,20-12-2025,20-12-2025,19-01-2026,28-01-2026,8,0.0,45770.08,Paid
3671,854,43,Rep_28,13-08-2024,14-08-2024,13-09-2024,23-09-2024,1,10.0,187.27,Paid
3672,557,77,Rep_19,01-01-2024,02-01-2024,01-02-2024,07-03-2024,7,5.0,6161.62,Late
3673,387,15,Rep_2,26-12-2024,26-12-2024,25-01-2025,23-01-2025,7,15.0,36749.7,Paid
3674,868,59,Rep_19,29-02-2024,01-03-2024,31-03-2024,02-04-2024,2,0.0,5929.9,Paid
3675,698,61,Rep_2,29-03-2025,31-03-2025,30-04-2025,01-05-2025,2,20.0,1193.07,Paid
3676,637,50,Rep_5,20-11-2025,20-11-2025,20-12-2025,22-12-2025,10,15.0,13823.38,Paid
3677,953,66,Rep_16,12-08-2024,12-08-2024,11-09-2024,21-09-2024,8,20.0,70815.68,Paid
3678,577,70,Rep_17,04-06-2025,06-06-2025,06-07-2025,16-07-2025,4,15.0,29101.52,Paid
3679,551,88,Rep_25,17-03-2025,17-03-2025,16-04-2025,18-04-2025,9,5.0,53387.91,Paid
3680,584,92,Rep_12,26-03-2025,26-03-2025,25-04-2025,,5,15.0,18449.93,Pending
3681,832,25,Rep_25,09-08-2024,10-08-2024,09-09-2024,09-09-2024,2,0.0,905.58,Paid
3682,991,9,Rep_20,10-10-2024,10-10-2024,09-11-2024,15-11-2024,3,10.0,560.57,Paid
3683,853,16,Rep_6,18-10-2025,18-10-2025,17-11-2025,21-11-2025,6,0.0,7974.66,Paid
3684,802,28,Rep_3,07-11-2025,07-11-2025,07-12-2025,14-12-2025,7,5.0,26763.79,Paid
3685,121,84,Rep_26,17-09-2025,17-09-2025,17-10-2025,23-10-2025,2,5.0,1779.98,Paid
3686,283,57,Rep_12,31-08-2025,31-08-2025,30-09-2025,09-10-2025,5,10.0,3285.0,Paid
3687,560,9,Rep_19,02-12-2024,02-12-2024,01-01-2025,02-01-2025,10,10.0,1868.58,Paid
3688,887,91,Rep_1,02-10-2025,02-10-2025,01-11-2025,09-11-2025,3,15.0,22366.25,Paid
3689,865,55,Rep_14,25-11-2025,25-11-2025,25-12-2025,31-12-2025,2,10.0,10298.27,Paid
3690,437,93,Rep_1,02-02-2025,02-02-2025,04-03-2025,14-03-2025,8,5.0,13767.17,Paid
3691,887,61,Rep_9,21-02-2024,23-02-2024,24-03-2024,,6,20.0,3579.22,Pending
3692,12,33,Rep_1,30-09-2025,02-10-2025,01-11-2025,10-11-2025,10,10.0,13290.03,Paid
3693,61,26,Rep_19,26-03-2024,27-03-2024,26-04-2024,06-05-2024,9,15.0,65921.12,Paid
3694,446,23,Rep_4,04-06-2024,06-06-2024,06-07-2024,08-07-2024,8,15.0,19857.84,Paid
3695,604,45,Rep_5,02-06-2025,02-06-2025,02-07-2025,05-07-2025,2,20.0,6452.4,Paid
3696,830,52,Rep_16,25-08-2024,25-08-2024,24-09-2024,01-10-2024,3,5.0,20854.08,Paid
3697,485,8,Rep_20,28-06-2025,29-06-2025,29-07-2025,06-08-2025,3,15.0,21007.21,Paid
3698,370,95,Rep_17,14-01-2025,15-01-2025,14-02-2025,16-02-2025,5,20.0,3983.36,Paid
3699,121,16,Rep_22,16-11-2024,18-11-2024,18-12-2024,,8,15.0,9037.95,Pending
3700,891,14,Rep_7,03-08-2024,05-08-2024,04-09-2024,07-09-2024,6,5.0,17107.52,Paid
3701,15,65,Rep_5,08-08-2024,10-08-2024,09-09-2024,08-09-2024,8,10.0,22878.5,Paid
3702,735,29,Rep_26,30-05-2024,31-05-2024,30-06-2024,09-07-2024,3,0.0,15817.38,Paid
3703,811,74,Rep_29,18-03-2025,19-03-2025,18-04-2025,,3,20.0,21018.55,Pending
3704,20,2,Rep_29,06-03-2025,08-03-2025,07-04-2025,16-04-2025,6,10.0,45573.14,Paid
3705,531,22,Rep_12,19-09-2025,20-09-2025,20-10-2025,28-10-2025,9,5.0,7202.09,Paid
3706,535,57,Rep_6,03-07-2024,05-07-2024,04-08-2024,13-08-2024,8,0.0,5840.0,Paid
3707,370,65,Rep_5,19-04-2025,21-04-2025,21-05-2025,19-05-2025,9,0.0,28598.13,Paid
3708,140,54,Rep_1,27-05-2024,27-05-2024,26-06-2024,,2,15.0,11335.87,Pending
3709,379,26,Rep_27,18-05-2024,20-05-2024,19-06-2024,,1,5.0,8186.28,Pending
3710,293,57,Rep_16,03-05-2025,04-05-2025,03-06-2025,27-08-2025,9,20.0,5256.0,Late
3711,451,76,Rep_18,24-08-2025,26-08-2025,25-09-2025,01-10-2025,1,10.0,9035.41,Paid
3712,564,95,Rep_11,18-03-2024,18-03-2024,17-04-2024,28-06-2024,4,20.0,3186.69,Late
3713,766,47,Rep_6,18-07-2024,20-07-2024,19-08-2024,29-08-2024,7,10.0,16957.21,Paid
3714,950,50,Rep_22,07-06-2024,07-06-2024,07-07-2024,13-07-2024,4,10.0,5854.61,Paid
3715,135,76,Rep_18,02-08-2025,04-08-2025,03-09-2025,11-10-2025,4,20.0,32125.89,Late
3716,966,49,Rep_2,15-02-2024,17-02-2024,18-03-2024,25-03-2024,4,20.0,24267.58,Paid
3717,674,68,Rep_19,23-07-2024,25-07-2024,24-08-2024,02-11-2024,3,0.0,28750.02,Late
3718,749,49,Rep_4,16-01-2024,17-01-2024,16-02-2024,21-02-2024,9,10.0,61427.32,Paid
3719,252,54,Rep_21,28-10-2025,28-10-2025,27-11-2025,30-11-2025,7,20.0,37341.7,Paid
3720,935,23,Rep_7,19-11-2024,21-11-2024,21-12-2024,28-12-2024,7,20.0,16353.51,Paid
3721,561,68,Rep_17,13-07-2025,15-07-2025,14-08-2025,24-08-2025,1,20.0,7666.67,Paid
3722,781,4,Rep_6,21-06-2025,21-06-2025,21-07-2025,19-07-2025,8,0.0,23488.32,Paid
3723,210,91,Rep_18,13-02-2025,13-02-2025,15-03-2025,19-03-2025,9,0.0,78939.72,Paid
3724,294,34,Rep_28,05-10-2024,05-10-2024,04-11-2024,05-01-2025,3,0.0,11959.44,Late
3725,728,64,Rep_17,22-05-2025,23-05-2025,22-06-2025,28-06-2025,4,0.0,16374.8,Paid
3726,312,30,Rep_25,08-06-2025,09-06-2025,09-07-2025,07-07-2025,10,15.0,16886.7,Paid
3727,734,34,Rep_16,29-06-2024,29-06-2024,29-07-2024,04-08-2024,1,0.0,3986.48,Paid
3728,171,77,Rep_13,03-04-2024,05-04-2024,05-05-2024,,4,0.0,3706.24,Pending
3729,709,57,Rep_16,12-11-2024,13-11-2024,13-12-2024,11-12-2024,3,5.0,2080.5,Paid
3730,459,97,Rep_18,18-01-2024,19-01-2024,18-02-2024,19-02-2024,3,15.0,19485.47,Paid
3731,82,69,Rep_4,21-11-2024,23-11-2024,23-12-2024,24-01-2025,7,5.0,55768.89,Late
3732,134,59,Rep_30,20-06-2024,21-06-2024,21-07-2024,28-07-2024,2,0.0,5929.9,Paid
3733,997,9,Rep_21,15-04-2025,17-04-2025,17-05-2025,17-05-2025,6,0.0,1245.72,Paid
3734,200,70,Rep_19,29-10-2025,29-10-2025,28-11-2025,06-12-2025,8,0.0,68474.16,Paid
3735,574,12,Rep_23,03-09-2025,04-09-2025,04-10-2025,14-10-2025,5,15.0,43478.48,Paid
3736,413,5,Rep_23,21-04-2025,22-04-2025,22-05-2025,27-05-2025,3,0.0,3072.12,Paid
3737,979,71,Rep_7,08-01-2024,09-01-2024,08-02-2024,06-05-2024,4,10.0,1682.53,Late
3738,115,52,Rep_19,28-12-2025,28-12-2025,27-01-2026,30-01-2026,2,0.0,14634.44,Paid
3739,961,16,Rep_22,11-05-2025,11-05-2025,10-06-2025,13-06-2025,2,10.0,2392.4,Paid
3740,606,51,Rep_3,29-03-2025,29-03-2025,28-04-2025,05-05-2025,3,10.0,26243.86,Paid
3741,207,44,Rep_8,03-08-2025,05-08-2025,04-09-2025,08-09-2025,6,5.0,27962.49,Paid
3742,231,85,Rep_28,13-06-2025,14-06-2025,14-07-2025,15-07-2025,4,20.0,7543.55,Paid
3743,720,2,Rep_3,29-01-2024,31-01-2024,01-03-2024,05-03-2024,3,15.0,21520.65,Paid
3744,441,67,Rep_9,03-09-2024,05-09-2024,05-10-2024,09-10-2024,6,0.0,21151.8,Paid
3745,926,48,Rep_2,04-01-2025,06-01-2025,05-02-2025,23-04-2025,5,15.0,21479.33,Late
3746,109,98,Rep_12,23-10-2025,25-10-2025,24-11-2025,25-11-2025,3,0.0,3558.0,Paid
3747,535,71,Rep_2,10-09-2025,10-09-2025,10-10-2025,08-10-2025,10,0.0,4673.7,Paid
3748,352,16,Rep_4,15-08-2025,15-08-2025,14-09-2025,19-09-2025,8,10.0,9569.59,Paid
3749,664,21,Rep_18,08-11-2025,08-11-2025,08-12-2025,14-12-2025,5,5.0,22189.53,Paid
3750,892,82,Rep_18,25-07-2025,27-07-2025,26-08-2025,26-08-2025,1,5.0,3765.93,Paid
3751,83,4,Rep_10,20-08-2024,21-08-2024,20-09-2024,11-11-2024,4,10.0,10569.74,Late
3752,299,19,Rep_3,28-12-2025,30-12-2025,29-01-2026,06-02-2026,10,15.0,79711.38,Paid
3753,373,75,Rep_29,12-01-2025,13-01-2025,12-02-2025,18-02-2025,1,0.0,7560.47,Paid
3754,437,93,Rep_15,19-08-2025,20-08-2025,19-09-2025,20-09-2025,6,15.0,9238.5,Paid
3755,608,33,Rep_9,27-07-2024,28-07-2024,27-08-2024,25-08-2024,10,0.0,14766.7,Paid
3756,661,67,Rep_7,29-04-2024,30-04-2024,30-05-2024,11-08-2024,5,15.0,14982.52,Late
3757,451,38,Rep_11,25-04-2024,26-04-2024,26-05-2024,30-05-2024,1,5.0,3664.49,Paid
3758,938,26,Rep_6,07-11-2025,09-11-2025,09-12-2025,11-12-2025,2,15.0,14649.14,Paid
3759,930,74,Rep_4,20-12-2024,21-12-2024,20-01-2025,,8,10.0,63055.66,Pending
3760,460,79,Rep_20,07-02-2024,08-02-2024,09-03-2024,26-04-2024,9,5.0,13832.7,Late
3761,774,79,Rep_14,19-02-2025,21-02-2025,23-03-2025,22-03-2025,1,20.0,1294.29,Paid
3762,1000,46,Rep_14,20-03-2025,20-03-2025,19-04-2025,17-04-2025,7,10.0,5253.76,Paid
3763,492,49,Rep_18,22-09-2024,23-09-2024,23-10-2024,26-10-2024,7,5.0,50431.07,Paid
3764,362,8,Rep_29,27-11-2025,27-11-2025,27-12-2025,29-12-2025,4,20.0,26361.98,Paid
3765,595,75,Rep_25,23-06-2024,25-06-2024,25-07-2024,23-07-2024,3,20.0,18145.13,Paid
3766,257,31,Rep_6,25-06-2025,27-06-2025,27-07-2025,,6,10.0,25109.95,Pending
3767,689,93,Rep_19,08-07-2025,09-07-2025,08-08-2025,15-08-2025,2,20.0,2898.35,Paid
3768,542,5,Rep_14,23-12-2024,23-12-2024,22-01-2025,23-01-2025,10,0.0,10240.4,Paid
3769,911,2,Rep_4,17-11-2025,19-11-2025,19-12-2025,17-12-2025,4,20.0,27006.3,Paid
3770,653,61,Rep_11,20-04-2025,21-04-2025,21-05-2025,30-05-2025,2,20.0,1193.07,Paid
3771,502,13,Rep_23,15-08-2025,16-08-2025,15-09-2025,18-09-2025,8,10.0,48393.79,Paid
3772,871,56,Rep_16,28-08-2025,28-08-2025,27-09-2025,,4,20.0,8046.62,Pending
3773,659,40,Rep_20,08-09-2024,08-09-2024,08-10-2024,06-01-2025,6,10.0,29762.96,Late
3774,937,60,Rep_7,01-10-2025,01-10-2025,31-10-2025,31-10-2025,7,5.0,30852.28,Paid
3775,271,30,Rep_13,15-05-2025,15-05-2025,14-06-2025,22-06-2025,10,0.0,19866.7,Paid
3776,700,14,Rep_21,28-09-2024,28-09-2024,28-10-2024,30-10-2024,4,0.0,12005.28,Paid
3777,154,74,Rep_12,03-06-2025,04-06-2025,04-07-2025,13-07-2025,9,0.0,78819.57,Paid
3778,643,12,Rep_14,20-08-2025,20-08-2025,19-09-2025,17-09-2025,3,10.0,27621.62,Paid
3779,453,33,Rep_17,08-11-2025,08-11-2025,08-12-2025,14-12-2025,1,0.0,1476.67,Paid
3780,198,37,Rep_5,17-03-2024,17-03-2024,16-04-2024,24-04-2024,8,0.0,54172.08,Paid
3781,67,14,Rep_18,20-10-2024,21-10-2024,20-11-2024,20-11-2024,1,15.0,2551.12,Paid
3782,811,97,Rep_14,22-08-2024,24-08-2024,23-09-2024,22-09-2024,5,10.0,34386.12,Paid
3783,463,25,Rep_13,06-03-2024,08-03-2024,07-04-2024,11-04-2024,9,20.0,3260.09,Paid
3784,485,82,Rep_7,20-01-2024,20-01-2024,19-02-2024,27-02-2024,9,20.0,28541.81,Paid
3785,306,71,Rep_1,14-11-2025,15-11-2025,15-12-2025,24-12-2025,2,15.0,794.53,Paid
3786,992,7,Rep_22,25-11-2025,26-11-2025,26-12-2025,,9,20.0,5054.62,Pending
3787,292,52,Rep_23,08-07-2024,10-07-2024,09-08-2024,09-08-2024,7,0.0,51220.54,Paid
3788,950,70,Rep_23,13-04-2025,13-04-2025,13-05-2025,10-07-2025,4,0.0,34237.08,Late
3789,88,25,Rep_1,07-04-2025,07-04-2025,07-05-2025,14-07-2025,4,20.0,1448.93,Late
3790,4,100,Rep_13,19-10-2025,21-10-2025,20-11-2025,04-01-2026,5,20.0,13394.44,Late
3791,423,33,Rep_8,17-08-2025,17-08-2025,16-09-2025,29-10-2025,9,15.0,11296.53,Late
3792,487,84,Rep_29,14-05-2024,16-05-2024,15-06-2024,20-06-2024,9,0.0,8431.47,Paid
3793,594,24,Rep_16,08-01-2025,10-01-2025,09-02-2025,10-02-2025,1,5.0,3441.12,Paid
3794,53,84,Rep_5,01-09-2024,01-09-2024,01-10-2024,30-09-2024,8,20.0,5995.71,Paid
3795,318,77,Rep_11,15-01-2024,16-01-2024,15-02-2024,24-02-2024,5,20.0,3706.24,Paid
3796,255,76,Rep_15,31-03-2024,01-04-2024,01-05-2024,30-04-2024,3,20.0,24094.42,Paid
3797,227,78,Rep_29,25-10-2025,27-10-2025,26-11-2025,04-12-2025,10,5.0,63642.88,Paid
3798,984,24,Rep_8,03-04-2025,05-04-2025,05-05-2025,,2,10.0,6520.01,Pending
3799,251,100,Rep_21,07-03-2025,09-03-2025,08-04-2025,08-04-2025,4,5.0,12724.72,Paid
3800,524,54,Rep_13,11-04-2024,13-04-2024,13-05-2024,17-05-2024,3,5.0,19004.26,Paid
3801,31,9,Rep_3,26-11-2025,28-11-2025,28-12-2025,02-01-2026,1,0.0,207.62,Paid
3802,575,1,Rep_5,18-09-2024,19-09-2024,19-10-2024,19-10-2024,1,20.0,4337.38,Paid
3803,458,40,Rep_16,30-05-2025,31-05-2025,30-06-2025,01-07-2025,8,20.0,35274.62,Paid
3804,823,17,Rep_21,07-04-2025,08-04-2025,08-05-2025,,1,15.0,6572.57,Pending
3805,656,9,Rep_16,23-12-2025,23-12-2025,22-01-2026,29-01-2026,10,0.0,2076.2,Paid
3806,715,53,Rep_16,30-08-2025,01-09-2025,01-10-2025,02-10-2025,7,15.0,26284.01,Paid
3807,853,48,Rep_16,02-03-2025,02-03-2025,01-04-2025,,9,10.0,40937.08,Pending
3808,732,64,Rep_14,21-06-2025,22-06-2025,22-07-2025,31-07-2025,10,10.0,36843.3,Paid
3809,997,88,Rep_20,09-06-2025,11-06-2025,11-07-2025,13-07-2025,5,20.0,24976.8,Paid
3810,387,5,Rep_13,15-10-2024,15-10-2024,14-11-2024,17-11-2024,1,5.0,972.84,Paid
3811,64,20,Rep_30,03-05-2024,04-05-2024,03-06-2024,15-07-2024,10,10.0,18360.09,Late
3812,112,93,Rep_27,04-01-2024,04-01-2024,03-02-2024,07-02-2024,4,5.0,6883.59,Paid
3813,840,93,Rep_27,01-02-2024,02-02-2024,03-03-2024,05-03-2024,2,5.0,3441.79,Paid
3814,10,66,Rep_4,19-01-2025,20-01-2025,19-02-2025,18-02-2025,1,20.0,8851.96,Paid
3815,608,60,Rep_8,04-01-2024,05-01-2024,04-02-2024,22-04-2024,9,5.0,39667.21,Late
3816,312,5,Rep_2,19-06-2024,21-06-2024,21-07-2024,24-07-2024,10,10.0,9216.36,Paid
3817,964,52,Rep_21,17-01-2025,18-01-2025,17-02-2025,20-02-2025,8,10.0,52683.98,Paid
3818,73,2,Rep_29,02-12-2025,04-12-2025,03-01-2026,12-01-2026,1,10.0,7595.52,Paid
3819,323,62,Rep_1,03-08-2024,05-08-2024,04-09-2024,22-11-2024,5,0.0,35461.4,Late
3820,765,56,Rep_15,23-01-2025,23-01-2025,22-02-2025,04-03-2025,2,10.0,4526.23,Paid
3821,22,89,Rep_3,17-06-2024,18-06-2024,18-07-2024,21-07-2024,7,20.0,10545.53,Paid
3822,301,28,Rep_11,23-08-2024,25-08-2024,24-09-2024,,7,20.0,22537.93,Pending
3823,371,34,Rep_7,06-02-2025,06-02-2025,08-03-2025,09-03-2025,5,5.0,18935.78,Paid
3824,538,70,Rep_2,10-06-2024,12-06-2024,12-07-2024,21-07-2024,10,15.0,72753.8,Paid
3825,801,93,Rep_10,02-12-2025,02-12-2025,01-01-2026,11-01-2026,6,20.0,8695.06,Paid
3826,198,54,Rep_13,16-08-2024,17-08-2024,16-09-2024,18-09-2024,6,0.0,40008.96,Paid
3827,578,31,Rep_20,05-04-2025,07-04-2025,07-05-2025,07-05-2025,3,20.0,11159.98,Paid
3828,299,38,Rep_15,08-08-2024,08-08-2024,07-09-2024,06-09-2024,4,10.0,13886.5,Paid
3829,611,4,Rep_8,11-02-2024,12-02-2024,13-03-2024,17-03-2024,7,20.0,16441.82,Paid
3830,657,27,Rep_12,05-03-2025,06-03-2025,05-04-2025,11-04-2025,4,15.0,5145.15,Paid
3831,807,7,Rep_20,18-10-2024,18-10-2024,17-11-2024,22-11-2024,8,15.0,4773.8,Paid
3832,594,85,Rep_15,10-12-2025,12-12-2025,11-01-2026,11-01-2026,3,10.0,6364.87,Paid
3833,432,61,Rep_10,17-11-2024,18-11-2024,18-12-2024,24-02-2025,2,5.0,1416.77,Late
3834,687,4,Rep_24,16-06-2024,18-06-2024,18-07-2024,13-10-2024,5,10.0,13212.18,Late
3835,387,76,Rep_25,02-04-2025,03-04-2025,03-05-2025,02-05-2025,4,15.0,34133.76,Paid
3836,437,65,Rep_19,10-09-2025,12-09-2025,12-10-2025,10-10-2025,9,15.0,24308.41,Paid
3837,978,39,Rep_22,05-05-2024,07-05-2024,06-06-2024,09-06-2024,10,0.0,72819.1,Paid
3838,299,34,Rep_11,22-04-2025,23-04-2025,23-05-2025,21-05-2025,8,5.0,30297.25,Paid
3839,492,72,Rep_9,25-02-2025,25-02-2025,27-03-2025,30-03-2025,5,15.0,22962.37,Paid
3840,468,41,Rep_18,02-04-2024,04-04-2024,04-05-2024,03-05-2024,5,15.0,15126.05,Paid
3841,573,4,Rep_21,21-08-2024,22-08-2024,21-09-2024,28-09-2024,10,0.0,29360.4,Paid
3842,507,62,Rep_19,15-04-2025,15-04-2025,15-05-2025,,8,10.0,51064.42,Pending
3843,640,28,Rep_10,07-09-2025,09-09-2025,09-10-2025,12-10-2025,7,15.0,23946.55,Paid
3844,830,51,Rep_14,07-09-2024,07-09-2024,07-10-2024,07-12-2024,8,0.0,77759.6,Late
3845,451,95,Rep_18,24-06-2025,25-06-2025,25-07-2025,26-07-2025,4,20.0,3186.69,Paid
3846,11,26,Rep_1,25-05-2024,27-05-2024,26-06-2024,04-08-2024,5,20.0,34468.56,Late
3847,413,51,Rep_9,10-01-2025,11-01-2025,10-02-2025,15-02-2025,1,10.0,8747.96,Paid
3848,823,32,Rep_13,19-09-2024,21-09-2024,21-10-2024,23-10-2024,2,5.0,5287.76,Paid
3849,927,70,Rep_30,29-10-2025,29-10-2025,28-11-2025,11-02-2026,3,20.0,20542.25,Late
3850,546,2,Rep_10,25-01-2024,27-01-2024,26-02-2024,24-02-2024,6,5.0,48104.98,Paid
3851,409,68,Rep_7,12-03-2025,14-03-2025,13-04-2025,11-04-2025,1,0.0,9583.34,Paid
3852,928,41,Rep_23,16-05-2024,17-05-2024,16-06-2024,18-06-2024,2,10.0,6406.33,Paid
3853,821,19,Rep_24,18-04-2025,19-04-2025,19-05-2025,18-05-2025,3,15.0,23913.42,Paid
3854,585,96,Rep_1,21-07-2024,21-07-2024,20-08-2024,23-08-2024,7,20.0,44672.43,Paid
3855,275,33,Rep_27,24-11-2024,25-11-2024,25-12-2024,29-12-2024,2,15.0,2510.34,Paid
3856,733,99,Rep_10,07-01-2025,07-01-2025,06-02-2025,27-03-2025,2,0.0,3545.66,Late
3857,667,63,Rep_14,08-09-2024,10-09-2024,10-10-2024,14-10-2024,6,5.0,9520.88,Paid
3858,915,47,Rep_14,15-10-2024,16-10-2024,15-11-2024,24-12-2024,1,5.0,2557.04,Late
3859,178,56,Rep_17,23-09-2024,24-09-2024,24-10-2024,23-10-2024,10,20.0,20116.56,Paid
3860,118,39,Rep_23,26-11-2025,26-11-2025,26-12-2025,08-02-2026,6,10.0,39322.31,Late
3861,441,17,Rep_25,29-06-2025,01-07-2025,31-07-2025,,1,15.0,6572.57,Pending
3862,981,65,Rep_15,17-10-2024,19-10-2024,18-11-2024,21-11-2024,2,5.0,6037.38,Paid
3863,634,12,Rep_12,30-05-2025,01-06-2025,01-07-2025,04-07-2025,9,5.0,87468.47,Paid
3864,323,99,Rep_22,02-10-2024,03-10-2024,02-11-2024,07-12-2024,3,0.0,5318.49,Late
3865,442,14,Rep_15,08-04-2024,10-04-2024,10-05-2024,,6,20.0,14406.34,Pending
3866,245,1,Rep_20,25-08-2024,25-08-2024,24-09-2024,26-09-2024,7,10.0,34156.84,Paid
3867,278,98,Rep_6,10-05-2024,12-05-2024,11-06-2024,14-06-2024,5,0.0,5930.0,Paid
3868,749,97,Rep_29,03-08-2024,03-08-2024,02-09-2024,31-08-2024,8,20.0,48904.7,Paid
3869,701,25,Rep_6,18-08-2025,18-08-2025,17-09-2025,02-11-2025,5,5.0,2150.75,Late
3870,146,4,Rep_29,04-12-2024,06-12-2024,05-01-2025,14-01-2025,6,10.0,15854.62,Paid
3871,622,64,Rep_26,15-01-2025,16-01-2025,15-02-2025,03-05-2025,8,20.0,26199.68,Late
3872,249,78,Rep_17,17-08-2025,18-08-2025,17-09-2025,15-09-2025,10,10.0,60293.25,Paid
3873,781,57,Rep_24,14-07-2025,15-07-2025,14-08-2025,14-08-2025,9,0.0,6570.0,Paid
3874,522,32,Rep_21,10-09-2025,11-09-2025,11-10-2025,09-10-2025,2,20.0,4452.85,Paid
3875,878,99,Rep_14,27-11-2025,29-11-2025,29-12-2025,08-01-2026,1,15.0,1506.91,Paid
3876,328,87,Rep_26,21-01-2025,23-01-2025,22-02-2025,23-02-2025,3,15.0,4207.58,Paid
3877,458,46,Rep_2,16-06-2025,17-06-2025,17-07-2025,20-08-2025,10,20.0,6671.44,Late
3878,908,85,Rep_7,09-05-2024,09-05-2024,08-06-2024,18-06-2024,10,0.0,23573.6,Paid
3879,648,52,Rep_10,22-09-2024,24-09-2024,24-10-2024,29-10-2024,4,20.0,23415.1,Paid
3880,262,100,Rep_18,02-10-2024,02-10-2024,01-11-2024,02-11-2024,2,20.0,5357.78,Paid
3881,767,87,Rep_20,01-01-2024,01-01-2024,31-01-2024,29-01-2024,4,15.0,5610.1,Paid
3882,665,10,Rep_25,08-02-2025,10-02-2025,12-03-2025,28-04-2025,3,15.0,12977.92,Late
3883,426,85,Rep_15,06-03-2025,07-03-2025,06-04-2025,04-04-2025,8,20.0,15087.1,Paid
3884,376,18,Rep_3,18-12-2025,20-12-2025,19-01-2026,20-01-2026,2,5.0,4157.31,Paid
3885,82,82,Rep_16,21-06-2025,21-06-2025,21-07-2025,24-07-2025,3,20.0,9513.94,Paid
3886,827,95,Rep_10,27-01-2025,28-01-2025,27-02-2025,16-04-2025,4,0.0,3983.36,Late
3887,878,85,Rep_24,28-08-2024,28-08-2024,27-09-2024,27-09-2024,4,5.0,8957.97,Paid
3888,288,61,Rep_21,28-04-2024,28-04-2024,28-05-2024,07-06-2024,7,0.0,5219.69,Paid
3889,930,59,Rep_4,25-06-2025,27-06-2025,27-07-2025,,3,0.0,8894.85,Pending
3890,471,21,Rep_24,14-09-2025,14-09-2025,14-10-2025,16-10-2025,8,20.0,29897.47,Paid
3891,98,59,Rep_18,03-03-2024,05-03-2024,04-04-2024,08-04-2024,5,15.0,12601.04,Paid
3892,466,97,Rep_11,08-01-2025,09-01-2025,08-02-2025,09-02-2025,4,15.0,25980.62,Paid
3893,769,94,Rep_16,13-10-2024,14-10-2024,13-11-2024,,2,0.0,5553.6,Pending
3894,553,92,Rep_27,15-02-2025,16-02-2025,18-03-2025,28-03-2025,1,20.0,3472.93,Paid
3895,271,28,Rep_1,26-01-2024,27-01-2024,26-02-2024,03-03-2024,3,0.0,12073.89,Paid
3896,403,99,Rep_26,24-04-2025,25-04-2025,25-05-2025,30-05-2025,6,5.0,10105.13,Paid
3897,972,55,Rep_21,03-08-2024,05-08-2024,04-09-2024,03-09-2024,2,15.0,9726.14,Paid
3898,198,45,Rep_28,03-06-2025,03-06-2025,03-07-2025,13-07-2025,3,15.0,10283.51,Paid
3899,786,7,Rep_29,21-09-2024,23-09-2024,23-10-2024,,1,20.0,561.62,Pending
3900,110,22,Rep_22,11-01-2025,13-01-2025,12-02-2025,14-02-2025,4,0.0,3369.4,Paid
3901,476,62,Rep_19,09-05-2024,09-05-2024,08-06-2024,13-06-2024,2,15.0,12056.88,Paid
3902,98,85,Rep_5,09-04-2025,10-04-2025,10-05-2025,,4,10.0,8486.5,Pending
3903,496,26,Rep_17,31-10-2025,01-11-2025,01-12-2025,29-11-2025,8,0.0,68937.12,Paid
3904,281,54,Rep_19,10-11-2024,10-11-2024,10-12-2024,11-12-2024,6,20.0,32007.17,Paid
3905,652,60,Rep_27,25-10-2024,25-10-2024,24-11-2024,27-11-2024,8,15.0,31548.19,Paid
3906,712,63,Rep_13,08-05-2025,08-05-2025,07-06-2025,14-06-2025,6,0.0,10021.98,Paid
3907,743,21,Rep_1,15-11-2025,17-11-2025,17-12-2025,22-12-2025,1,0.0,4671.48,Paid
3908,362,92,Rep_13,23-10-2025,23-10-2025,22-11-2025,02-12-2025,2,10.0,7814.09,Paid
3909,647,95,Rep_23,15-08-2024,15-08-2024,14-09-2024,22-09-2024,5,15.0,4232.32,Paid
3910,78,90,Rep_25,03-04-2024,04-04-2024,04-05-2024,12-05-2024,10,10.0,50877.81,Paid
3911,299,12,Rep_24,06-02-2025,06-02-2025,08-03-2025,,10,0.0,102302.3,Pending
3912,90,42,Rep_3,13-12-2025,15-12-2025,14-01-2026,12-01-2026,4,0.0,41867.84,Paid
3913,221,34,Rep_2,23-07-2024,24-07-2024,23-08-2024,06-10-2024,7,5.0,26510.09,Late
3914,956,67,Rep_29,25-05-2025,26-05-2025,25-06-2025,05-07-2025,4,10.0,12691.08,Paid
3915,97,91,Rep_20,10-03-2025,11-03-2025,10-04-2025,09-04-2025,9,15.0,67098.76,Paid
3916,512,39,Rep_17,13-05-2024,15-05-2024,14-06-2024,14-06-2024,7,20.0,40778.7,Paid
3917,619,93,Rep_19,15-10-2025,15-10-2025,14-11-2025,17-11-2025,2,15.0,3079.5,Paid
3918,320,45,Rep_8,28-09-2024,30-09-2024,30-10-2024,24-12-2024,3,15.0,10283.51,Late
3919,947,24,Rep_8,11-12-2024,13-12-2024,12-01-2025,20-01-2025,9,15.0,27710.06,Paid
3920,263,14,Rep_23,29-09-2025,30-09-2025,30-10-2025,,5,10.0,13505.94,BadDebt
3921,788,17,Rep_6,06-11-2024,07-11-2024,07-12-2024,01-02-2025,9,10.0,62632.76,Late
3922,380,10,Rep_21,17-04-2025,17-04-2025,17-05-2025,26-05-2025,3,20.0,12214.51,Paid
3923,729,81,Rep_2,30-11-2024,30-11-2024,30-12-2024,02-01-2025,8,10.0,9122.62,Paid
3924,430,40,Rep_15,01-07-2025,02-07-2025,01-08-2025,31-07-2025,4,20.0,17637.31,Paid
3925,508,69,Rep_12,28-08-2024,28-08-2024,27-09-2024,29-09-2024,9,5.0,71702.86,Paid
3926,846,97,Rep_16,08-07-2025,10-07-2025,09-08-2025,07-08-2025,4,10.0,27508.9,Paid
3927,850,46,Rep_4,14-11-2024,15-11-2024,15-12-2024,17-12-2024,2,0.0,1667.86,Paid
3928,795,60,Rep_8,15-08-2024,17-08-2024,16-09-2024,24-09-2024,2,5.0,8814.94,Paid
3929,321,67,Rep_3,13-09-2024,14-09-2024,14-10-2024,23-10-2024,1,0.0,3525.3,Paid
3930,454,63,Rep_27,15-12-2025,15-12-2025,14-01-2026,,7,20.0,9353.85,Pending
3931,854,76,,08-04-2024,10-04-2024,10-05-2024,12-05-2024,8,20.0,64251.78,Paid
3932,197,4,Rep_4,04-07-2025,06-07-2025,05-08-2025,15-09-2025,10,0.0,29360.4,Late
3933,783,50,Rep_9,29-11-2024,01-12-2024,31-12-2024,02-02-2025,3,20.0,3903.07,Late
3934,842,54,Rep_29,17-10-2025,18-10-2025,17-11-2025,17-11-2025,9,0.0,60013.44,Paid
3935,430,23,Rep_1,27-02-2025,27-02-2025,29-03-2025,,9,0.0,26282.43,BadDebt
3936,124,68,Rep_7,18-07-2025,20-07-2025,19-08-2025,28-08-2025,4,0.0,38333.36,Paid
3937,158,70,Rep_7,10-02-2025,12-02-2025,14-03-2025,24-05-2025,3,5.0,24393.92,Late
3938,73,8,Rep_7,09-07-2025,09-07-2025,08-08-2025,,7,20.0,46133.47,Pending
3939,605,60,Rep_23,22-01-2025,24-01-2025,23-02-2025,22-02-2025,6,10.0,25052.98,Paid
3940,593,72,Rep_6,01-03-2024,02-03-2024,01-04-2024,11-04-2024,3,15.0,13777.42,Paid
3941,712,77,Rep_8,11-11-2024,11-11-2024,11-12-2024,15-12-2024,4,10.0,3335.62,Paid
3942,172,91,Rep_12,03-02-2025,03-02-2025,05-03-2025,15-03-2025,9,15.0,67098.76,Paid
3943,55,79,Rep_15,24-05-2024,26-05-2024,25-06-2024,26-06-2024,6,10.0,8736.44,Paid
3944,153,66,Rep_3,27-10-2025,27-10-2025,26-11-2025,04-12-2025,4,20.0,35407.84,Paid
3945,28,45,Rep_24,24-11-2024,26-11-2024,26-12-2024,27-12-2024,1,5.0,3831.11,Paid
3946,686,98,Rep_19,28-02-2024,01-03-2024,31-03-2024,,10,10.0,10674.0,Pending
3947,675,21,Rep_28,29-10-2025,29-10-2025,28-11-2025,05-12-2025,9,20.0,33634.66,Paid
3948,555,11,Rep_11,13-03-2024,15-03-2024,14-04-2024,,2,15.0,3429.97,Pending
3949,309,69,Rep_18,10-05-2025,11-05-2025,10-06-2025,08-06-2025,1,20.0,6709.04,Paid
3950,530,51,Rep_18,20-12-2024,22-12-2024,21-01-2025,19-01-2025,8,5.0,73871.62,Paid
3951,24,46,Rep_22,12-04-2025,12-04-2025,12-05-2025,17-05-2025,5,5.0,3961.17,Paid
3952,930,79,Rep_23,11-05-2024,12-05-2024,11-06-2024,20-06-2024,6,15.0,8251.09,Paid
3953,435,77,Rep_13,14-01-2024,14-01-2024,13-02-2024,22-02-2024,9,0.0,8339.04,Paid
3954,280,91,Rep_30,10-07-2024,11-07-2024,10-08-2024,18-08-2024,5,15.0,37277.09,Paid
3955,586,89,Rep_25,10-02-2024,11-02-2024,12-03-2024,,8,5.0,14311.79,Pending
3956,637,47,Rep_15,29-04-2025,01-05-2025,31-05-2025,31-05-2025,5,20.0,10766.48,Paid
3957,976,7,Rep_4,03-12-2025,05-12-2025,04-01-2026,09-01-2026,3,20.0,1684.87,Paid
3958,691,8,Rep_25,07-02-2024,09-02-2024,10-03-2024,14-03-2024,4,10.0,29657.23,Paid
3959,518,2,Rep_28,27-09-2024,27-09-2024,27-10-2024,27-10-2024,3,5.0,24052.49,Paid
3960,897,45,Rep_28,12-04-2025,12-04-2025,12-05-2025,22-05-2025,7,20.0,22583.4,Paid
3961,353,58,Rep_13,03-01-2025,05-01-2025,04-02-2025,04-02-2025,6,20.0,12910.75,Paid
3962,369,4,Rep_10,12-03-2025,13-03-2025,12-04-2025,18-04-2025,8,20.0,18790.66,Paid
3963,523,61,Rep_21,24-04-2024,24-04-2024,24-05-2024,22-05-2024,3,10.0,2013.31,Paid
3964,869,32,Rep_17,01-09-2024,02-09-2024,02-10-2024,08-10-2024,6,5.0,15863.27,Paid
3965,467,1,Rep_13,20-10-2024,20-10-2024,19-11-2024,21-11-2024,6,0.0,32530.32,Paid
3966,201,62,Rep_13,11-02-2024,12-02-2024,13-03-2024,16-03-2024,2,0.0,14184.56,Paid
3967,203,69,Rep_9,22-10-2025,23-10-2025,22-11-2025,,6,20.0,40254.24,Pending
3968,589,68,Rep_20,15-04-2024,17-04-2024,17-05-2024,25-05-2024,3,10.0,25875.02,Paid
3969,985,60,Rep_27,30-03-2024,30-03-2024,29-04-2024,28-04-2024,7,15.0,27604.67,Paid
3970,53,34,Rep_15,12-07-2025,14-07-2025,13-08-2025,,10,20.0,31891.84,BadDebt
3971,265,29,Rep_10,01-12-2025,02-12-2025,01-01-2026,03-01-2026,8,10.0,37961.71,Paid
3972,400,90,Rep_24,13-06-2025,15-06-2025,15-07-2025,24-07-2025,9,15.0,43246.14,Paid
3973,945,68,Rep_18,12-11-2025,13-11-2025,13-12-2025,06-02-2026,5,10.0,43125.03,Late
3974,84,80,Rep_1,28-02-2025,02-03-2025,01-04-2025,10-04-2025,2,15.0,6378.82,Paid
3975,199,85,Rep_16,07-03-2024,07-03-2024,06-04-2024,,1,10.0,2121.62,BadDebt
3976,144,81,Rep_15,28-06-2025,29-06-2025,29-07-2025,,10,10.0,11403.27,Pending
3977,329,48,Rep_17,01-08-2025,01-08-2025,31-08-2025,04-09-2025,9,0.0,45485.64,Paid
3978,888,27,Rep_24,21-04-2024,23-04-2024,23-05-2024,24-05-2024,6,20.0,7263.74,Paid
3979,762,34,Rep_24,01-12-2024,03-12-2024,02-01-2025,14-02-2025,3,10.0,10763.5,Late
3980,356,41,Rep_7,26-05-2025,26-05-2025,25-06-2025,,7,5.0,23667.82,Pending
3981,933,37,Rep_5,03-09-2025,03-09-2025,03-10-2025,07-10-2025,4,5.0,25731.74,Paid
3982,476,33,Rep_21,11-10-2025,11-10-2025,10-11-2025,19-11-2025,2,0.0,2953.34,Paid
3983,398,30,Rep_29,30-10-2024,31-10-2024,30-11-2024,02-12-2024,7,0.0,13906.69,Paid
3984,994,27,Rep_18,08-09-2024,10-09-2024,10-10-2024,12-10-2024,2,15.0,2572.58,Paid
3985,508,5,Rep_28,24-06-2024,25-06-2024,25-07-2024,28-07-2024,2,10.0,1843.27,Paid
3986,487,17,Rep_26,27-10-2025,27-10-2025,26-11-2025,02-12-2025,6,0.0,46394.64,Paid
3987,549,47,Rep_16,22-06-2024,23-06-2024,23-07-2024,02-08-2024,3,5.0,7671.12,Paid
3988,173,33,Rep_29,06-02-2024,07-02-2024,08-03-2024,,6,5.0,8417.02,Pending
3989,119,29,Rep_28,19-09-2025,19-09-2025,19-10-2025,22-10-2025,9,20.0,37961.71,Paid
3990,202,35,Rep_12,22-02-2024,24-02-2024,25-03-2024,04-04-2024,6,15.0,30566.59,Paid
3991,412,31,Rep_20,05-06-2025,06-06-2025,06-07-2025,05-07-2025,9,5.0,39757.41,Paid
3992,450,39,Rep_7,26-06-2025,27-06-2025,27-07-2025,25-07-2025,1,10.0,6553.72,Paid
3993,862,26,Rep_22,21-06-2025,21-06-2025,21-07-2025,30-07-2025,3,15.0,21973.71,Paid
3994,312,33,Rep_27,11-04-2025,12-04-2025,12-05-2025,17-05-2025,6,0.0,8860.02,Paid
3995,801,42,Rep_13,12-06-2025,14-06-2025,14-07-2025,23-09-2025,1,15.0,8896.92,Late
3996,509,96,Rep_8,29-12-2025,31-12-2025,30-01-2026,31-01-2026,3,10.0,21538.49,Paid
3997,409,31,Rep_4,07-12-2025,07-12-2025,06-01-2026,04-01-2026,7,20.0,26039.94,Paid
3998,253,49,Rep_27,04-09-2024,05-09-2024,05-10-2024,15-10-2024,2,10.0,13650.52,Paid
3999,408,14,Rep_25,16-05-2024,16-05-2024,15-06-2024,21-06-2024,7,0.0,21009.24,Paid
4000,295,43,Rep_1,01-11-2024,01-11-2024,01-12-2024,10-12-2024,10,5.0,1976.76,Paid
4001,708,17,Rep_20,20-12-2025,20-12-2025,19-01-2026,18-01-2026,4,5.0,29383.27,Paid
4002,676,87,Rep_23,13-06-2024,14-06-2024,14-07-2024,17-07-2024,1,20.0,1320.02,Paid
4003,344,30,Rep_9,14-06-2024,16-06-2024,16-07-2024,20-07-2024,2,15.0,3377.34,Paid
4004,714,67,Rep_18,08-10-2024,09-10-2024,08-11-2024,29-01-2025,7,10.0,22209.39,Late
4005,920,77,Rep_1,10-04-2025,11-04-2025,11-05-2025,14-05-2025,4,15.0,3150.3,Paid
4006,1,83,Rep_16,21-04-2025,21-04-2025,21-05-2025,25-05-2025,4,5.0,8502.35,Paid
4007,932,16,Rep_30,08-12-2024,09-12-2024,08-01-2025,17-01-2025,3,15.0,3389.23,Paid
4008,203,55,Rep_28,10-07-2024,12-07-2024,11-08-2024,14-08-2024,10,20.0,45770.08,Paid
4009,557,93,Rep_20,05-07-2024,07-07-2024,06-08-2024,12-08-2024,3,0.0,5434.41,Paid
4010,191,21,Rep_11,26-06-2025,26-06-2025,26-07-2025,04-08-2025,2,5.0,8875.81,Paid
4011,168,28,Rep_25,11-12-2024,13-12-2024,12-01-2025,,7,5.0,26763.79,BadDebt
4012,723,38,Rep_30,13-02-2024,15-02-2024,16-03-2024,18-03-2024,5,0.0,19286.8,Paid
4013,605,20,Rep_8,14-09-2024,15-09-2024,15-10-2024,23-10-2024,1,20.0,1632.01,Paid
4014,715,83,Rep_15,22-12-2024,22-12-2024,21-01-2025,21-01-2025,10,5.0,21255.87,Paid
4015,361,26,Rep_21,16-12-2024,18-12-2024,17-01-2025,04-04-2025,4,5.0,32745.13,Late
4016,374,80,Rep_2,22-03-2024,24-03-2024,23-04-2024,,10,0.0,37522.5,Pending
4017,763,35,Rep_6,14-12-2024,16-12-2024,15-01-2025,22-01-2025,6,0.0,35960.7,Paid
4018,931,62,Rep_18,12-05-2024,12-05-2024,11-06-2024,20-06-2024,4,0.0,28369.12,Paid
4019,910,9,Rep_10,24-07-2025,25-07-2025,24-08-2025,26-08-2025,9,10.0,1681.72,Paid
4020,646,97,Rep_21,24-12-2024,24-12-2024,23-01-2025,01-03-2025,5,20.0,30565.44,Late
4021,372,6,Rep_28,23-07-2025,25-07-2025,24-08-2025,30-10-2025,3,5.0,27877.22,Late
4022,1,96,Rep_24,25-06-2024,26-06-2024,26-07-2024,08-10-2024,6,10.0,43076.99,Late
4023,914,97,Rep_14,11-01-2025,12-01-2025,11-02-2025,25-03-2025,5,0.0,38206.8,Late
4024,918,83,Rep_19,03-06-2025,03-06-2025,03-07-2025,01-10-2025,10,10.0,20137.14,Late
4025,496,5,Rep_23,11-09-2024,11-09-2024,11-10-2024,13-10-2024,3,10.0,2764.91,Paid
4026,441,41,Rep_10,04-10-2024,06-10-2024,05-11-2024,14-12-2024,7,0.0,24913.49,Late
4027,713,86,Rep_3,31-07-2024,01-08-2024,31-08-2024,31-08-2024,5,5.0,23192.78,Paid
4028,864,53,Rep_3,30-06-2025,30-06-2025,30-07-2025,28-07-2025,10,10.0,39757.32,Paid
4029,191,21,Rep_18,07-01-2025,07-01-2025,06-02-2025,27-04-2025,7,10.0,29430.32,Late
4030,446,57,Rep_30,28-10-2025,30-10-2025,29-11-2025,01-12-2025,5,5.0,3467.5,Paid
4031,38,60,Rep_4,05-11-2025,07-11-2025,07-12-2025,13-12-2025,2,0.0,9278.88,Paid
4032,860,38,Rep_17,20-06-2025,20-06-2025,20-07-2025,27-07-2025,5,5.0,18322.46,Paid
4033,734,76,Rep_25,30-10-2025,30-10-2025,29-11-2025,01-12-2025,10,0.0,100393.4,Paid
4034,450,22,Rep_10,16-12-2025,16-12-2025,15-01-2026,24-01-2026,5,20.0,3369.4,Paid
4035,213,3,Rep_2,31-12-2025,01-01-2026,31-01-2026,02-02-2026,2,5.0,15742.98,Paid
4036,282,88,Rep_24,30-07-2024,30-07-2024,29-08-2024,01-09-2024,6,0.0,37465.2,Paid
4037,467,71,Rep_9,20-11-2024,20-11-2024,20-12-2024,18-12-2024,7,15.0,2780.85,Paid
4038,535,30,Rep_5,19-12-2024,19-12-2024,18-01-2025,16-01-2025,10,10.0,17880.03,Paid
4039,486,7,Rep_11,02-12-2025,02-12-2025,01-01-2026,11-01-2026,4,20.0,2246.5,Paid
4040,82,91,Rep_12,20-03-2025,20-03-2025,19-04-2025,,8,0.0,70168.64,Pending
4041,270,15,Rep_28,06-02-2024,07-02-2024,08-03-2024,12-03-2024,6,0.0,37058.52,Paid
4042,970,41,Rep_3,22-12-2024,22-12-2024,21-01-2025,30-01-2025,1,15.0,3025.21,Paid
4043,8,57,Rep_1,28-05-2024,29-05-2024,28-06-2024,01-09-2024,5,10.0,3285.0,Late
4044,448,93,Rep_8,05-02-2024,07-02-2024,08-03-2024,16-03-2024,10,5.0,17208.96,Paid
4045,418,5,Rep_27,11-04-2024,13-04-2024,13-05-2024,20-05-2024,10,20.0,8192.32,Paid
4046,101,99,Rep_27,23-12-2025,24-12-2025,23-01-2026,24-02-2026,10,20.0,14182.64,Late
4047,640,58,Rep_15,25-12-2025,25-12-2025,24-01-2026,,10,5.0,25552.53,BadDebt
4048,314,94,Rep_9,19-03-2024,20-03-2024,19-04-2024,14-07-2024,5,20.0,11107.2,Late
4049,306,91,Rep_30,04-12-2024,04-12-2024,03-01-2025,07-01-2025,5,5.0,41662.63,Paid
4050,641,77,Rep_3,07-02-2025,08-02-2025,10-03-2025,,9,0.0,8339.04,Pending
4051,176,73,Rep_14,17-10-2025,19-10-2025,18-11-2025,23-11-2025,3,10.0,9766.01,Paid
4052,510,80,Rep_1,13-06-2025,13-06-2025,13-07-2025,18-07-2025,8,20.0,24014.4,Paid
4053,913,18,Rep_28,14-09-2024,14-09-2024,14-10-2024,24-10-2024,4,10.0,7877.02,Paid
4054,196,96,Rep_26,09-04-2024,10-04-2024,10-05-2024,10-05-2024,1,20.0,6381.78,Paid
4055,86,91,Rep_22,31-01-2025,02-02-2025,04-03-2025,03-03-2025,8,5.0,66660.21,Paid
4056,660,52,Rep_28,29-02-2024,02-03-2024,01-04-2024,05-04-2024,10,15.0,62196.37,Paid
4057,568,35,Rep_16,02-01-2024,04-01-2024,03-02-2024,01-02-2024,10,5.0,56937.77,Paid
4058,422,3,Rep_13,25-06-2025,26-06-2025,26-07-2025,05-08-2025,4,5.0,31485.96,Paid
4059,659,64,Rep_21,14-03-2025,14-03-2025,13-04-2025,04-06-2025,6,0.0,24562.2,Late
4060,852,7,Rep_23,26-11-2025,28-11-2025,28-12-2025,29-12-2025,1,15.0,596.73,Paid
4061,780,65,Rep_3,06-02-2024,07-02-2024,08-03-2024,,6,15.0,16205.61,BadDebt
4062,767,37,Rep_23,10-03-2024,10-03-2024,09-04-2024,13-04-2024,2,15.0,11511.57,Paid
4063,651,97,Rep_25,21-08-2025,23-08-2025,22-09-2025,,8,15.0,51961.25,Pending
4064,113,95,Rep_20,13-11-2024,15-11-2024,15-12-2024,,4,15.0,3385.86,Pending
4065,138,12,Rep_11,05-04-2025,06-04-2025,06-05-2025,15-05-2025,2,0.0,20460.46,Paid
4066,993,89,Rep_15,14-11-2025,14-11-2025,14-12-2025,19-12-2025,6,5.0,10733.84,Paid
4067,963,86,Rep_7,15-05-2024,15-05-2024,14-06-2024,12-06-2024,9,5.0,41747.0,Paid
4068,61,28,Rep_12,10-03-2025,11-03-2025,10-04-2025,14-04-2025,8,10.0,28977.34,Paid
4069,791,42,Rep_5,17-03-2024,18-03-2024,17-04-2024,25-04-2024,8,10.0,75362.11,Paid
4070,531,14,,23-06-2024,23-06-2024,23-07-2024,21-07-2024,1,5.0,2851.25,Paid
4071,4,32,Rep_4,11-10-2025,11-10-2025,10-11-2025,11-12-2025,9,5.0,23794.91,Late
4072,415,2,Rep_18,03-09-2025,05-09-2025,05-10-2025,12-10-2025,8,10.0,60764.18,Paid
4073,363,15,Rep_29,14-02-2025,15-02-2025,17-03-2025,15-03-2025,8,15.0,41999.66,Paid
4074,288,29,Rep_5,27-08-2025,28-08-2025,27-09-2025,12-12-2025,7,0.0,36907.22,Late
4075,173,60,Rep_26,07-12-2025,08-12-2025,07-01-2026,06-01-2026,1,10.0,4175.5,Paid
4076,39,22,Rep_11,25-01-2025,25-01-2025,24-02-2025,07-04-2025,9,10.0,6823.04,Late
4077,925,12,Rep_28,25-12-2025,27-12-2025,26-01-2026,30-01-2026,9,20.0,73657.66,Paid
4078,590,28,Rep_6,15-07-2024,17-07-2024,16-08-2024,18-08-2024,6,5.0,22940.39,Paid
4079,302,72,Rep_23,27-03-2025,28-03-2025,27-04-2025,05-05-2025,5,10.0,24313.1,Paid
4080,686,87,Rep_15,27-03-2025,27-03-2025,26-04-2025,04-05-2025,1,20.0,1320.02,Paid
4081,797,95,Rep_21,24-04-2025,26-04-2025,26-05-2025,30-05-2025,4,0.0,3983.36,Paid
4082,728,74,Rep_11,17-01-2024,17-01-2024,16-02-2024,23-02-2024,3,15.0,22332.21,Paid
4083,208,38,Rep_29,13-02-2025,15-02-2025,17-03-2025,,2,10.0,6943.25,Pending
4084,115,97,Rep_1,12-03-2025,13-03-2025,12-04-2025,10-04-2025,9,20.0,55017.79,Paid
4085,914,55,Rep_5,20-11-2024,22-11-2024,22-12-2024,,8,20.0,36616.06,Pending
4086,868,54,Rep_21,04-01-2025,06-01-2025,05-02-2025,12-02-2025,4,20.0,21338.11,Paid
4087,644,85,Rep_29,03-11-2024,05-11-2024,05-12-2024,08-12-2024,1,5.0,2239.49,Paid
4088,765,33,Rep_17,21-01-2025,22-01-2025,21-02-2025,19-02-2025,9,0.0,13290.03,Paid
4089,45,18,Rep_12,11-09-2025,13-09-2025,13-10-2025,16-10-2025,4,5.0,8314.63,Paid
4090,207,3,Rep_23,05-05-2025,05-05-2025,04-06-2025,11-06-2025,2,20.0,13257.25,Paid
4091,509,67,Rep_9,11-03-2025,11-03-2025,10-04-2025,08-04-2025,9,5.0,30141.32,Paid
4092,73,23,Rep_17,12-09-2025,14-09-2025,14-10-2025,22-10-2025,5,10.0,13141.22,Paid
4093,798,64,Rep_1,27-07-2025,29-07-2025,28-08-2025,05-09-2025,8,10.0,29474.64,Paid
4094,937,40,Rep_2,15-08-2024,17-08-2024,16-09-2024,19-10-2024,4,20.0,17637.31,Late
4095,822,8,Rep_11,29-03-2025,31-03-2025,30-04-2025,05-05-2025,6,10.0,44485.85,Paid
4096,768,41,Rep_7,10-05-2025,12-05-2025,11-06-2025,15-06-2025,1,5.0,3381.12,Paid
4097,399,9,Rep_25,02-10-2024,02-10-2024,01-11-2024,,8,10.0,1494.86,BadDebt
4098,851,56,Rep_25,17-08-2024,17-08-2024,16-09-2024,20-09-2024,7,0.0,17601.99,Paid
4099,708,21,Rep_17,17-12-2025,18-12-2025,17-01-2026,21-01-2026,5,20.0,18685.92,Paid
4100,461,88,Rep_30,05-01-2025,07-01-2025,06-02-2025,07-02-2025,1,15.0,5307.57,Paid
4101,82,64,Rep_2,16-11-2025,17-11-2025,17-12-2025,24-02-2026,7,10.0,25790.31,Late
4102,746,76,Rep_15,07-06-2024,08-06-2024,08-07-2024,14-07-2024,4,10.0,36141.62,Paid
4103,641,72,Rep_16,30-04-2025,01-05-2025,31-05-2025,03-06-2025,5,0.0,27014.55,Paid
4104,290,45,Rep_6,27-04-2024,27-04-2024,27-05-2024,04-06-2024,1,5.0,3831.11,Paid
4105,365,83,Rep_15,17-03-2025,18-03-2025,17-04-2025,18-04-2025,7,15.0,13312.89,Paid
4106,258,44,Rep_19,21-11-2025,22-11-2025,22-12-2025,01-01-2026,5,20.0,19622.8,Paid
4107,460,47,Rep_28,27-09-2025,28-09-2025,28-10-2025,01-11-2025,5,5.0,12785.19,Paid
4108,449,5,Rep_23,05-12-2024,06-12-2024,05-01-2025,,8,15.0,6963.47,Pending
4109,625,85,Rep_2,25-12-2025,25-12-2025,24-01-2026,30-01-2026,8,15.0,16030.05,Paid
4110,246,66,Rep_29,07-07-2025,08-07-2025,07-08-2025,,3,20.0,26555.88,Pending
4111,707,67,Rep_19,26-08-2024,27-08-2024,26-09-2024,04-10-2024,5,5.0,16745.18,Paid
4112,679,60,Rep_29,02-09-2024,04-09-2024,04-10-2024,06-10-2024,3,10.0,12526.49,Paid
4113,266,69,Rep_15,08-01-2024,09-01-2024,08-02-2024,14-02-2024,9,15.0,64155.19,Paid
4114,910,33,Rep_15,03-11-2025,03-11-2025,03-12-2025,05-12-2025,8,15.0,10041.36,Paid
4115,199,62,Rep_16,03-07-2025,03-07-2025,02-08-2025,06-08-2025,2,15.0,12056.88,Paid
4116,955,61,Rep_23,28-03-2024,28-03-2024,27-04-2024,13-07-2024,8,5.0,5667.09,Late
4117,221,10,Rep_10,05-08-2025,07-08-2025,06-09-2025,01-11-2025,7,15.0,30281.81,Late
4118,677,51,Rep_13,24-09-2025,26-09-2025,26-10-2025,04-11-2025,10,15.0,82619.58,Paid
4119,755,10,Rep_13,29-05-2025,29-05-2025,28-06-2025,03-07-2025,10,5.0,48349.11,Paid
4120,912,71,Rep_3,09-03-2025,10-03-2025,09-04-2025,17-04-2025,8,0.0,3738.96,Paid
4121,532,86,Rep_6,07-08-2025,08-08-2025,07-09-2025,07-09-2025,6,15.0,24901.72,Paid
4122,324,20,Rep_8,03-09-2025,05-09-2025,05-10-2025,03-10-2025,10,5.0,19380.09,Paid
4123,245,33,Rep_11,15-12-2024,16-12-2024,15-01-2025,17-01-2025,8,0.0,11813.36,Paid
4124,191,24,Rep_20,08-03-2024,10-03-2024,09-04-2024,16-04-2024,6,0.0,21733.38,Paid
4125,462,4,Rep_26,21-03-2025,22-03-2025,21-04-2025,25-04-2025,10,5.0,27892.38,Paid
4126,924,39,Rep_1,16-11-2024,16-11-2024,16-12-2024,17-12-2024,7,10.0,45876.03,Paid
4127,985,47,Rep_11,07-09-2024,07-09-2024,07-10-2024,16-10-2024,3,0.0,8074.86,Paid
4128,715,52,Rep_25,06-04-2025,07-04-2025,07-05-2025,15-07-2025,2,10.0,13171.0,Late
4129,460,61,Rep_22,13-02-2024,13-02-2024,14-03-2024,24-03-2024,8,0.0,5965.36,Paid
4130,379,71,Rep_26,19-07-2024,19-07-2024,18-08-2024,20-08-2024,4,10.0,1682.53,Paid
4131,198,51,Rep_14,27-04-2025,29-04-2025,29-05-2025,06-06-2025,4,15.0,33047.83,Paid
4132,853,39,Rep_13,16-11-2025,17-11-2025,17-12-2025,15-03-2026,10,20.0,58255.28,Late
4133,199,97,Rep_13,15-05-2024,16-05-2024,15-06-2024,,4,20.0,24452.35,Pending
4134,804,3,Rep_28,08-10-2024,08-10-2024,07-11-2024,,10,10.0,74572.02,Pending
4135,79,12,Rep_22,20-09-2025,20-09-2025,20-10-2025,22-10-2025,4,10.0,36828.83,Paid
4136,922,22,Rep_4,02-03-2024,04-03-2024,03-04-2024,04-04-2024,9,15.0,6443.98,Paid
4137,19,28,,07-06-2025,07-06-2025,07-07-2025,15-09-2025,9,5.0,34410.59,Late
4138,683,100,Rep_25,24-11-2025,25-11-2025,25-12-2025,27-12-2025,8,15.0,22770.55,Paid
4139,644,50,Rep_11,09-06-2025,09-06-2025,09-07-2025,,1,10.0,1463.65,Pending
4140,714,35,Rep_8,06-03-2025,08-03-2025,07-04-2025,17-04-2025,4,0.0,23973.8,Paid
4141,938,46,Rep_11,20-05-2025,21-05-2025,20-06-2025,19-06-2025,2,0.0,1667.86,Paid
4142,757,84,Rep_27,24-10-2025,26-10-2025,25-11-2025,24-11-2025,8,20.0,5995.71,Paid
4143,907,80,Rep_21,04-11-2025,04-11-2025,04-12-2025,03-12-2025,4,15.0,12757.65,Paid
4144,978,90,Rep_26,05-08-2025,05-08-2025,04-09-2025,07-09-2025,10,10.0,50877.81,Paid
4145,923,73,Rep_27,28-01-2024,28-01-2024,27-02-2024,04-03-2024,1,0.0,3617.04,Paid
4146,760,54,Rep_7,19-01-2024,21-01-2024,20-02-2024,21-02-2024,10,10.0,60013.44,Paid
4147,917,78,Rep_12,19-05-2025,19-05-2025,18-06-2025,16-06-2025,10,15.0,56943.62,Paid
4148,207,81,Rep_22,30-01-2024,31-01-2024,01-03-2024,11-03-2024,6,15.0,6461.85,Paid
4149,575,70,Rep_16,29-07-2025,31-07-2025,30-08-2025,,9,0.0,77033.43,Pending
4150,422,36,Rep_10,18-07-2025,20-07-2025,19-08-2025,22-08-2025,2,15.0,1519.44,Paid
4151,341,98,Rep_19,15-10-2025,16-10-2025,15-11-2025,28-01-2026,5,0.0,5930.0,Late
4152,204,73,Rep_13,10-04-2024,12-04-2024,12-05-2024,18-05-2024,10,0.0,36170.4,Paid
4153,704,4,Rep_11,01-10-2025,03-10-2025,02-11-2025,,3,0.0,8808.12,BadDebt
4154,871,49,Rep_1,27-06-2025,29-06-2025,29-07-2025,07-08-2025,4,20.0,24267.58,Paid
4155,812,66,Rep_26,24-11-2025,26-11-2025,26-12-2025,26-12-2025,6,20.0,53111.76,Paid
4156,733,70,Rep_5,16-02-2024,16-02-2024,17-03-2024,18-03-2024,8,15.0,58203.04,Paid
4157,991,71,Rep_2,22-07-2025,23-07-2025,22-08-2025,31-08-2025,5,20.0,1869.48,Paid
4158,533,59,Rep_4,18-07-2025,18-07-2025,17-08-2025,03-10-2025,1,20.0,2371.96,Late
4159,15,41,,28-02-2024,01-03-2024,31-03-2024,30-03-2024,4,15.0,12100.84,Paid
4160,992,36,Rep_17,11-06-2025,12-06-2025,12-07-2025,20-07-2025,2,5.0,1698.2,Paid
4161,9,93,Rep_13,19-08-2025,20-08-2025,19-09-2025,19-09-2025,6,10.0,9781.94,Paid
4162,863,47,Rep_3,17-03-2025,17-03-2025,16-04-2025,15-04-2025,3,20.0,6459.89,Paid
4163,60,79,Rep_26,14-07-2024,16-07-2024,15-08-2024,18-08-2024,3,20.0,3882.86,Paid
4164,114,13,Rep_24,11-11-2024,13-11-2024,13-12-2024,,3,10.0,18147.67,Pending
4165,776,18,Rep_19,24-11-2025,25-11-2025,25-12-2025,02-02-2026,2,15.0,3719.7,Late
4166,91,90,Rep_1,14-10-2025,14-10-2025,13-11-2025,12-11-2025,3,5.0,16111.31,Paid
4167,466,75,Rep_18,25-01-2025,26-01-2025,25-02-2025,,7,15.0,44984.8,BadDebt
4168,818,25,Rep_6,01-02-2025,03-02-2025,05-03-2025,07-03-2025,4,10.0,1630.04,Paid
4169,518,3,Rep_28,13-05-2025,14-05-2025,13-06-2025,21-06-2025,1,10.0,7457.2,Paid
4170,798,83,Rep_21,14-01-2024,15-01-2024,14-02-2024,08-04-2024,1,20.0,1789.97,Late
4171,557,30,Rep_17,10-02-2025,10-02-2025,12-03-2025,17-03-2025,8,5.0,15098.69,Paid
4172,479,37,Rep_29,05-05-2024,05-05-2024,04-06-2024,28-07-2024,10,0.0,67715.1,Late
4173,522,96,Rep_26,27-03-2024,28-03-2024,27-04-2024,26-04-2024,9,10.0,64615.48,Paid
4174,638,55,Rep_18,19-09-2024,19-09-2024,19-10-2024,19-10-2024,3,0.0,17163.78,Paid
4175,271,100,Rep_6,21-06-2025,22-06-2025,22-07-2025,,3,20.0,8036.66,Pending
4176,159,80,Rep_21,18-03-2024,20-03-2024,19-04-2024,,3,15.0,9568.24,Pending
4177,737,34,Rep_8,29-05-2024,29-05-2024,28-06-2024,01-07-2024,8,20.0,25513.47,Paid
4178,372,98,Rep_9,23-01-2025,23-01-2025,22-02-2025,08-04-2025,1,5.0,1126.7,Late
4179,225,3,Rep_6,16-01-2024,16-01-2024,15-02-2024,14-02-2024,5,15.0,35214.56,Paid
4180,255,60,Rep_20,19-10-2025,20-10-2025,19-11-2025,27-11-2025,1,10.0,4175.5,Paid
4181,137,62,Rep_19,30-04-2025,30-04-2025,30-05-2025,,3,15.0,18085.31,Pending
4182,638,84,Rep_19,29-04-2025,01-05-2025,31-05-2025,06-06-2025,8,5.0,7119.91,Paid
4183,799,40,Rep_13,20-03-2024,20-03-2024,19-04-2024,17-04-2024,8,15.0,37479.29,Paid
4184,718,58,Rep_15,24-12-2025,25-12-2025,24-01-2026,31-01-2026,7,20.0,15062.54,Paid
4185,109,79,Rep_3,16-10-2024,17-10-2024,16-11-2024,24-11-2024,6,5.0,9221.8,Paid
4186,864,62,Rep_23,09-01-2024,11-01-2024,10-02-2024,10-02-2024,6,20.0,34042.94,Paid
4187,216,98,Rep_3,19-07-2025,19-07-2025,18-08-2025,02-10-2025,4,0.0,4744.0,Late
4188,416,95,Rep_4,28-09-2025,30-09-2025,30-10-2025,07-11-2025,5,15.0,4232.32,Paid
4189,540,92,Rep_29,16-08-2025,17-08-2025,16-09-2025,,2,0.0,8682.32,Pending
4190,246,75,Rep_13,02-03-2024,02-03-2024,01-04-2024,04-04-2024,6,20.0,36290.26,Paid
4191,216,52,Rep_24,01-07-2024,03-07-2024,02-08-2024,23-09-2024,9,20.0,52683.98,Late
4192,212,58,Rep_1,11-03-2024,12-03-2024,11-04-2024,17-04-2024,8,10.0,19366.13,Paid
4193,711,59,Rep_2,04-10-2025,04-10-2025,03-11-2025,08-11-2025,9,10.0,24016.1,Paid
4194,500,34,Rep_7,05-06-2025,07-06-2025,07-07-2025,09-07-2025,5,5.0,18935.78,Paid
4195,439,7,Rep_3,20-10-2024,21-10-2024,20-11-2024,24-11-2024,8,0.0,5616.24,Paid
4196,539,22,Rep_14,16-05-2025,18-05-2025,17-06-2025,18-06-2025,5,15.0,3579.99,Paid
4197,531,95,Rep_27,25-10-2024,26-10-2024,25-11-2024,24-01-2025,4,5.0,3784.19,Late
4198,533,14,Rep_25,21-11-2024,22-11-2024,22-12-2024,24-12-2024,2,5.0,5702.51,Paid
4199,361,44,Rep_15,08-11-2025,09-11-2025,09-12-2025,17-12-2025,1,15.0,4169.84,Paid
4200,853,40,Rep_4,08-10-2025,10-10-2025,09-11-2025,10-11-2025,1,0.0,5511.66,Paid
4201,269,14,Rep_19,03-06-2024,04-06-2024,04-07-2024,07-07-2024,10,5.0,28512.54,Paid
4202,366,49,Rep_30,03-04-2025,05-04-2025,05-05-2025,03-05-2025,6,10.0,40951.55,Paid
4203,335,14,Rep_21,25-05-2025,26-05-2025,25-06-2025,01-07-2025,6,15.0,15306.73,Paid
4204,935,20,Rep_5,03-10-2024,03-10-2024,02-11-2024,02-11-2024,9,5.0,17442.09,Paid
4205,75,1,Rep_11,04-03-2025,05-03-2025,04-04-2025,,7,0.0,37952.04,Pending
4206,64,88,Rep_8,19-04-2024,21-04-2024,21-05-2024,26-05-2024,7,0.0,43709.4,Paid
4207,383,5,Rep_27,26-02-2024,28-02-2024,29-03-2024,29-03-2024,2,20.0,1638.46,Paid
4208,200,23,Rep_13,01-03-2024,02-03-2024,01-04-2024,29-05-2024,6,0.0,17521.62,Late
4209,117,87,Rep_19,09-12-2024,11-12-2024,10-01-2025,12-01-2025,6,5.0,9405.17,Paid
4210,74,14,Rep_16,28-01-2024,28-01-2024,27-02-2024,11-05-2024,3,0.0,9003.96,Late
4211,35,39,Rep_27,29-02-2024,01-03-2024,31-03-2024,31-03-2024,2,10.0,13107.44,Paid
4212,128,78,Rep_14,20-01-2025,21-01-2025,20-02-2025,20-02-2025,10,15.0,56943.62,Paid
4213,83,35,Rep_29,26-11-2025,26-11-2025,26-12-2025,26-12-2025,3,0.0,17980.35,Paid
4214,81,88,Rep_30,16-02-2024,17-02-2024,18-03-2024,18-03-2024,3,20.0,14986.08,Paid
4215,892,43,Rep_13,02-06-2025,04-06-2025,04-07-2025,08-07-2025,8,10.0,1498.18,Paid
4216,498,100,Rep_25,05-02-2025,07-02-2025,09-03-2025,17-03-2025,9,15.0,25616.87,Paid
4217,59,16,Rep_17,16-04-2024,16-04-2024,16-05-2024,18-06-2024,6,5.0,7575.93,Late
4218,947,22,Rep_26,31-05-2024,31-05-2024,30-06-2024,03-07-2024,1,10.0,758.12,Paid
4219,669,31,Rep_2,06-10-2025,06-10-2025,05-11-2025,11-11-2025,10,15.0,39524.91,Paid
4220,113,92,Rep_19,22-06-2024,23-06-2024,23-07-2024,01-08-2024,6,10.0,23442.26,Paid
4221,675,76,Rep_20,07-08-2025,08-08-2025,07-09-2025,06-09-2025,5,15.0,42667.2,Paid
4222,777,5,Rep_21,15-11-2024,16-11-2024,16-12-2024,15-12-2024,1,5.0,972.84,Paid
4223,376,34,Rep_2,27-10-2024,27-10-2024,26-11-2024,24-11-2024,5,5.0,18935.78,Paid
4224,677,54,Rep_15,14-04-2025,14-04-2025,14-05-2025,15-05-2025,6,15.0,34007.62,Paid
4225,772,36,Rep_29,10-02-2025,12-02-2025,14-03-2025,17-03-2025,7,0.0,6256.53,Paid
4226,894,12,Rep_6,28-03-2024,30-03-2024,29-04-2024,03-05-2024,6,15.0,52174.17,Paid
4227,497,78,Rep_20,13-03-2024,13-03-2024,12-04-2024,17-04-2024,9,10.0,54263.92,Paid
4228,698,59,Rep_28,01-07-2024,03-07-2024,02-08-2024,09-08-2024,5,5.0,14083.51,Paid
4229,947,45,Rep_13,09-09-2024,11-09-2024,11-10-2024,17-10-2024,8,10.0,29035.8,Paid
4230,415,48,Rep_17,26-11-2025,27-11-2025,27-12-2025,04-01-2026,5,10.0,22742.82,Paid
4231,898,31,Rep_10,22-03-2025,23-03-2025,22-04-2025,29-04-2025,9,5.0,39757.41,Paid
4232,206,94,Rep_14,18-07-2024,19-07-2024,18-08-2024,22-08-2024,2,10.0,4998.24,Paid
4233,392,83,Rep_8,14-06-2025,14-06-2025,14-07-2025,12-07-2025,8,20.0,14319.74,Paid
4234,51,24,Rep_22,26-05-2024,27-05-2024,26-06-2024,,1,20.0,2897.78,BadDebt
4235,288,61,Rep_9,06-01-2024,08-01-2024,07-02-2024,05-02-2024,4,5.0,2833.55,Paid
4236,115,28,Rep_21,28-04-2025,29-04-2025,29-05-2025,29-05-2025,8,20.0,25757.63,Paid
4237,418,93,Rep_14,21-12-2025,23-12-2025,22-01-2026,29-01-2026,6,10.0,9781.94,Paid
4238,129,79,Rep_25,09-09-2024,11-09-2024,11-10-2024,26-11-2024,7,20.0,9060.02,Late
4239,696,61,Rep_30,27-06-2024,29-06-2024,29-07-2024,05-08-2024,6,20.0,3579.22,Paid
4240,943,10,Rep_2,11-11-2025,13-11-2025,13-12-2025,23-12-2025,9,0.0,45804.42,Paid
4241,640,27,Rep_5,24-08-2024,25-08-2024,24-09-2024,22-11-2024,3,10.0,4085.86,Late
4242,369,78,Rep_5,22-09-2024,22-09-2024,22-10-2024,23-10-2024,3,15.0,17083.09,Paid
4243,323,45,Rep_6,31-08-2024,31-08-2024,30-09-2024,10-10-2024,2,15.0,6855.68,Paid
4244,930,57,Rep_18,16-09-2024,17-09-2024,17-10-2024,26-10-2024,7,10.0,4599.0,Paid
4245,794,38,,30-08-2025,31-08-2025,30-09-2025,,4,5.0,14657.97,Pending
4246,754,44,Rep_30,20-04-2025,21-04-2025,21-05-2025,01-08-2025,10,15.0,41698.45,Late
4247,68,88,Rep_19,05-04-2024,07-04-2024,07-05-2024,07-05-2024,1,15.0,5307.57,Paid
4248,727,12,Rep_30,04-07-2025,05-07-2025,04-08-2025,,6,10.0,55243.24,BadDebt
4249,595,89,Rep_28,11-11-2025,13-11-2025,13-12-2025,23-12-2025,2,15.0,3201.32,Paid
4250,895,47,Rep_14,29-12-2024,31-12-2024,30-01-2025,09-02-2025,10,0.0,26916.2,Paid
4251,416,8,Rep_28,07-07-2024,07-07-2024,06-08-2024,08-08-2024,5,20.0,32952.48,Paid
4252,462,86,Rep_28,05-01-2024,07-01-2024,06-02-2024,14-02-2024,5,5.0,23192.78,Paid
4253,441,26,Rep_4,02-05-2024,03-05-2024,02-06-2024,12-06-2024,5,10.0,38777.13,Paid
4254,697,39,Rep_3,14-05-2024,16-05-2024,15-06-2024,24-06-2024,10,15.0,61896.24,Paid
4255,895,88,Rep_11,13-08-2025,13-08-2025,12-09-2025,,5,15.0,26537.85,Pending
4256,678,23,Rep_7,28-08-2025,29-08-2025,28-09-2025,07-10-2025,9,10.0,23654.19,Paid
4257,486,13,Rep_14,25-01-2024,26-01-2024,25-02-2024,05-03-2024,6,0.0,40328.16,Paid
4258,689,91,Rep_13,28-10-2024,28-10-2024,27-11-2024,02-12-2024,2,20.0,14033.73,Paid
4259,826,26,Rep_21,22-12-2024,23-12-2024,22-01-2025,21-01-2025,6,10.0,46532.56,Paid
4260,968,22,Rep_5,27-11-2024,28-11-2024,28-12-2024,07-01-2025,7,20.0,4717.16,Paid
4261,946,70,Rep_23,16-05-2024,18-05-2024,17-06-2024,,10,10.0,77033.43,Pending
4262,952,66,Rep_22,06-11-2024,07-11-2024,07-12-2024,15-12-2024,9,15.0,84646.87,Paid
4263,996,11,Rep_10,13-03-2025,15-03-2025,14-04-2025,16-04-2025,10,20.0,16141.04,Paid
4264,748,54,Rep_23,12-12-2024,12-12-2024,11-01-2025,17-01-2025,7,0.0,46677.12,Paid
4265,396,11,Rep_22,17-03-2025,17-03-2025,16-04-2025,14-04-2025,6,10.0,10895.2,Paid
4266,771,86,Rep_14,11-12-2025,11-12-2025,10-01-2026,09-01-2026,3,15.0,12450.86,Paid
4267,937,48,Rep_22,02-09-2024,02-09-2024,02-10-2024,07-10-2024,9,20.0,36388.51,Paid
4268,637,99,Rep_9,06-04-2025,06-04-2025,06-05-2025,,7,15.0,10548.34,BadDebt
4269,441,22,Rep_29,19-09-2025,19-09-2025,19-10-2025,29-10-2025,2,15.0,1432.0,Paid
4270,322,96,Rep_29,07-12-2025,09-12-2025,08-01-2026,10-01-2026,8,10.0,57435.98,Paid
4271,841,19,Rep_9,15-10-2025,16-10-2025,15-11-2025,14-11-2025,8,10.0,67520.23,Paid
4272,106,56,Rep_15,24-04-2024,25-04-2024,25-05-2024,29-07-2024,5,0.0,12572.85,Late
4273,388,62,Rep_5,10-12-2024,11-12-2024,10-01-2025,14-01-2025,10,0.0,70922.8,Paid
4274,676,97,Rep_21,04-03-2024,06-03-2024,05-04-2024,06-04-2024,7,0.0,53489.52,Paid
4275,520,97,Rep_7,19-06-2025,19-06-2025,19-07-2025,20-07-2025,3,20.0,18339.26,Paid
4276,881,40,Rep_15,26-07-2024,27-07-2024,26-08-2024,03-09-2024,6,20.0,26455.97,Paid
4277,478,53,Rep_21,10-09-2024,12-09-2024,12-10-2024,16-10-2024,10,5.0,41966.06,Paid
4278,277,30,Rep_3,14-05-2025,16-05-2025,15-06-2025,19-06-2025,7,5.0,13211.36,Paid
4279,119,56,Rep_7,14-01-2025,14-01-2025,13-02-2025,,6,20.0,12069.94,Pending
4280,948,48,Rep_5,18-02-2024,19-02-2024,20-03-2024,26-03-2024,10,10.0,45485.64,Paid
4281,552,53,Rep_23,29-08-2024,29-08-2024,28-09-2024,07-10-2024,8,5.0,33572.85,Paid
4282,125,58,Rep_29,17-08-2025,17-08-2025,16-09-2025,05-12-2025,10,10.0,24207.66,Late
4283,122,34,Rep_13,11-06-2024,11-06-2024,11-07-2024,13-07-2024,1,20.0,3189.18,Paid
4284,932,19,Rep_22,17-07-2025,18-07-2025,17-08-2025,15-08-2025,5,0.0,46889.05,Paid
4285,652,89,Rep_26,21-04-2025,21-04-2025,21-05-2025,23-05-2025,8,15.0,12805.28,Paid
4286,52,58,Rep_1,05-11-2025,06-11-2025,06-12-2025,13-12-2025,8,10.0,19366.13,Paid
4287,405,91,Rep_6,02-11-2025,03-11-2025,03-12-2025,02-03-2026,2,20.0,14033.73,Late
4288,990,30,Rep_3,14-10-2024,15-10-2024,14-11-2024,23-11-2024,1,10.0,1788.0,Paid
4289,526,20,Rep_7,31-07-2025,31-07-2025,30-08-2025,06-09-2025,3,10.0,5508.03,Paid
4290,5,23,Rep_22,22-08-2025,24-08-2025,23-09-2025,22-09-2025,2,10.0,5256.49,Paid
4291,457,23,Rep_17,23-09-2025,25-09-2025,25-10-2025,28-10-2025,6,10.0,15769.46,Paid
4292,633,4,Rep_10,15-09-2024,17-09-2024,17-10-2024,,8,10.0,21139.49,Pending
4293,951,70,Rep_8,16-10-2024,17-10-2024,16-11-2024,20-11-2024,4,5.0,32525.23,Paid
4294,872,82,Rep_2,25-07-2025,27-07-2025,26-08-2025,,7,10.0,24974.08,Pending
4295,298,72,Rep_26,23-07-2024,23-07-2024,22-08-2024,24-08-2024,2,5.0,10265.53,Paid
4296,678,99,Rep_21,17-09-2024,19-09-2024,19-10-2024,,5,20.0,7091.32,Pending
4297,249,38,Rep_21,01-05-2024,02-05-2024,01-06-2024,10-06-2024,4,5.0,14657.97,Paid
4298,769,91,Rep_5,07-10-2025,07-10-2025,06-11-2025,,8,0.0,70168.64,Pending
4299,103,81,Rep_8,28-06-2025,28-06-2025,28-07-2025,01-08-2025,1,15.0,1076.98,Paid
4300,951,49,Rep_30,17-04-2025,19-04-2025,19-05-2025,18-05-2025,2,0.0,15167.24,Paid
4301,948,31,Rep_5,08-07-2025,10-07-2025,09-08-2025,13-08-2025,10,15.0,39524.91,Paid
4302,687,46,Rep_22,05-04-2025,07-04-2025,07-05-2025,,4,10.0,3002.15,Pending
4303,72,78,Rep_19,02-11-2025,04-11-2025,04-12-2025,06-12-2025,8,5.0,50914.3,Paid
4304,719,51,Rep_20,15-06-2024,16-06-2024,16-07-2024,27-09-2024,3,5.0,27701.86,Late
4305,231,10,Rep_20,01-05-2025,03-05-2025,02-06-2025,01-06-2025,5,10.0,22902.21,Paid
4306,671,25,Rep_20,29-09-2025,01-10-2025,31-10-2025,05-11-2025,3,20.0,1086.7,Paid
4307,591,82,Rep_17,01-04-2024,01-04-2024,01-05-2024,10-05-2024,8,5.0,30127.46,Paid
4308,394,41,Rep_20,09-08-2024,10-08-2024,09-09-2024,07-09-2024,3,10.0,9609.49,Paid
4309,176,31,Rep_22,24-07-2025,25-07-2025,24-08-2025,02-09-2025,6,5.0,26504.94,Paid
4310,650,90,,10-12-2025,12-12-2025,11-01-2026,13-01-2026,5,10.0,25438.91,Paid
4311,278,8,Rep_22,10-01-2025,10-01-2025,09-02-2025,03-05-2025,9,15.0,63021.62,Late
4312,106,93,Rep_9,29-10-2025,30-10-2025,29-11-2025,06-12-2025,10,0.0,18114.7,Paid
4313,643,77,Rep_4,26-06-2025,26-06-2025,26-07-2025,24-07-2025,4,5.0,3520.93,Paid
4314,236,82,Rep_11,13-05-2025,13-05-2025,12-06-2025,11-06-2025,1,5.0,3765.93,Paid
4315,459,42,Rep_20,31-12-2024,31-12-2024,30-01-2025,31-01-2025,8,0.0,83735.68,Paid
4316,950,84,Rep_13,04-08-2024,04-08-2024,03-09-2024,23-11-2024,3,5.0,2669.97,Late
4317,856,69,Rep_28,29-09-2025,01-10-2025,31-10-2025,31-10-2025,8,10.0,60381.36,Paid
4318,311,47,Rep_13,13-08-2025,15-08-2025,14-09-2025,14-09-2025,10,10.0,24224.58,Paid
4319,594,22,Rep_3,04-09-2025,06-09-2025,06-10-2025,13-10-2025,1,20.0,673.88,Paid
4320,511,47,Rep_14,01-08-2024,02-08-2024,01-09-2024,02-09-2024,8,20.0,17226.37,Paid
4321,789,66,Rep_29,28-12-2024,30-12-2024,29-01-2025,31-01-2025,8,15.0,75241.66,Paid
4322,694,64,Rep_2,12-05-2025,14-05-2025,13-06-2025,12-06-2025,9,15.0,31316.8,Paid
4323,614,94,,18-08-2025,19-08-2025,18-09-2025,,6,0.0,16660.8,Pending
4324,632,18,Rep_20,05-12-2024,06-12-2024,05-01-2025,03-01-2025,5,5.0,10393.28,Paid
4325,366,6,Rep_21,12-07-2025,12-07-2025,11-08-2025,30-09-2025,7,15.0,58199.81,Late
4326,520,91,Rep_15,06-07-2024,08-07-2024,07-08-2024,16-08-2024,5,0.0,43855.4,Paid
4327,880,81,Rep_6,16-10-2025,16-10-2025,15-11-2025,22-11-2025,3,5.0,3611.04,Paid
4328,833,29,Rep_29,28-07-2025,28-07-2025,27-08-2025,04-09-2025,5,10.0,23726.07,Paid
4329,920,64,Rep_19,22-01-2025,22-01-2025,21-02-2025,02-03-2025,2,10.0,7368.66,Paid
4330,646,12,Rep_26,18-11-2024,20-11-2024,20-12-2024,28-12-2024,10,10.0,92072.07,Paid
4331,247,94,Rep_10,13-07-2025,14-07-2025,13-08-2025,21-08-2025,4,10.0,9996.48,Paid
4332,643,78,Rep_12,29-11-2025,01-12-2025,31-12-2025,04-02-2026,7,20.0,37515.8,Late
4333,661,83,Rep_1,06-09-2025,08-09-2025,08-10-2025,08-10-2025,9,15.0,17116.57,Paid
4334,46,9,Rep_4,15-07-2025,15-07-2025,14-08-2025,16-08-2025,10,15.0,1764.77,Paid
4335,916,78,Rep_2,09-03-2025,09-03-2025,08-04-2025,06-04-2025,10,20.0,53594.0,Paid
4336,3,37,Rep_9,19-11-2025,20-11-2025,20-12-2025,24-12-2025,2,20.0,10834.42,Paid
4337,868,91,Rep_10,05-01-2025,07-01-2025,06-02-2025,16-02-2025,9,5.0,74992.73,Paid
4338,754,35,Rep_27,21-06-2024,21-06-2024,21-07-2024,23-07-2024,3,0.0,17980.35,Paid
4339,527,24,Rep_27,12-07-2025,14-07-2025,13-08-2025,,7,10.0,22820.05,Pending
4340,454,23,Rep_4,28-11-2024,29-11-2024,29-12-2024,01-01-2025,5,0.0,14601.35,Paid
4341,588,27,Rep_19,13-04-2025,14-04-2025,14-05-2025,01-08-2025,8,0.0,12106.24,Late
4342,674,4,Rep_25,29-11-2025,30-11-2025,30-12-2025,07-01-2026,7,20.0,16441.82,Paid
4343,103,22,Rep_26,08-07-2025,09-07-2025,08-08-2025,13-10-2025,4,15.0,2863.99,Late
4344,850,47,Rep_14,05-07-2025,05-07-2025,04-08-2025,13-08-2025,1,15.0,2287.88,Paid
4345,673,15,Rep_1,18-01-2025,19-01-2025,18-02-2025,26-02-2025,5,20.0,24705.68,Paid
4346,661,23,Rep_22,24-05-2025,25-05-2025,24-06-2025,22-06-2025,3,5.0,8322.77,Paid
4347,946,80,Rep_25,22-09-2024,23-09-2024,23-10-2024,,7,20.0,21012.6,BadDebt
4348,721,34,Rep_16,07-09-2025,08-09-2025,08-10-2025,,9,10.0,32290.49,Pending
4349,888,66,Rep_29,12-12-2025,14-12-2025,13-01-2026,22-01-2026,2,5.0,21023.4,Paid
4350,510,1,Rep_16,25-04-2024,27-04-2024,27-05-2024,04-06-2024,2,0.0,10843.44,Paid
4351,899,86,Rep_29,12-06-2024,12-06-2024,12-07-2024,14-07-2024,4,5.0,18554.22,Paid
4352,686,60,Rep_17,10-04-2024,10-04-2024,10-05-2024,15-05-2024,10,15.0,39435.24,Paid
4353,833,79,Rep_2,23-10-2025,23-10-2025,22-11-2025,07-02-2026,2,5.0,3073.93,Late
4354,961,19,Rep_16,04-07-2024,04-07-2024,03-08-2024,09-08-2024,5,5.0,44544.6,Paid
4355,898,100,Rep_25,29-07-2025,29-07-2025,28-08-2025,30-08-2025,10,10.0,30137.49,Paid
4356,298,19,Rep_28,15-11-2025,16-11-2025,16-12-2025,,10,0.0,93778.1,BadDebt
4357,524,38,Rep_25,17-06-2024,17-06-2024,17-07-2024,16-07-2024,8,0.0,30858.88,Paid
4358,970,29,Rep_29,03-10-2025,03-10-2025,02-11-2025,07-11-2025,5,5.0,25044.18,Paid
4359,860,44,Rep_30,14-11-2025,15-11-2025,15-12-2025,18-12-2025,2,15.0,8339.69,Paid
4360,118,30,Rep_20,22-02-2025,24-02-2025,26-03-2025,26-03-2025,1,0.0,1986.67,Paid
4361,706,63,,23-09-2025,24-09-2025,24-10-2025,26-10-2025,7,5.0,11107.69,Paid
4362,55,54,Rep_25,17-06-2024,17-06-2024,17-07-2024,16-07-2024,3,10.0,18004.03,Paid
4363,444,37,Rep_23,13-10-2025,15-10-2025,14-11-2025,15-11-2025,7,5.0,45030.54,Paid
4364,742,43,Rep_20,14-02-2024,16-02-2024,17-03-2024,,2,5.0,395.35,Pending
4365,942,89,Rep_19,16-08-2025,17-08-2025,16-09-2025,16-09-2025,10,0.0,18831.3,Paid
4366,263,46,Rep_10,05-10-2024,07-10-2024,06-11-2024,,10,10.0,7505.37,Pending
4367,151,85,Rep_12,26-02-2024,27-02-2024,28-03-2024,07-04-2024,5,5.0,11197.46,Paid
4368,583,33,Rep_10,23-08-2025,23-08-2025,22-09-2025,,7,10.0,9303.02,Pending
4369,431,89,Rep_23,06-01-2025,07-01-2025,06-02-2025,05-02-2025,5,10.0,8474.09,Paid
4370,775,66,Rep_20,30-06-2025,02-07-2025,01-08-2025,20-09-2025,7,10.0,69709.19,Late
4371,26,33,Rep_20,31-08-2024,31-08-2024,30-09-2024,06-10-2024,5,5.0,7014.18,Paid
4372,796,56,Rep_7,20-12-2025,22-12-2025,21-01-2026,26-01-2026,6,10.0,13578.68,Paid
4373,496,17,Rep_6,27-03-2025,29-03-2025,28-04-2025,01-05-2025,5,5.0,36729.09,Paid
4374,994,98,Rep_16,02-01-2024,04-01-2024,03-02-2024,09-02-2024,4,10.0,4269.6,Paid
4375,236,59,Rep_16,29-05-2024,29-05-2024,28-06-2024,27-06-2024,10,15.0,25202.08,Paid
4376,691,7,Rep_7,15-03-2025,15-03-2025,14-04-2025,21-04-2025,10,20.0,5616.24,Paid
4377,382,21,Rep_30,09-04-2024,09-04-2024,09-05-2024,15-05-2024,4,15.0,15883.03,Paid
4378,805,23,Rep_25,01-03-2025,01-03-2025,31-03-2025,30-03-2025,9,20.0,21025.94,Paid
4379,901,13,Rep_22,03-03-2024,05-03-2024,04-04-2024,14-04-2024,9,20.0,48393.79,Paid
4380,126,13,Rep_25,08-09-2025,10-09-2025,10-10-2025,16-10-2025,2,15.0,11426.31,Paid
4381,422,33,Rep_7,13-07-2024,13-07-2024,12-08-2024,19-08-2024,6,10.0,7974.02,Paid
4382,578,87,Rep_27,09-04-2025,11-04-2025,11-05-2025,18-05-2025,8,5.0,12540.23,Paid
4383,579,87,Rep_3,08-08-2024,08-08-2024,07-09-2024,09-09-2024,4,0.0,6600.12,Paid
4384,989,98,Rep_1,15-04-2025,15-04-2025,15-05-2025,16-05-2025,4,5.0,4506.8,Paid
4385,672,86,Rep_4,24-05-2025,24-05-2025,23-06-2025,28-06-2025,9,5.0,41747.0,Paid
4386,86,22,Rep_10,09-01-2025,10-01-2025,09-02-2025,15-02-2025,10,15.0,7159.98,Paid
4387,583,65,Rep_2,05-11-2025,05-11-2025,05-12-2025,05-12-2025,5,10.0,14299.06,Paid
4388,585,75,Rep_19,05-10-2025,05-10-2025,04-11-2025,10-11-2025,4,0.0,30241.88,Paid
4389,519,74,Rep_12,31-12-2024,31-12-2024,30-01-2025,02-02-2025,1,0.0,8757.73,Paid
4390,997,3,Rep_5,27-05-2024,28-05-2024,27-06-2024,25-06-2024,2,5.0,15742.98,Paid
4391,483,48,Rep_25,04-04-2024,04-04-2024,04-05-2024,,1,5.0,4801.26,BadDebt
4392,483,40,Rep_15,01-09-2024,03-09-2024,03-10-2024,03-12-2024,4,20.0,17637.31,Late
4393,837,12,Rep_2,10-12-2025,12-12-2025,11-01-2026,14-01-2026,9,0.0,92072.07,Paid
4394,110,23,Rep_11,29-08-2025,29-08-2025,28-09-2025,29-09-2025,7,5.0,19419.8,Paid
4395,96,18,Rep_5,02-09-2025,04-09-2025,04-10-2025,02-10-2025,4,0.0,8752.24,Paid
4396,26,47,Rep_6,07-02-2024,08-02-2024,09-03-2024,22-05-2024,5,20.0,10766.48,Late
4397,157,74,Rep_8,12-06-2024,13-06-2024,13-07-2024,23-07-2024,7,10.0,55173.7,Paid
4398,443,78,Rep_12,04-04-2024,05-04-2024,05-05-2024,12-05-2024,1,5.0,6364.29,Paid
4399,948,37,Rep_24,11-06-2024,11-06-2024,11-07-2024,13-07-2024,7,15.0,40290.48,Paid
4400,172,53,Rep_12,15-12-2025,16-12-2025,15-01-2026,20-01-2026,5,15.0,18774.29,Paid
4401,344,22,Rep_5,26-05-2024,27-05-2024,26-06-2024,06-08-2024,1,10.0,758.12,Late
4402,619,58,Rep_21,29-06-2025,29-06-2025,29-07-2025,30-07-2025,8,0.0,21517.92,Paid
4403,871,97,Rep_12,07-06-2025,09-06-2025,09-07-2025,10-07-2025,2,0.0,15282.72,Paid
4404,352,31,,02-08-2025,04-08-2025,03-09-2025,02-09-2025,2,10.0,8369.98,Paid
4405,356,3,Rep_14,23-11-2025,25-11-2025,25-12-2025,02-01-2026,8,20.0,53028.99,Paid
4406,28,68,Rep_8,08-06-2025,08-06-2025,08-07-2025,17-07-2025,6,10.0,51750.04,Paid
4407,329,34,Rep_12,10-10-2025,12-10-2025,11-11-2025,21-11-2025,10,15.0,33885.08,Paid
4408,945,21,Rep_26,09-10-2025,11-10-2025,10-11-2025,08-11-2025,5,5.0,22189.53,Paid
4409,414,66,Rep_29,18-09-2024,20-09-2024,20-10-2024,,9,10.0,89626.1,BadDebt
4410,536,83,Rep_4,17-03-2025,18-03-2025,17-04-2025,,6,5.0,12753.52,Pending
4411,6,70,Rep_28,17-02-2025,18-02-2025,20-03-2025,30-03-2025,10,10.0,77033.43,Paid
4412,617,29,Rep_6,26-11-2025,26-11-2025,26-12-2025,21-02-2026,8,0.0,42179.68,Late
4413,922,14,Rep_3,21-01-2024,21-01-2024,20-02-2024,07-05-2024,10,10.0,27011.88,Late
4414,573,63,Rep_8,25-12-2024,26-12-2024,25-01-2025,26-01-2025,3,0.0,5010.99,Paid
4415,21,9,Rep_19,22-10-2024,23-10-2024,22-11-2024,09-01-2025,2,20.0,332.19,Late
4416,673,37,Rep_13,13-03-2024,15-03-2024,14-04-2024,18-04-2024,8,10.0,48754.87,Paid
4417,738,29,Rep_3,06-06-2024,08-06-2024,08-07-2024,26-09-2024,9,20.0,37961.71,Late
4418,853,25,Rep_9,04-02-2024,04-02-2024,05-03-2024,,8,0.0,3622.32,Pending
4419,470,76,Rep_4,28-02-2024,01-03-2024,31-03-2024,10-04-2024,4,15.0,34133.76,Paid
4420,822,74,Rep_3,26-05-2024,27-05-2024,26-06-2024,26-06-2024,8,10.0,63055.66,Paid
4421,993,52,Rep_20,14-10-2025,16-10-2025,15-11-2025,,8,15.0,49757.1,Pending
4422,57,9,Rep_13,09-06-2025,09-06-2025,09-07-2025,17-07-2025,7,15.0,1235.34,Paid
4423,540,44,Rep_5,06-09-2024,07-09-2024,07-10-2024,12-10-2024,1,0.0,4905.7,Paid
4424,136,93,Rep_28,29-04-2024,29-04-2024,29-05-2024,03-08-2024,4,20.0,5796.7,Late
4425,125,10,Rep_13,13-07-2025,13-07-2025,12-08-2025,18-10-2025,4,10.0,18321.77,Late
4426,447,79,Rep_26,14-06-2025,15-06-2025,15-07-2025,17-08-2025,2,10.0,2912.15,Late
4427,796,55,Rep_9,22-08-2024,22-08-2024,21-09-2024,30-09-2024,3,10.0,15447.4,Paid
4428,934,76,Rep_29,03-12-2024,05-12-2024,04-01-2025,03-01-2025,7,15.0,59734.07,Paid
4429,21,20,Rep_6,30-11-2024,01-12-2024,31-12-2024,,10,15.0,17340.08,Pending
4430,946,95,Rep_2,09-06-2024,11-06-2024,11-07-2024,17-07-2024,3,10.0,2688.77,Paid
4431,478,45,Rep_5,24-09-2025,25-09-2025,25-10-2025,25-10-2025,5,5.0,19155.56,Paid
4432,251,48,Rep_4,02-07-2024,02-07-2024,01-08-2024,06-08-2024,6,10.0,27291.38,Paid
4433,985,25,Rep_4,06-06-2024,06-06-2024,06-07-2024,10-07-2024,2,5.0,860.3,Paid
4434,426,58,Rep_6,11-03-2025,13-03-2025,12-04-2025,11-06-2025,5,10.0,12103.83,Late
4435,501,71,Rep_29,12-01-2024,13-01-2024,12-02-2024,,10,0.0,4673.7,Pending
4436,443,30,Rep_14,02-02-2024,04-02-2024,05-03-2024,09-03-2024,7,15.0,11820.69,Paid
4437,388,5,Rep_20,09-10-2025,09-10-2025,08-11-2025,,10,15.0,8704.34,Pending
4438,653,6,Rep_27,20-09-2024,22-09-2024,22-10-2024,26-10-2024,5,20.0,39125.92,Paid
4439,654,65,Rep_4,28-09-2024,30-09-2024,30-10-2024,03-11-2024,6,15.0,16205.61,Paid
4440,835,82,Rep_7,06-04-2025,06-04-2025,06-05-2025,08-05-2025,3,15.0,10108.56,Paid
4441,179,67,Rep_11,20-04-2025,20-04-2025,20-05-2025,30-05-2025,3,15.0,8989.52,Paid
4442,752,69,Rep_11,08-10-2025,09-10-2025,08-11-2025,10-11-2025,10,10.0,75476.7,Paid
4443,664,8,Rep_14,12-07-2024,14-07-2024,13-08-2024,11-08-2024,3,0.0,24714.36,Paid
4444,872,73,Rep_7,27-10-2024,28-10-2024,27-11-2024,,4,20.0,11574.53,Pending
4445,255,40,Rep_5,06-12-2024,08-12-2024,07-01-2025,10-01-2025,7,15.0,32794.38,Paid
4446,537,77,Rep_26,01-03-2025,02-03-2025,01-04-2025,13-06-2025,6,10.0,5003.42,Late
4447,862,90,Rep_20,21-09-2025,23-09-2025,23-10-2025,24-10-2025,4,15.0,19220.51,Paid
4448,375,87,Rep_3,12-04-2025,13-04-2025,13-05-2025,,2,10.0,2970.05,BadDebt
4449,791,68,Rep_9,20-04-2024,22-04-2024,22-05-2024,22-05-2024,4,0.0,38333.36,Paid
4450,76,15,Rep_3,01-01-2025,03-01-2025,02-02-2025,11-02-2025,7,10.0,38911.45,Paid
4451,920,77,Rep_26,04-04-2025,06-04-2025,06-05-2025,09-05-2025,8,20.0,5929.98,Paid
4452,40,84,Rep_1,10-09-2025,12-09-2025,12-10-2025,15-11-2025,1,20.0,749.46,Late
4453,471,63,Rep_5,18-08-2024,18-08-2024,17-09-2024,30-11-2024,7,10.0,10523.08,Late
4454,423,81,Rep_30,12-07-2024,14-07-2024,13-08-2024,21-08-2024,9,5.0,10833.11,Paid
4455,404,57,Rep_24,03-03-2025,05-03-2025,04-04-2025,12-04-2025,2,0.0,1460.0,Paid
4456,348,30,Rep_28,03-09-2025,05-09-2025,05-10-2025,,8,0.0,15893.36,Pending
4457,191,56,Rep_10,25-10-2024,25-10-2024,24-11-2024,22-11-2024,7,10.0,15841.79,Paid
4458,519,94,Rep_24,25-07-2024,27-07-2024,26-08-2024,04-09-2024,2,15.0,4720.56,Paid
4459,554,93,Rep_16,01-09-2025,02-09-2025,02-10-2025,,1,10.0,1630.32,Pending
4460,572,75,Rep_6,26-10-2024,27-10-2024,26-11-2024,,3,20.0,18145.13,Pending
4461,342,78,Rep_10,14-04-2025,16-04-2025,16-05-2025,23-05-2025,9,5.0,57278.59,Paid
4462,709,38,Rep_10,28-01-2024,30-01-2024,29-02-2024,02-03-2024,3,0.0,11572.08,Paid
4463,626,52,Rep_9,01-05-2024,01-05-2024,31-05-2024,23-08-2024,8,15.0,49757.1,Late
4464,580,95,Rep_5,26-10-2025,26-10-2025,25-11-2025,23-01-2026,10,20.0,7966.72,Late
4465,442,77,Rep_21,29-06-2024,29-06-2024,29-07-2024,01-08-2024,4,0.0,3706.24,Paid
4466,671,45,Rep_15,25-12-2024,25-12-2024,24-01-2025,01-02-2025,3,10.0,10888.42,Paid
4467,500,86,Rep_27,11-08-2024,11-08-2024,10-09-2024,13-09-2024,3,10.0,13183.26,Paid
4468,33,16,Rep_8,14-08-2024,14-08-2024,13-09-2024,21-10-2024,2,15.0,2259.49,Late
4469,374,72,Rep_11,19-07-2024,20-07-2024,19-08-2024,21-08-2024,10,5.0,51327.64,Paid
4470,317,40,Rep_8,13-08-2024,15-08-2024,14-09-2024,20-09-2024,8,0.0,44093.28,Paid
4471,701,78,Rep_30,08-08-2024,09-08-2024,08-09-2024,,9,20.0,48234.6,Pending
4472,841,36,Rep_7,05-07-2025,05-07-2025,04-08-2025,04-08-2025,8,5.0,6792.8,Paid
4473,207,16,Rep_14,16-03-2025,16-03-2025,15-04-2025,16-05-2025,10,20.0,10632.88,Late
4474,678,93,Rep_8,21-12-2025,22-12-2025,21-01-2026,21-01-2026,8,15.0,12318.0,Paid
4475,451,18,Rep_19,18-02-2024,20-02-2024,21-03-2024,30-03-2024,6,0.0,13128.36,Paid
4476,956,83,Rep_9,11-05-2024,13-05-2024,12-06-2024,21-06-2024,7,20.0,12529.78,Paid
4477,431,37,Rep_21,08-08-2025,08-08-2025,07-09-2025,17-09-2025,2,0.0,13543.02,Paid
4478,326,40,Rep_23,30-01-2024,30-01-2024,29-02-2024,29-02-2024,2,20.0,8818.66,Paid
4479,11,92,Rep_5,08-09-2024,09-09-2024,09-10-2024,10-10-2024,6,0.0,26046.96,Paid
4480,92,55,Rep_17,28-12-2024,29-12-2024,28-01-2025,06-02-2025,1,15.0,4863.07,Paid
4481,81,83,Rep_7,17-11-2025,18-11-2025,18-12-2025,26-12-2025,6,10.0,12082.28,Paid
4482,476,83,Rep_4,26-10-2024,27-10-2024,26-11-2024,13-02-2025,8,15.0,15214.73,Late
4483,301,54,Rep_29,20-12-2024,20-12-2024,19-01-2025,18-01-2025,7,5.0,44343.26,Paid
4484,880,32,Rep_27,23-12-2025,24-12-2025,23-01-2026,26-01-2026,8,10.0,20037.82,Paid
4485,896,8,Rep_2,09-04-2025,09-04-2025,09-05-2025,12-05-2025,1,15.0,7002.4,Paid
4486,590,83,Rep_14,20-11-2025,21-11-2025,21-12-2025,24-12-2025,3,15.0,5705.52,Paid
4487,420,48,Rep_21,20-12-2024,22-12-2024,21-01-2025,25-01-2025,5,15.0,21479.33,Paid
4488,66,24,Rep_17,19-11-2025,20-11-2025,20-12-2025,30-12-2025,5,5.0,17205.59,Paid
4489,326,75,Rep_16,01-02-2025,01-02-2025,03-03-2025,02-03-2025,9,5.0,64642.02,Paid
4490,648,28,Rep_4,27-06-2025,29-06-2025,29-07-2025,30-07-2025,10,5.0,38233.98,Paid
4491,590,29,,26-07-2025,26-07-2025,25-08-2025,,9,15.0,40334.32,Pending
4492,869,68,Rep_17,16-03-2024,17-03-2024,16-04-2024,15-06-2024,7,0.0,67083.38,Late
4493,451,88,Rep_22,23-11-2024,25-11-2024,25-12-2024,29-12-2024,3,10.0,16859.34,Paid
4494,231,22,Rep_3,06-06-2025,06-06-2025,06-07-2025,,7,15.0,5011.98,Pending
4495,501,26,Rep_11,20-03-2024,20-03-2024,19-04-2024,26-04-2024,8,10.0,62043.41,Paid
4496,995,96,Rep_16,15-05-2025,17-05-2025,16-06-2025,,3,10.0,21538.49,Pending
4497,379,9,Rep_11,05-04-2024,07-04-2024,07-05-2024,,6,15.0,1058.86,Pending
4498,220,77,Rep_14,22-04-2024,23-04-2024,23-05-2024,22-05-2024,6,10.0,5003.42,Paid
4499,96,95,Rep_13,18-07-2024,19-07-2024,18-08-2024,28-08-2024,6,0.0,5975.04,Paid
4500,485,40,Rep_24,29-08-2025,30-08-2025,29-09-2025,01-12-2025,8,10.0,39683.95,Late
4501,717,41,Rep_18,07-11-2024,09-11-2024,09-12-2024,09-12-2024,2,20.0,5694.51,Paid
4502,109,98,Rep_9,10-05-2024,11-05-2024,10-06-2024,,9,20.0,8539.2,Pending
4503,922,100,Rep_22,25-12-2024,25-12-2024,24-01-2025,23-01-2025,6,0.0,20091.66,Paid
4504,56,70,Rep_8,22-12-2025,24-12-2025,23-01-2026,01-02-2026,7,20.0,47931.91,Paid
4505,809,35,Rep_11,27-10-2024,28-10-2024,27-11-2024,,2,5.0,11387.55,Pending
4506,657,67,Rep_27,13-12-2025,15-12-2025,14-01-2026,13-01-2026,1,15.0,2996.5,Paid
4507,626,94,Rep_25,27-09-2025,28-09-2025,28-10-2025,01-11-2025,6,15.0,14161.68,Paid
4508,432,64,Rep_15,08-10-2025,08-10-2025,07-11-2025,,10,5.0,38890.15,Pending
4509,499,59,Rep_29,19-09-2024,20-09-2024,20-10-2024,22-11-2024,9,10.0,24016.1,Late
4510,791,98,Rep_30,24-04-2024,26-04-2024,26-05-2024,04-06-2024,1,0.0,1186.0,Paid
4511,638,95,Rep_16,08-09-2024,09-09-2024,09-10-2024,11-12-2024,3,15.0,2539.39,Late
4512,748,18,Rep_14,24-02-2024,24-02-2024,25-03-2024,23-03-2024,7,15.0,13018.96,Paid
4513,99,65,Rep_17,30-09-2024,01-10-2024,31-10-2024,06-11-2024,8,20.0,20336.45,Paid
4514,359,65,Rep_10,02-10-2025,04-10-2025,03-11-2025,12-01-2026,6,15.0,16205.61,Late
4515,89,59,Rep_30,08-09-2025,09-09-2025,09-10-2025,17-10-2025,10,0.0,29649.5,Paid
4516,820,29,Rep_28,15-10-2025,17-10-2025,16-11-2025,19-11-2025,2,0.0,10544.92,Paid
4517,754,27,Rep_22,16-05-2024,17-05-2024,16-06-2024,20-06-2024,7,20.0,8474.37,Paid
4518,586,68,Rep_8,04-11-2024,04-11-2024,04-12-2024,05-12-2024,3,15.0,24437.52,Paid
4519,900,41,Rep_12,23-05-2024,24-05-2024,23-06-2024,25-06-2024,3,0.0,10677.21,Paid
4520,826,29,Rep_2,09-08-2024,10-08-2024,09-09-2024,16-09-2024,5,20.0,21089.84,Paid
4521,646,97,Rep_21,06-08-2025,07-08-2025,06-09-2025,,2,0.0,15282.72,Pending
4522,169,97,Rep_18,27-08-2025,28-08-2025,27-09-2025,07-10-2025,6,5.0,43555.75,Paid
4523,72,19,Rep_28,12-12-2025,14-12-2025,13-01-2026,18-01-2026,7,5.0,62362.44,Paid
4524,308,81,Rep_30,24-11-2024,25-11-2024,25-12-2024,11-02-2025,4,0.0,5068.12,Late
4525,525,81,Rep_30,14-07-2024,16-07-2024,15-08-2024,,9,20.0,9122.62,Pending
4526,892,7,Rep_1,02-02-2024,04-02-2024,05-03-2024,11-05-2024,1,10.0,631.83,Late
4527,287,14,Rep_24,24-11-2025,25-11-2025,25-12-2025,29-12-2025,5,5.0,14256.27,Paid
4528,80,27,Rep_19,02-11-2024,04-11-2024,04-12-2024,03-12-2024,5,15.0,6431.44,Paid
4529,893,51,Rep_21,15-06-2024,15-06-2024,15-07-2024,04-10-2024,8,20.0,62207.68,Late
4530,101,5,Rep_29,16-04-2024,17-04-2024,17-05-2024,19-05-2024,9,5.0,8755.54,Paid
4531,492,99,Rep_5,11-12-2024,11-12-2024,10-01-2025,13-03-2025,10,15.0,15069.05,Late
4532,62,85,Rep_13,08-10-2024,10-10-2024,09-11-2024,08-11-2024,10,15.0,20037.56,Paid
4533,493,12,Rep_14,09-10-2024,10-10-2024,09-11-2024,13-11-2024,6,20.0,49105.1,Paid
4534,789,28,Rep_15,28-03-2025,30-03-2025,29-04-2025,09-05-2025,8,15.0,27367.48,Paid
4535,68,74,Rep_24,27-08-2025,29-08-2025,28-09-2025,,10,0.0,87577.3,Pending
4536,682,97,Rep_24,16-05-2025,18-05-2025,17-06-2025,17-06-2025,3,15.0,19485.47,Paid
4537,345,24,Rep_1,29-03-2025,31-03-2025,30-04-2025,,5,5.0,17205.59,BadDebt
4538,559,64,Rep_10,27-05-2025,29-05-2025,28-06-2025,24-08-2025,5,15.0,17398.22,Late
4539,90,85,Rep_9,07-07-2025,08-07-2025,07-08-2025,16-08-2025,5,20.0,9429.44,Paid
4540,199,90,Rep_30,01-07-2024,01-07-2024,31-07-2024,07-08-2024,3,5.0,16111.31,Paid
4541,483,4,Rep_28,25-10-2025,27-10-2025,26-11-2025,29-11-2025,6,15.0,14973.8,Paid
4542,496,91,Rep_14,11-12-2025,12-12-2025,11-01-2026,,4,0.0,35084.32,Pending
4543,19,65,Rep_3,24-04-2024,24-04-2024,24-05-2024,24-05-2024,6,15.0,16205.61,Paid
4544,432,51,Rep_11,09-11-2024,09-11-2024,09-12-2024,12-12-2024,1,20.0,7775.96,Paid
4545,757,83,Rep_5,21-10-2025,22-10-2025,21-11-2025,23-11-2025,10,5.0,21255.87,Paid
4546,260,63,Rep_3,24-03-2025,25-03-2025,24-04-2025,30-04-2025,3,20.0,4008.79,Paid
4547,148,33,Rep_15,19-11-2024,21-11-2024,21-12-2024,07-03-2025,9,15.0,11296.53,Late
4548,246,77,Rep_7,09-09-2025,10-09-2025,10-10-2025,17-10-2025,4,5.0,3520.93,Paid
4549,540,58,Rep_17,15-03-2025,17-03-2025,16-04-2025,22-04-2025,7,20.0,15062.54,Paid
4550,459,27,Rep_5,24-07-2025,26-07-2025,25-08-2025,31-08-2025,2,15.0,2572.58,Paid
4551,39,63,Rep_16,12-10-2025,14-10-2025,13-11-2025,23-01-2026,10,5.0,15868.13,Late
4552,647,47,Rep_30,16-05-2024,16-05-2024,15-06-2024,21-06-2024,1,15.0,2287.88,Paid
4553,32,86,Rep_13,20-07-2024,20-07-2024,19-08-2024,,3,20.0,11718.46,Pending
4554,737,20,Rep_15,22-02-2025,24-02-2025,26-03-2025,26-03-2025,9,0.0,18360.09,Paid
4555,455,100,Rep_3,05-07-2025,06-07-2025,05-08-2025,,4,20.0,10715.55,Pending
4556,47,46,Rep_12,29-10-2025,31-10-2025,30-11-2025,04-12-2025,9,20.0,6004.3,Paid
4557,498,36,Rep_8,13-02-2024,15-02-2024,16-03-2024,18-03-2024,3,15.0,2279.16,Paid
4558,287,72,Rep_25,10-12-2025,11-12-2025,10-01-2026,14-01-2026,6,0.0,32417.46,Paid
4559,629,69,Rep_12,22-02-2025,23-02-2025,25-03-2025,25-03-2025,10,10.0,75476.7,Paid
4560,187,34,Rep_26,23-04-2025,24-04-2025,24-05-2025,01-08-2025,9,10.0,32290.49,Late
4561,717,67,Rep_23,26-11-2024,26-11-2024,26-12-2024,26-12-2024,9,10.0,28554.93,Paid
4562,538,100,Rep_22,09-01-2024,09-01-2024,08-02-2024,18-02-2024,10,20.0,26788.88,Paid
4563,583,21,Rep_20,15-12-2025,16-12-2025,15-01-2026,18-01-2026,1,10.0,4204.33,Paid
4564,516,97,Rep_27,23-04-2025,25-04-2025,25-05-2025,03-06-2025,10,15.0,64951.56,Paid
4565,814,42,Rep_16,28-08-2024,29-08-2024,28-09-2024,07-12-2024,10,15.0,88969.16,Late
4566,941,74,Rep_10,11-09-2025,13-09-2025,13-10-2025,13-10-2025,3,5.0,24959.53,Paid
4567,388,94,Rep_16,22-11-2025,22-11-2025,22-12-2025,11-02-2026,4,5.0,10551.84,Late
4568,472,100,Rep_23,07-01-2025,09-01-2025,08-02-2025,13-02-2025,7,20.0,18752.22,Paid
4569,577,32,Rep_18,04-07-2025,06-07-2025,05-08-2025,08-08-2025,2,10.0,5009.45,Paid
4570,609,87,Rep_29,11-01-2024,11-01-2024,10-02-2024,,9,0.0,14850.27,Pending
4571,351,1,Rep_29,25-02-2024,25-02-2024,26-03-2024,05-04-2024,10,0.0,54217.2,Paid
4572,951,73,Rep_12,12-08-2024,14-08-2024,13-09-2024,,3,5.0,10308.56,Pending
4573,347,24,Rep_3,05-08-2024,05-08-2024,04-09-2024,06-09-2024,9,20.0,26080.06,Paid
4574,821,100,Rep_2,08-08-2025,10-08-2025,09-09-2025,08-09-2025,8,15.0,22770.55,Paid
4575,82,41,Rep_22,20-03-2025,22-03-2025,21-04-2025,19-04-2025,8,0.0,28472.56,Paid
4576,613,48,Rep_3,26-12-2025,26-12-2025,25-01-2026,29-01-2026,4,15.0,17183.46,Paid
4577,532,63,Rep_1,25-10-2024,25-10-2024,24-11-2024,26-01-2025,2,0.0,3340.66,Late
4578,592,77,Rep_26,22-08-2024,24-08-2024,23-09-2024,25-09-2024,6,5.0,5281.39,Paid
4579,617,97,Rep_6,17-08-2025,19-08-2025,18-09-2025,24-09-2025,10,5.0,72592.92,Paid
4580,58,47,Rep_7,27-05-2024,27-05-2024,26-06-2024,24-06-2024,6,15.0,13727.26,Paid
4581,585,13,Rep_11,02-06-2024,04-06-2024,04-07-2024,06-07-2024,9,10.0,54443.02,Paid
4582,959,71,Rep_27,10-03-2024,12-03-2024,11-04-2024,,5,0.0,2336.85,BadDebt
4583,316,59,Rep_15,12-03-2024,14-03-2024,13-04-2024,10-07-2024,8,0.0,23719.6,Late
4584,484,5,Rep_1,10-12-2024,11-12-2024,10-01-2025,11-01-2025,1,0.0,1024.04,Paid
4585,317,35,Rep_29,03-10-2025,04-10-2025,03-11-2025,,6,0.0,35960.7,Pending
4586,689,100,Rep_28,14-08-2024,15-08-2024,14-09-2024,18-09-2024,6,15.0,17077.91,Paid
4587,369,4,Rep_16,23-12-2024,25-12-2024,24-01-2025,30-01-2025,6,10.0,15854.62,Paid
4588,589,28,Rep_8,02-05-2025,04-05-2025,03-06-2025,04-06-2025,10,0.0,40246.3,Paid
4589,898,73,Rep_1,30-08-2025,30-08-2025,29-09-2025,19-11-2025,3,0.0,10851.12,Late
4590,28,18,Rep_25,11-04-2025,12-04-2025,12-05-2025,,5,15.0,9299.25,Pending
4591,192,33,Rep_21,22-11-2025,24-11-2025,24-12-2025,23-12-2025,2,0.0,2953.34,Paid
4592,690,18,Rep_26,28-08-2024,29-08-2024,28-09-2024,06-10-2024,9,0.0,19692.54,Paid
4593,627,69,Rep_30,06-09-2024,06-09-2024,06-10-2024,,6,5.0,47801.91,BadDebt
4594,14,27,Rep_5,12-11-2024,13-11-2024,13-12-2024,14-12-2024,3,20.0,3631.87,Paid
4595,427,41,Rep_2,17-02-2025,19-02-2025,21-03-2025,31-03-2025,9,0.0,32031.63,Paid
4596,733,47,Rep_27,23-07-2025,25-07-2025,24-08-2025,02-09-2025,4,20.0,8613.18,Paid
4597,914,7,Rep_18,04-04-2024,05-04-2024,05-05-2024,13-05-2024,9,10.0,5686.44,Paid
4598,985,62,Rep_29,09-04-2025,11-04-2025,11-05-2025,,5,20.0,28369.12,Pending
4599,533,15,Rep_3,21-12-2024,23-12-2024,22-01-2025,03-04-2025,2,10.0,11117.56,Late
4600,674,77,Rep_14,15-12-2024,16-12-2024,15-01-2025,14-01-2025,1,0.0,926.56,Paid
4601,933,51,Rep_28,04-02-2025,05-02-2025,07-03-2025,10-03-2025,5,10.0,43739.78,Paid
4602,409,29,Rep_2,24-05-2025,25-05-2025,24-06-2025,27-06-2025,10,20.0,42179.68,Paid
4603,235,36,Rep_13,15-10-2024,15-10-2024,14-11-2024,24-11-2024,9,0.0,8044.11,Paid
4604,276,66,Rep_6,13-11-2024,15-11-2024,15-12-2024,21-12-2024,7,0.0,77454.65,Paid
4605,240,52,Rep_12,11-08-2024,13-08-2024,12-09-2024,10-09-2024,6,5.0,41708.15,Paid
4606,205,10,Rep_17,24-11-2025,24-11-2025,24-12-2025,23-12-2025,2,15.0,8651.95,Paid
4607,193,39,Rep_6,10-11-2024,11-11-2024,11-12-2024,,10,5.0,69178.14,BadDebt
4608,636,96,Rep_12,22-04-2024,23-04-2024,23-05-2024,27-06-2024,10,15.0,67806.37,Late
4609,350,86,Rep_17,19-06-2025,20-06-2025,20-07-2025,19-07-2025,4,10.0,17577.68,Paid
4610,458,36,Rep_16,29-01-2024,30-01-2024,29-02-2024,05-03-2024,3,20.0,2145.1,Paid
4611,350,57,Rep_24,11-05-2025,13-05-2025,12-06-2025,10-06-2025,7,0.0,5110.0,Paid
4612,153,43,Rep_19,07-05-2024,07-05-2024,06-06-2024,13-06-2024,6,10.0,1123.63,Paid
4613,679,17,,23-10-2024,23-10-2024,22-11-2024,22-11-2024,9,15.0,59153.17,Paid
4614,986,55,Rep_11,30-03-2024,01-04-2024,01-05-2024,09-05-2024,7,10.0,36043.94,Paid
4615,252,64,Rep_9,06-12-2025,07-12-2025,06-01-2026,07-02-2026,2,10.0,7368.66,Late
4616,690,14,Rep_16,23-01-2025,25-01-2025,24-02-2025,,2,10.0,5402.38,Pending
4617,996,67,Rep_17,03-10-2024,03-10-2024,02-11-2024,08-12-2024,4,10.0,12691.08,Late
4618,634,1,Rep_19,13-05-2025,13-05-2025,12-06-2025,17-06-2025,2,10.0,9759.1,Paid
4619,287,75,Rep_13,08-12-2025,10-12-2025,09-01-2026,15-01-2026,4,20.0,24193.5,Paid
4620,979,60,Rep_8,28-06-2024,30-06-2024,30-07-2024,08-08-2024,2,20.0,7423.1,Paid
4621,532,9,Rep_1,26-01-2025,28-01-2025,27-02-2025,27-02-2025,8,5.0,1577.91,Paid
4622,619,5,Rep_8,11-04-2025,11-04-2025,11-05-2025,27-07-2025,7,10.0,6451.45,Late
4623,8,49,Rep_27,18-11-2025,18-11-2025,18-12-2025,27-12-2025,2,20.0,12133.79,Paid
4624,237,28,Rep_15,24-02-2024,24-02-2024,25-03-2024,02-04-2024,7,5.0,26763.79,Paid
4625,212,64,Rep_21,15-08-2024,16-08-2024,15-09-2024,18-09-2024,1,10.0,3684.33,Paid
4626,46,43,Rep_6,22-08-2025,22-08-2025,21-09-2025,22-09-2025,6,5.0,1186.06,Paid
4627,845,85,Rep_25,09-01-2025,10-01-2025,09-02-2025,07-02-2025,6,5.0,13436.95,Paid
4628,379,13,Rep_14,18-07-2024,20-07-2024,19-08-2024,29-08-2024,10,20.0,53770.88,Paid
4629,389,8,Rep_1,27-01-2024,29-01-2024,28-02-2024,08-03-2024,8,5.0,62609.71,Paid
4630,92,34,Rep_28,01-11-2025,03-11-2025,03-12-2025,07-12-2025,5,0.0,19932.4,Paid
4631,205,56,Rep_6,10-01-2025,11-01-2025,10-02-2025,08-02-2025,3,10.0,6789.34,Paid
4632,44,53,Rep_7,10-05-2024,12-05-2024,11-06-2024,17-08-2024,3,5.0,12589.82,Late
4633,474,78,Rep_29,22-09-2025,22-09-2025,22-10-2025,29-10-2025,6,20.0,32156.4,Paid
4634,172,20,Rep_20,29-11-2024,29-11-2024,29-12-2024,31-12-2024,8,10.0,14688.07,Paid
4635,364,51,Rep_7,10-01-2025,11-01-2025,10-02-2025,16-02-2025,9,20.0,69983.64,Paid
4636,439,63,Rep_3,21-02-2025,22-02-2025,24-03-2025,29-03-2025,1,5.0,1586.81,Paid
4637,643,10,Rep_21,08-09-2024,08-09-2024,08-10-2024,17-10-2024,9,15.0,38933.76,Paid
4638,805,34,Rep_25,01-07-2024,01-07-2024,31-07-2024,09-08-2024,9,5.0,34084.4,Paid
4639,773,59,Rep_7,22-10-2024,24-10-2024,23-11-2024,02-12-2024,4,20.0,9487.84,Paid
4640,131,47,Rep_23,03-06-2024,04-06-2024,04-07-2024,,4,0.0,10766.48,Pending
4641,774,44,Rep_28,26-06-2024,26-06-2024,26-07-2024,31-07-2024,4,10.0,17660.52,Paid
4642,806,56,Rep_12,29-06-2025,01-07-2025,31-07-2025,07-08-2025,3,10.0,6789.34,Paid
4643,329,54,Rep_6,17-04-2024,17-04-2024,17-05-2024,25-05-2024,2,0.0,13336.32,Paid
4644,106,92,Rep_14,23-05-2024,23-05-2024,22-06-2024,25-06-2024,2,5.0,8248.2,Paid
4645,230,18,Rep_14,14-07-2024,14-07-2024,13-08-2024,15-08-2024,2,10.0,3938.51,Paid
4646,643,18,Rep_7,26-02-2025,28-02-2025,30-03-2025,,3,0.0,6564.18,BadDebt
4647,109,44,Rep_15,23-10-2025,23-10-2025,22-11-2025,21-11-2025,10,15.0,41698.45,Paid
4648,513,5,Rep_18,21-03-2024,23-03-2024,22-04-2024,25-04-2024,10,0.0,10240.4,Paid
4649,201,23,Rep_2,24-12-2025,26-12-2025,25-01-2026,28-01-2026,6,10.0,15769.46,Paid
4650,735,50,Rep_8,30-07-2025,01-08-2025,31-08-2025,29-08-2025,6,15.0,8294.03,Paid
4651,721,71,Rep_25,12-04-2024,13-04-2024,13-05-2024,16-05-2024,3,15.0,1191.79,Paid
4652,391,1,Rep_20,05-07-2024,05-07-2024,04-08-2024,06-08-2024,1,20.0,4337.38,Paid
4653,547,56,Rep_18,05-06-2025,07-06-2025,07-07-2025,,10,10.0,22631.13,BadDebt
4654,961,73,Rep_21,05-02-2025,07-02-2025,09-03-2025,16-03-2025,4,20.0,11574.53,Paid
4655,917,81,Rep_8,04-08-2025,05-08-2025,04-09-2025,12-09-2025,8,10.0,9122.62,Paid
4656,86,77,Rep_16,13-12-2025,15-12-2025,14-01-2026,14-01-2026,5,0.0,4632.8,Paid
4657,335,67,Rep_6,09-02-2025,09-02-2025,11-03-2025,,8,5.0,26792.28,Pending
4658,36,17,Rep_30,31-05-2025,02-06-2025,02-07-2025,06-07-2025,7,20.0,43301.66,Paid
4659,833,70,Rep_23,02-10-2024,02-10-2024,01-11-2024,05-11-2024,3,0.0,25677.81,Paid
4660,884,97,Rep_22,27-03-2024,28-03-2024,27-04-2024,13-06-2024,8,5.0,58074.34,Late
4661,768,26,Rep_22,21-03-2024,21-03-2024,20-04-2024,25-04-2024,8,0.0,68937.12,Paid
4662,678,99,Rep_25,27-05-2024,28-05-2024,27-06-2024,01-07-2024,1,20.0,1418.26,Paid
4663,393,79,Rep_6,07-04-2025,09-04-2025,09-05-2025,12-05-2025,9,10.0,13104.67,Paid
4664,269,73,Rep_14,10-10-2024,11-10-2024,10-11-2024,09-11-2024,3,10.0,9766.01,Paid
4665,993,98,Rep_2,06-01-2024,08-01-2024,07-02-2024,,2,20.0,1897.6,Pending
4666,894,93,Rep_26,25-09-2025,27-09-2025,27-10-2025,26-10-2025,5,0.0,9057.35,Paid
4667,358,2,Rep_20,12-11-2025,12-11-2025,12-12-2025,24-02-2026,5,15.0,35867.75,Late
4668,931,29,Rep_11,28-02-2025,01-03-2025,31-03-2025,31-03-2025,3,15.0,13444.77,Paid
4669,706,29,Rep_24,17-12-2025,19-12-2025,18-01-2026,01-03-2026,5,10.0,23726.07,Late
4670,868,38,Rep_22,09-05-2024,10-05-2024,09-06-2024,08-06-2024,8,10.0,27772.99,Paid
4671,585,90,Rep_27,19-12-2025,21-12-2025,20-01-2026,17-03-2026,9,10.0,45790.03,Late
4672,443,65,Rep_26,30-06-2024,30-06-2024,30-07-2024,05-08-2024,9,0.0,28598.13,Paid
4673,394,50,Rep_1,05-05-2024,06-05-2024,05-06-2024,,9,0.0,14636.52,Pending
4674,863,60,Rep_22,24-08-2025,26-08-2025,25-09-2025,29-09-2025,4,10.0,16701.98,Paid
4675,80,10,Rep_28,25-04-2025,26-04-2025,26-05-2025,27-05-2025,2,15.0,8651.95,Paid
4676,209,31,Rep_8,25-05-2025,27-05-2025,26-06-2025,02-07-2025,7,0.0,32549.93,Paid
4677,491,45,Rep_2,17-07-2025,18-07-2025,17-08-2025,20-08-2025,4,15.0,13711.35,Paid
4678,332,30,Rep_26,02-09-2024,02-09-2024,02-10-2024,03-10-2024,3,10.0,5364.01,Paid
4679,456,98,Rep_14,14-09-2024,14-09-2024,14-10-2024,15-10-2024,2,0.0,2372.0,Paid
4680,625,38,Rep_10,06-07-2025,08-07-2025,07-08-2025,07-08-2025,7,15.0,22951.29,Paid
4681,19,76,Rep_12,21-09-2025,21-09-2025,21-10-2025,,5,20.0,40157.36,BadDebt
4682,656,44,Rep_29,19-07-2024,21-07-2024,20-08-2024,25-08-2024,2,5.0,9320.83,Paid
4683,201,43,Rep_21,26-03-2024,28-03-2024,27-04-2024,,6,5.0,1186.06,Pending
4684,143,42,Rep_19,04-12-2025,04-12-2025,03-01-2026,07-03-2026,6,5.0,59661.67,Late
4685,262,77,Rep_8,20-02-2025,21-02-2025,23-03-2025,,8,10.0,6671.23,BadDebt
4686,123,86,Rep_10,14-09-2025,15-09-2025,15-10-2025,23-10-2025,7,10.0,30760.95,Paid
4687,201,89,Rep_17,18-10-2025,18-10-2025,17-11-2025,15-11-2025,3,10.0,5084.45,Paid
4688,905,58,Rep_21,08-12-2024,08-12-2024,07-01-2025,08-01-2025,3,15.0,6858.84,Paid
4689,118,33,Rep_30,14-04-2024,14-04-2024,14-05-2024,14-05-2024,7,20.0,8269.35,Paid
4690,305,22,Rep_7,20-04-2025,20-04-2025,20-05-2025,01-07-2025,7,10.0,5306.8,Late
4691,429,66,Rep_28,25-10-2025,26-10-2025,25-11-2025,29-11-2025,8,10.0,79667.64,Paid
4692,396,77,Rep_16,10-06-2025,11-06-2025,11-07-2025,11-08-2025,2,5.0,1760.46,Late
4693,575,95,Rep_14,17-07-2025,17-07-2025,16-08-2025,08-11-2025,8,0.0,7966.72,Late
4694,496,16,Rep_12,09-09-2025,11-09-2025,11-10-2025,13-10-2025,10,10.0,11961.99,Paid
4695,753,59,Rep_19,29-12-2024,30-12-2024,29-01-2025,,7,0.0,20754.65,Pending
4696,999,89,Rep_15,02-06-2024,03-06-2024,03-07-2024,07-07-2024,9,5.0,16100.76,Paid
4697,728,52,Rep_22,14-03-2024,15-03-2024,14-04-2024,02-07-2024,1,20.0,5853.78,Late
4698,630,22,Rep_17,27-09-2025,27-09-2025,27-10-2025,30-10-2025,8,20.0,5391.04,Paid
4699,907,6,Rep_27,09-03-2025,11-03-2025,10-04-2025,08-04-2025,4,10.0,35213.33,Paid
4700,780,95,Rep_21,13-03-2024,13-03-2024,12-04-2024,12-04-2024,8,5.0,7568.38,Paid
4701,240,68,Rep_2,02-10-2025,03-10-2025,02-11-2025,05-11-2025,2,5.0,18208.35,Paid
4702,151,26,Rep_18,16-02-2024,16-02-2024,17-03-2024,26-03-2024,9,5.0,73676.55,Paid
4703,368,9,Rep_16,18-04-2024,20-04-2024,20-05-2024,21-05-2024,10,20.0,1660.96,Paid
4704,250,70,Rep_18,08-11-2025,09-11-2025,09-12-2025,14-12-2025,9,15.0,65478.42,Paid
4705,252,51,Rep_25,08-01-2024,10-01-2024,09-02-2024,11-02-2024,3,5.0,27701.86,Paid
4706,418,43,Rep_7,16-04-2024,17-04-2024,17-05-2024,19-05-2024,9,15.0,1591.81,Paid
4707,413,20,Rep_23,24-01-2024,25-01-2024,24-02-2024,26-02-2024,9,10.0,16524.08,Paid
4708,52,23,Rep_30,27-08-2025,29-08-2025,28-09-2025,29-09-2025,1,0.0,2920.27,Paid
4709,600,16,Rep_8,23-10-2024,23-10-2024,22-11-2024,28-11-2024,2,0.0,2658.22,Paid
4710,22,81,Rep_10,11-12-2024,11-12-2024,10-01-2025,,5,20.0,5068.12,BadDebt
4711,868,22,Rep_17,27-03-2025,27-03-2025,26-04-2025,03-07-2025,3,20.0,2021.64,Late
4712,975,84,Rep_14,27-09-2024,27-09-2024,27-10-2024,23-12-2024,2,15.0,1592.61,Late
4713,280,8,Rep_17,16-06-2025,18-06-2025,18-07-2025,21-07-2025,2,15.0,14004.8,Paid
4714,502,2,Rep_30,23-11-2024,24-11-2024,24-12-2024,11-02-2025,2,0.0,16878.94,Late
4715,425,94,Rep_26,08-12-2024,10-12-2024,09-01-2025,18-01-2025,6,5.0,15827.76,Paid
4716,540,45,Rep_26,26-03-2024,27-03-2024,26-04-2024,01-05-2024,9,0.0,36294.75,Paid
4717,732,56,Rep_20,24-02-2025,26-02-2025,28-03-2025,02-04-2025,2,5.0,4777.68,Paid
4718,924,13,Rep_30,01-03-2024,01-03-2024,31-03-2024,11-06-2024,2,10.0,12098.45,Late
4719,883,44,Rep_27,02-12-2025,02-12-2025,01-01-2026,08-03-2026,6,20.0,23547.36,Late
4720,97,37,Rep_19,28-01-2025,28-01-2025,27-02-2025,09-03-2025,6,5.0,38597.61,Paid
4721,522,21,Rep_5,06-06-2025,08-06-2025,08-07-2025,18-07-2025,5,0.0,23357.4,Paid
4722,345,55,Rep_13,21-08-2024,21-08-2024,20-09-2024,24-09-2024,7,0.0,40048.82,Paid
4723,185,60,Rep_18,25-06-2025,27-06-2025,27-07-2025,29-07-2025,8,20.0,29692.42,Paid
4724,631,26,Rep_1,28-06-2025,28-06-2025,28-07-2025,05-08-2025,8,0.0,68937.12,Paid
4725,782,95,Rep_6,18-09-2024,19-09-2024,19-10-2024,17-10-2024,9,0.0,8962.56,Paid
4726,221,15,Rep_10,22-12-2025,22-12-2025,21-01-2026,27-01-2026,3,10.0,16676.33,Paid
4727,22,36,Rep_11,29-10-2024,30-10-2024,29-11-2024,04-12-2024,9,20.0,6435.29,Paid
4728,227,39,Rep_24,16-08-2025,16-08-2025,15-09-2025,14-12-2025,2,20.0,11651.06,Late
4729,232,32,Rep_3,10-10-2024,11-10-2024,10-11-2024,12-11-2024,2,20.0,4452.85,Paid
4730,45,28,Rep_23,27-01-2024,28-01-2024,27-02-2024,22-05-2024,7,0.0,28172.41,Late
4731,398,88,Rep_5,15-02-2025,17-02-2025,19-03-2025,12-06-2025,7,10.0,39338.46,Late
4732,998,4,Rep_18,05-09-2025,07-09-2025,07-10-2025,13-10-2025,5,20.0,11744.16,Paid
4733,403,78,Rep_5,23-05-2024,23-05-2024,22-06-2024,08-08-2024,5,0.0,33496.25,Late
4734,317,64,Rep_13,17-04-2025,17-04-2025,17-05-2025,18-05-2025,10,15.0,34796.45,Paid
4735,725,75,Rep_16,17-03-2024,18-03-2024,17-04-2024,25-04-2024,5,20.0,30241.88,Paid
4736,162,25,Rep_17,10-03-2024,12-03-2024,11-04-2024,16-04-2024,1,15.0,384.87,Paid
4737,249,57,Rep_17,17-05-2024,17-05-2024,16-06-2024,26-06-2024,6,20.0,3504.0,Paid
4738,745,93,Rep_3,01-11-2025,01-11-2025,01-12-2025,20-01-2026,8,0.0,14491.76,Late
4739,824,21,Rep_11,02-03-2025,03-03-2025,02-04-2025,05-04-2025,7,10.0,29430.32,Paid
4740,430,59,Rep_30,07-04-2024,08-04-2024,08-05-2024,18-05-2024,2,0.0,5929.9,Paid
4741,108,67,Rep_19,06-12-2025,08-12-2025,07-01-2026,10-01-2026,9,20.0,25382.16,Paid
4742,647,76,Rep_3,09-07-2024,10-07-2024,09-08-2024,18-08-2024,6,5.0,57224.24,Paid
4743,729,92,Rep_17,31-08-2024,31-08-2024,30-09-2024,07-10-2024,9,10.0,35163.4,Paid
4744,517,56,Rep_5,19-11-2025,21-11-2025,21-12-2025,27-12-2025,4,0.0,10058.28,Paid
4745,618,86,Rep_8,22-05-2025,24-05-2025,23-06-2025,23-06-2025,2,0.0,9765.38,Paid
4746,558,73,Rep_27,10-08-2024,10-08-2024,09-09-2024,11-09-2024,1,0.0,3617.04,Paid
4747,353,71,Rep_2,12-11-2024,14-11-2024,14-12-2024,,10,0.0,4673.7,Pending
4748,444,43,Rep_27,01-01-2024,01-01-2024,31-01-2024,30-03-2024,9,15.0,1591.81,Late
4749,48,79,Rep_7,28-11-2024,30-11-2024,30-12-2024,07-01-2025,8,20.0,10354.3,Paid
4750,880,9,Rep_9,01-09-2025,03-09-2025,03-10-2025,,9,5.0,1775.15,Pending
4751,554,25,Rep_15,24-01-2025,24-01-2025,23-02-2025,27-02-2025,2,15.0,769.74,Paid
4752,487,9,Rep_26,11-04-2025,13-04-2025,13-05-2025,13-05-2025,10,15.0,1764.77,Paid
4753,394,80,Rep_18,11-04-2024,12-04-2024,12-05-2024,,9,20.0,27016.2,Pending
4754,688,82,Rep_16,28-09-2024,28-09-2024,28-10-2024,30-10-2024,6,5.0,22595.6,Paid
4755,40,69,Rep_10,28-04-2025,29-04-2025,29-05-2025,,1,10.0,7547.67,Pending
4756,548,11,Rep_19,10-07-2025,12-07-2025,11-08-2025,,9,20.0,14526.94,Pending
4757,885,4,Rep_2,13-04-2024,13-04-2024,13-05-2024,,2,20.0,4697.66,Pending
4758,286,92,Rep_20,23-03-2024,24-03-2024,23-04-2024,,1,0.0,4341.16,Pending
4759,809,69,Rep_10,13-11-2024,13-11-2024,13-12-2024,22-12-2024,3,20.0,20127.12,Paid
4760,400,23,Rep_6,15-11-2024,16-11-2024,16-12-2024,24-12-2024,4,10.0,10512.97,Paid
4761,680,21,Rep_25,08-05-2025,08-05-2025,07-06-2025,13-06-2025,10,0.0,46714.8,Paid
4762,407,84,Rep_20,27-05-2025,28-05-2025,27-06-2025,12-08-2025,3,0.0,2810.49,Late
4763,982,77,Rep_16,31-01-2025,02-02-2025,04-03-2025,09-03-2025,8,5.0,7041.86,Paid
4764,4,74,Rep_27,27-09-2025,27-09-2025,27-10-2025,05-11-2025,10,20.0,70061.84,Paid
4765,286,51,Rep_25,01-04-2025,02-04-2025,02-05-2025,30-04-2025,10,20.0,77759.6,Paid
4766,732,45,Rep_2,17-02-2025,19-02-2025,21-03-2025,,6,15.0,20567.02,Pending
4767,744,81,Rep_1,01-09-2025,01-09-2025,01-10-2025,29-09-2025,6,15.0,6461.85,Paid
4768,784,33,Rep_12,31-10-2024,01-11-2024,01-12-2024,05-12-2024,7,5.0,9819.86,Paid
4769,918,21,Rep_11,23-05-2025,24-05-2025,23-06-2025,03-07-2025,3,0.0,14014.44,Paid
4770,184,72,Rep_8,05-08-2024,07-08-2024,06-09-2024,27-10-2024,4,15.0,18369.89,Late
4771,726,51,Rep_7,20-12-2025,22-12-2025,21-01-2026,29-01-2026,8,5.0,73871.62,Paid
4772,750,36,Rep_16,15-06-2025,17-06-2025,17-07-2025,27-07-2025,3,5.0,2547.3,Paid
4773,431,63,Rep_27,02-05-2025,04-05-2025,03-06-2025,,7,15.0,9938.46,Pending
4774,120,98,Rep_24,27-10-2024,29-10-2024,28-11-2024,02-12-2024,9,20.0,8539.2,Paid
4775,499,57,Rep_22,02-01-2025,03-01-2025,02-02-2025,,5,15.0,3102.5,Pending
4776,563,48,Rep_19,07-02-2025,08-02-2025,10-03-2025,20-03-2025,10,5.0,48012.62,Paid
4777,396,69,Rep_5,28-11-2025,28-11-2025,28-12-2025,08-03-2026,9,10.0,67929.03,Late
4778,534,63,Rep_9,31-07-2024,01-08-2024,31-08-2024,06-09-2024,8,15.0,11358.24,Paid
4779,70,36,Rep_14,18-10-2024,20-10-2024,19-11-2024,,8,15.0,6077.77,Pending
4780,599,58,Rep_28,05-11-2025,07-11-2025,07-12-2025,05-12-2025,4,0.0,10758.96,Paid
4781,978,23,Rep_17,24-05-2025,25-05-2025,24-06-2025,,7,0.0,20441.89,Pending
4782,686,49,Rep_1,24-03-2025,26-03-2025,25-04-2025,13-06-2025,3,0.0,22750.86,Late
4783,862,42,Rep_13,26-04-2025,28-04-2025,28-05-2025,,7,5.0,69605.28,Pending
4784,791,53,Rep_5,04-12-2024,04-12-2024,03-01-2025,07-01-2025,6,0.0,26504.88,Paid
4785,914,10,Rep_18,23-11-2025,23-11-2025,23-12-2025,31-01-2026,10,20.0,40715.04,Late
4786,750,56,Rep_26,07-11-2025,09-11-2025,09-12-2025,19-12-2025,2,10.0,4526.23,Paid
4787,808,14,Rep_15,21-05-2025,21-05-2025,20-06-2025,06-09-2025,6,20.0,14406.34,Late
4788,919,89,Rep_5,08-12-2024,09-12-2024,08-01-2025,08-01-2025,3,15.0,4801.98,Paid
4789,396,48,Rep_26,08-12-2024,08-12-2024,07-01-2025,16-01-2025,10,10.0,45485.64,Paid
4790,201,41,Rep_15,27-04-2024,28-04-2024,28-05-2024,28-05-2024,1,5.0,3381.12,Paid
4791,85,28,Rep_2,30-10-2025,30-10-2025,29-11-2025,27-11-2025,3,0.0,12073.89,Paid
4792,784,69,Rep_16,17-09-2024,18-09-2024,18-10-2024,,6,10.0,45286.02,BadDebt
4793,704,83,Rep_22,09-08-2024,09-08-2024,08-09-2024,09-09-2024,10,0.0,22374.6,Paid
4794,68,71,Rep_19,11-10-2025,11-10-2025,10-11-2025,17-11-2025,5,20.0,1869.48,Paid
4795,11,68,Rep_26,05-10-2024,06-10-2024,05-11-2024,15-11-2024,8,5.0,72833.38,Paid
4796,324,66,Rep_5,06-10-2024,07-10-2024,06-11-2024,11-11-2024,2,5.0,21023.4,Paid
4797,307,51,Rep_13,16-09-2025,18-09-2025,18-10-2025,25-10-2025,9,20.0,69983.64,Paid
4798,833,4,Rep_14,10-08-2025,11-08-2025,10-09-2025,11-09-2025,1,15.0,2495.63,Paid
4799,738,43,Rep_9,29-05-2025,31-05-2025,30-06-2025,,10,20.0,1664.64,Pending
4800,308,50,Rep_6,05-09-2024,05-09-2024,05-10-2024,11-10-2024,5,5.0,7724.83,Paid
4801,600,32,Rep_2,02-12-2025,04-12-2025,03-01-2026,12-03-2026,9,0.0,25047.27,Late
4802,770,10,Rep_17,15-12-2024,17-12-2024,16-01-2025,16-01-2025,9,10.0,41223.98,Paid
4803,333,38,Rep_25,20-04-2024,22-04-2024,22-05-2024,25-05-2024,3,5.0,10993.48,Paid
4804,928,58,Rep_24,25-05-2025,26-05-2025,25-06-2025,02-07-2025,1,0.0,2689.74,Paid
4805,488,31,Rep_9,20-10-2024,21-10-2024,20-11-2024,22-11-2024,4,5.0,17669.96,Paid
4806,318,55,Rep_8,05-10-2024,07-10-2024,06-11-2024,16-11-2024,1,5.0,5435.2,Paid
4807,680,46,Rep_18,20-09-2024,20-09-2024,20-10-2024,24-10-2024,8,5.0,6337.87,Paid
4808,179,10,Rep_5,27-09-2025,28-09-2025,28-10-2025,,5,10.0,22902.21,Pending
4809,96,18,Rep_17,27-11-2025,29-11-2025,29-12-2025,,3,10.0,5907.76,Pending
4810,201,95,Rep_5,23-09-2025,23-09-2025,23-10-2025,21-10-2025,8,20.0,6373.38,Paid
4811,787,43,Rep_23,23-04-2025,23-04-2025,23-05-2025,28-05-2025,1,15.0,176.87,Paid
4812,996,93,Rep_16,29-10-2025,31-10-2025,30-11-2025,02-12-2025,5,10.0,8151.62,Paid
4813,617,57,Rep_7,12-03-2024,12-03-2024,11-04-2024,10-04-2024,6,15.0,3723.0,Paid
4814,43,17,Rep_19,01-11-2024,01-11-2024,01-12-2024,03-12-2024,6,20.0,37115.71,Paid
4815,990,55,Rep_12,25-06-2025,26-06-2025,26-07-2025,27-07-2025,2,0.0,11442.52,Paid
4816,354,65,Rep_6,30-12-2025,31-12-2025,30-01-2026,31-01-2026,3,15.0,8102.8,Paid
4817,73,78,Rep_15,07-06-2024,08-06-2024,08-07-2024,07-07-2024,1,5.0,6364.29,Paid
4818,952,67,Rep_21,14-07-2025,14-07-2025,13-08-2025,17-08-2025,7,10.0,22209.39,Paid
4819,321,75,Rep_27,28-12-2025,30-12-2025,29-01-2026,07-02-2026,2,20.0,12096.75,Paid
4820,764,85,Rep_6,29-12-2025,29-12-2025,28-01-2026,28-01-2026,4,20.0,7543.55,Paid
4821,80,16,Rep_6,04-06-2025,05-06-2025,05-07-2025,03-07-2025,1,0.0,1329.11,Paid
4822,57,46,Rep_12,29-08-2024,29-08-2024,28-09-2024,31-10-2024,9,20.0,6004.3,Late
4823,785,7,Rep_4,25-06-2025,27-06-2025,27-07-2025,29-07-2025,7,15.0,4177.08,Paid
4824,16,12,Rep_29,19-10-2024,20-10-2024,19-11-2024,,3,10.0,27621.62,Pending
4825,739,13,Rep_13,04-05-2024,05-05-2024,04-06-2024,02-06-2024,7,15.0,39992.09,Paid
4826,645,94,Rep_7,29-05-2025,30-05-2025,29-06-2025,03-07-2025,1,5.0,2637.96,Paid
4827,21,31,Rep_7,22-12-2024,22-12-2024,21-01-2025,23-01-2025,6,0.0,27899.94,Paid
4828,475,8,Rep_9,08-12-2025,10-12-2025,09-01-2026,09-01-2026,5,0.0,41190.6,Paid
4829,651,96,Rep_13,17-11-2024,18-11-2024,18-12-2024,,7,20.0,44672.43,Pending
4830,955,85,,29-12-2025,30-12-2025,29-01-2026,28-01-2026,5,5.0,11197.46,Paid
4831,926,2,Rep_16,15-12-2025,15-12-2025,14-01-2026,19-01-2026,5,5.0,40087.48,Paid
4832,18,98,Rep_24,01-05-2025,01-05-2025,31-05-2025,31-05-2025,4,5.0,4506.8,Paid
4833,702,70,Rep_9,07-12-2025,07-12-2025,06-01-2026,10-01-2026,3,5.0,24393.92,Paid
4834,119,44,Rep_27,09-10-2024,09-10-2024,08-11-2024,12-11-2024,6,15.0,25019.07,Paid
4835,44,90,Rep_13,29-10-2025,29-10-2025,28-11-2025,01-12-2025,10,0.0,56530.9,Paid
4836,750,35,Rep_19,26-05-2025,28-05-2025,27-06-2025,05-09-2025,4,5.0,22775.11,Late
4837,58,17,Rep_12,08-02-2025,10-02-2025,12-03-2025,16-03-2025,4,0.0,30929.76,Paid
4838,693,68,Rep_4,18-02-2024,20-02-2024,21-03-2024,26-03-2024,6,15.0,48875.03,Paid
4839,218,15,Rep_24,05-06-2025,05-06-2025,05-07-2025,09-09-2025,3,5.0,17602.8,Late
4840,282,33,Rep_21,01-02-2025,03-02-2025,05-03-2025,,6,0.0,8860.02,Pending
4841,251,65,Rep_6,10-01-2025,12-01-2025,11-02-2025,,5,0.0,15887.85,BadDebt
4842,165,52,Rep_28,13-10-2024,14-10-2024,13-11-2024,12-11-2024,8,15.0,49757.1,Paid
4843,39,9,Rep_27,18-02-2024,19-02-2024,20-03-2024,24-03-2024,1,10.0,186.86,Paid
4844,85,24,Rep_6,29-04-2025,01-05-2025,31-05-2025,08-06-2025,1,20.0,2897.78,Paid
4845,493,60,Rep_1,17-11-2024,18-11-2024,18-12-2024,18-03-2025,10,20.0,37115.52,Late
4846,518,56,Rep_24,23-09-2025,24-09-2025,24-10-2025,27-10-2025,7,15.0,14961.69,Paid
4847,192,71,Rep_10,14-08-2025,14-08-2025,13-09-2025,,1,15.0,397.26,Pending
4848,576,31,Rep_9,23-01-2024,25-01-2024,24-02-2024,25-02-2024,4,15.0,15809.97,Paid
4849,968,18,Rep_16,28-05-2025,30-05-2025,29-06-2025,06-07-2025,2,20.0,3500.9,Paid
4850,405,70,Rep_22,18-03-2025,18-03-2025,17-04-2025,20-04-2025,5,20.0,34237.08,Paid
4851,177,4,Rep_17,02-03-2025,04-03-2025,03-04-2025,,10,5.0,27892.38,Pending
4852,56,2,Rep_8,21-07-2024,22-07-2024,21-08-2024,29-08-2024,9,15.0,64561.95,Paid
4853,297,79,Rep_8,09-04-2024,11-04-2024,11-05-2024,,1,20.0,1294.29,Pending
4854,571,70,Rep_28,02-09-2024,02-09-2024,02-10-2024,,3,15.0,21826.14,Pending
4855,930,57,Rep_17,02-06-2025,02-06-2025,02-07-2025,07-07-2025,10,5.0,6935.0,Paid
4856,571,12,Rep_10,30-01-2025,01-02-2025,03-03-2025,08-03-2025,8,0.0,81841.84,Paid
4857,55,63,Rep_21,12-08-2024,13-08-2024,12-09-2024,14-09-2024,6,15.0,8518.68,Paid
4858,515,35,Rep_3,16-10-2025,18-10-2025,17-11-2025,27-11-2025,1,0.0,5993.45,Paid
4859,61,88,Rep_1,15-10-2025,15-10-2025,14-11-2025,01-01-2026,9,20.0,44958.24,Late
4860,745,32,Rep_16,19-10-2025,21-10-2025,20-11-2025,23-11-2025,9,0.0,25047.27,Paid
4861,273,37,Rep_24,12-09-2024,14-09-2024,14-10-2024,18-10-2024,5,10.0,30471.8,Paid
4862,904,40,Rep_13,12-03-2025,14-03-2025,13-04-2025,12-04-2025,6,20.0,26455.97,Paid
4863,636,98,Rep_24,29-03-2025,30-03-2025,29-04-2025,27-04-2025,10,0.0,11860.0,Paid
4864,122,78,Rep_17,08-07-2024,10-07-2024,09-08-2024,19-08-2024,1,20.0,5359.4,Paid
4865,864,96,Rep_3,19-01-2025,20-01-2025,19-02-2025,26-02-2025,8,20.0,51054.21,Paid
4866,413,53,Rep_15,30-11-2025,02-12-2025,01-01-2026,05-01-2026,10,20.0,35339.84,Paid
4867,691,4,Rep_26,22-11-2025,24-11-2025,24-12-2025,20-02-2026,7,10.0,18497.05,Late
4868,552,94,Rep_16,10-03-2025,11-03-2025,10-04-2025,08-06-2025,8,10.0,19992.96,Late
4869,682,81,Rep_7,03-06-2025,03-06-2025,03-07-2025,08-07-2025,6,0.0,7602.18,Paid
4870,255,100,Rep_10,01-05-2025,01-05-2025,31-05-2025,15-07-2025,10,5.0,31811.8,Late
4871,949,86,Rep_8,28-06-2024,29-06-2024,29-07-2024,04-08-2024,7,10.0,30760.95,Paid
4872,558,48,Rep_29,24-09-2024,25-09-2024,25-10-2024,03-11-2024,6,5.0,28807.57,Paid
4873,139,9,Rep_17,11-09-2024,11-09-2024,11-10-2024,14-10-2024,9,15.0,1588.29,Paid
4874,16,22,Rep_7,23-11-2025,23-11-2025,23-12-2025,26-12-2025,6,15.0,4295.99,Paid
4875,536,69,Rep_22,08-08-2024,09-08-2024,08-09-2024,11-10-2024,8,20.0,53672.32,Late
4876,744,2,Rep_10,03-03-2025,03-03-2025,02-04-2025,10-04-2025,2,10.0,15191.05,Paid
4877,81,73,Rep_10,18-05-2025,19-05-2025,18-06-2025,,8,0.0,28936.32,Pending
4878,407,63,Rep_27,07-05-2024,07-05-2024,06-06-2024,24-08-2024,3,10.0,4509.89,Late
4879,246,33,Rep_30,25-07-2024,26-07-2024,25-08-2024,04-09-2024,1,20.0,1181.34,Paid
4880,713,100,Rep_13,11-12-2025,12-12-2025,11-01-2026,,3,10.0,9041.25,Pending
4881,681,64,Rep_28,28-02-2024,28-02-2024,29-03-2024,,4,5.0,15556.06,Pending
4882,460,8,,05-03-2024,07-03-2024,06-04-2024,,2,20.0,13180.99,Pending
4883,805,43,Rep_28,16-09-2025,18-09-2025,18-10-2025,28-11-2025,1,15.0,176.87,Late
4884,957,86,Rep_2,23-01-2024,23-01-2024,22-02-2024,23-02-2024,2,20.0,7812.3,Paid
4885,320,50,Rep_9,21-04-2024,23-04-2024,23-05-2024,24-05-2024,5,0.0,8131.4,Paid
4886,286,53,Rep_11,19-12-2024,20-12-2024,19-01-2025,18-01-2025,3,5.0,12589.82,Paid
4887,77,54,Rep_7,04-11-2024,06-11-2024,06-12-2024,09-12-2024,7,15.0,39675.55,Paid
4888,239,66,Rep_10,25-02-2025,27-02-2025,29-03-2025,02-04-2025,6,0.0,66389.7,Paid
4889,334,23,Rep_9,20-11-2024,22-11-2024,22-12-2024,29-12-2024,2,15.0,4964.46,Paid
4890,827,51,Rep_27,28-10-2025,29-10-2025,28-11-2025,08-12-2025,8,15.0,66095.66,Paid
4891,272,9,Rep_3,12-11-2024,13-11-2024,13-12-2024,15-12-2024,9,15.0,1588.29,Paid
4892,324,28,Rep_3,20-12-2024,20-12-2024,19-01-2025,27-01-2025,5,5.0,19116.99,Paid
4893,284,6,Rep_29,22-01-2025,22-01-2025,21-02-2025,28-02-2025,5,15.0,41571.29,Paid
4894,940,59,Rep_29,28-03-2024,28-03-2024,27-04-2024,04-05-2024,10,0.0,29649.5,Paid
4895,771,31,Rep_6,12-06-2025,13-06-2025,13-07-2025,27-09-2025,1,20.0,3719.99,Late
4896,372,7,Rep_27,12-09-2025,12-09-2025,12-10-2025,,4,5.0,2667.71,BadDebt
4897,401,17,Rep_24,21-11-2024,23-11-2024,23-12-2024,,3,20.0,18557.86,BadDebt
4898,114,89,Rep_30,14-09-2025,14-09-2025,14-10-2025,20-12-2025,2,5.0,3577.95,Late
4899,3,4,Rep_30,13-03-2025,13-03-2025,12-04-2025,,9,0.0,26424.36,Pending
4900,638,22,Rep_4,01-10-2024,02-10-2024,01-11-2024,06-11-2024,10,0.0,8423.5,Paid
4901,587,56,Rep_30,09-01-2024,10-01-2024,09-02-2024,08-02-2024,2,15.0,4274.77,Paid
4902,243,30,Rep_12,21-12-2025,22-12-2025,21-01-2026,22-01-2026,4,10.0,7152.01,Paid
4903,443,22,Rep_21,29-12-2025,31-12-2025,30-01-2026,,3,10.0,2274.35,Pending
4904,280,92,Rep_27,09-12-2025,09-12-2025,08-01-2026,07-01-2026,5,15.0,18449.93,Paid
4905,170,69,Rep_18,13-11-2025,15-11-2025,15-12-2025,14-12-2025,9,5.0,71702.86,Paid
4906,940,13,Rep_28,13-02-2025,13-02-2025,15-03-2025,22-03-2025,8,0.0,53770.88,Paid
4907,660,90,Rep_5,06-11-2025,08-11-2025,08-12-2025,09-12-2025,3,5.0,16111.31,Paid
4908,877,56,Rep_3,23-07-2024,24-07-2024,23-08-2024,,9,5.0,21499.57,BadDebt
4909,258,14,Rep_12,27-10-2024,28-10-2024,27-11-2024,,9,15.0,22960.1,BadDebt
4910,285,34,,21-04-2025,22-04-2025,22-05-2025,27-05-2025,7,10.0,25114.82,Paid
4911,470,76,Rep_19,02-11-2024,04-11-2024,04-12-2024,28-01-2025,6,5.0,57224.24,Late
4912,132,35,Rep_19,02-11-2024,03-11-2024,03-12-2024,13-12-2024,4,10.0,21576.42,Paid
4913,942,1,Rep_23,17-07-2025,19-07-2025,18-08-2025,23-08-2025,8,10.0,39036.38,Paid
4914,124,96,Rep_1,25-11-2024,27-11-2024,27-12-2024,31-12-2024,7,5.0,53048.51,Paid
4915,440,23,Rep_28,10-07-2024,10-07-2024,09-08-2024,17-08-2024,8,15.0,19857.84,Paid
4916,949,61,Rep_30,17-06-2024,18-06-2024,18-07-2024,25-07-2024,3,15.0,1901.46,Paid
4917,775,88,Rep_28,25-11-2025,25-11-2025,25-12-2025,04-01-2026,7,20.0,34967.52,Paid
4918,876,7,Rep_6,04-06-2025,04-06-2025,04-07-2025,09-07-2025,9,0.0,6318.27,Paid
4919,37,75,Rep_7,12-05-2024,13-05-2024,12-06-2024,11-06-2024,1,20.0,6048.38,Paid
4920,696,34,Rep_19,17-05-2025,19-05-2025,18-06-2025,16-06-2025,3,15.0,10165.52,Paid
4921,323,12,Rep_30,24-01-2024,24-01-2024,23-02-2024,22-05-2024,3,5.0,29156.16,Late
4922,865,47,Rep_26,19-04-2025,21-04-2025,21-05-2025,,10,20.0,21532.96,BadDebt
4923,829,95,Rep_27,14-11-2025,15-11-2025,15-12-2025,,3,15.0,2539.39,Pending
4924,51,71,Rep_18,05-01-2024,07-01-2024,06-02-2024,14-02-2024,1,0.0,467.37,Paid
4925,109,45,Rep_29,20-02-2024,21-02-2024,22-03-2024,22-03-2024,5,15.0,17139.19,Paid
4926,816,75,Rep_12,13-01-2025,15-01-2025,14-02-2025,22-02-2025,1,20.0,6048.38,Paid
4927,192,18,Rep_10,23-10-2025,25-10-2025,24-11-2025,28-11-2025,1,0.0,2188.06,Paid
4928,941,15,Rep_30,15-04-2024,16-04-2024,16-05-2024,23-05-2024,1,5.0,5867.6,Paid
4929,501,32,Rep_19,27-04-2025,27-04-2025,27-05-2025,03-06-2025,1,0.0,2783.03,Paid
4930,286,67,Rep_22,07-12-2025,07-12-2025,06-01-2026,07-01-2026,3,20.0,8460.72,Paid
4931,503,10,Rep_30,09-12-2024,10-12-2024,09-01-2025,,3,20.0,12214.51,BadDebt
4932,778,42,Rep_3,11-05-2025,11-05-2025,10-06-2025,30-07-2025,8,15.0,71175.33,Late
4933,86,95,Rep_27,21-10-2025,23-10-2025,22-11-2025,26-12-2025,4,10.0,3585.02,Late
4934,358,80,Rep_11,01-06-2024,01-06-2024,01-07-2024,06-07-2024,3,5.0,10693.91,Paid
4935,89,48,Rep_30,24-11-2024,26-11-2024,26-12-2024,,9,15.0,38662.79,Pending
4936,675,84,Rep_10,05-10-2024,07-10-2024,06-11-2024,11-11-2024,1,15.0,796.31,Paid
4937,924,15,Rep_29,25-04-2024,27-04-2024,27-05-2024,02-06-2024,10,10.0,55587.78,Paid
4938,152,93,Rep_13,28-12-2025,29-12-2025,28-01-2026,04-02-2026,6,0.0,10868.82,Paid
4939,434,40,Rep_25,15-07-2025,15-07-2025,14-08-2025,13-08-2025,4,15.0,18739.64,Paid
4940,717,12,Rep_6,03-08-2025,05-08-2025,04-09-2025,03-09-2025,2,0.0,20460.46,Paid
4941,858,35,Rep_17,28-08-2024,28-08-2024,27-09-2024,07-10-2024,5,20.0,23973.8,Paid
4942,673,65,Rep_20,03-05-2024,05-05-2024,04-06-2024,10-06-2024,6,10.0,17158.88,Paid
4943,292,31,Rep_23,14-02-2025,16-02-2025,18-03-2025,28-03-2025,1,5.0,4417.49,Paid
4944,979,77,Rep_2,28-07-2024,28-07-2024,27-08-2024,,5,20.0,3706.24,BadDebt
4945,72,5,Rep_23,06-01-2024,07-01-2024,06-02-2024,10-02-2024,10,20.0,8192.32,Paid
4946,957,25,Rep_25,28-03-2024,29-03-2024,28-04-2024,08-05-2024,3,15.0,1154.61,Paid
4947,717,31,Rep_14,25-12-2025,25-12-2025,24-01-2026,22-01-2026,6,20.0,22319.95,Paid
4948,529,15,Rep_12,02-03-2024,03-03-2024,02-04-2024,31-03-2024,10,0.0,61764.2,Paid
4949,824,42,Rep_16,11-09-2025,11-09-2025,11-10-2025,12-11-2025,9,15.0,80072.24,Late
4950,279,46,Rep_28,08-12-2025,09-12-2025,08-01-2026,20-02-2026,10,5.0,7922.33,Late
4951,446,50,Rep_4,06-12-2024,07-12-2024,06-01-2025,,4,10.0,5854.61,Pending
4952,788,53,Rep_23,13-06-2025,15-06-2025,15-07-2025,14-07-2025,1,15.0,3754.86,Paid
4953,245,23,Rep_17,01-03-2024,01-03-2024,31-03-2024,29-03-2024,4,0.0,11681.08,Paid
4954,757,55,Rep_18,11-05-2024,11-05-2024,10-06-2024,,3,10.0,15447.4,Pending
4955,663,95,Rep_12,28-09-2025,30-09-2025,30-10-2025,08-11-2025,8,15.0,6771.71,Paid
4956,559,4,Rep_14,05-04-2025,07-04-2025,07-05-2025,,5,5.0,13946.19,Pending
4957,816,3,Rep_11,03-03-2024,04-03-2024,03-04-2024,,3,10.0,22371.61,Pending
4958,189,44,Rep_26,19-09-2024,20-09-2024,20-10-2024,,9,10.0,39736.17,Pending
4959,610,51,Rep_29,06-03-2024,07-03-2024,06-04-2024,13-04-2024,1,0.0,9719.95,Paid
4960,22,43,Rep_4,06-11-2024,08-11-2024,08-12-2024,15-12-2024,7,5.0,1383.73,Paid
4961,253,71,Rep_13,21-09-2025,22-09-2025,22-10-2025,12-01-2026,4,20.0,1495.58,Late
4962,412,63,Rep_8,31-12-2024,02-01-2025,01-02-2025,03-02-2025,5,5.0,7934.07,Paid
4963,785,42,Rep_5,07-05-2025,09-05-2025,08-06-2025,06-06-2025,7,10.0,65941.85,Paid
4964,776,8,Rep_20,29-04-2025,30-04-2025,30-05-2025,03-06-2025,4,10.0,29657.23,Paid
4965,524,7,Rep_7,15-04-2024,17-04-2024,17-05-2024,17-05-2024,8,0.0,5616.24,Paid
4966,622,83,Rep_15,22-08-2024,23-08-2024,22-09-2024,26-09-2024,1,0.0,2237.46,Paid
4967,427,44,Rep_21,09-12-2024,11-12-2024,10-01-2025,11-01-2025,3,15.0,12509.53,Paid
4968,961,18,Rep_28,08-04-2025,08-04-2025,08-05-2025,14-05-2025,3,5.0,6235.97,Paid
4969,643,8,Rep_28,22-02-2024,22-02-2024,23-03-2024,31-03-2024,4,0.0,32952.48,Paid
4970,483,94,Rep_25,12-11-2024,12-11-2024,12-12-2024,18-01-2025,9,10.0,22492.08,Late
4971,414,38,Rep_22,14-12-2025,16-12-2025,15-01-2026,19-01-2026,3,20.0,9257.66,Paid
4972,522,34,Rep_27,09-07-2025,09-07-2025,08-08-2025,10-08-2025,10,5.0,37871.56,Paid
4973,957,76,Rep_21,28-02-2025,01-03-2025,31-03-2025,06-04-2025,8,0.0,80314.72,Paid
4974,736,7,Rep_4,31-07-2024,31-07-2024,30-08-2024,03-09-2024,9,20.0,5054.62,Paid
4975,891,11,Rep_4,18-12-2025,19-12-2025,18-01-2026,20-01-2026,2,5.0,3833.5,Paid
4976,196,89,Rep_10,18-07-2024,19-07-2024,18-08-2024,26-08-2024,2,15.0,3201.32,Paid
4977,715,91,Rep_7,16-12-2024,18-12-2024,17-01-2025,22-01-2025,7,15.0,52187.93,Paid
4978,854,14,Rep_23,14-04-2024,15-04-2024,15-05-2024,15-05-2024,1,5.0,2851.25,Paid
4979,709,35,Rep_28,05-05-2024,07-05-2024,06-06-2024,,8,10.0,43152.84,BadDebt
4980,739,23,Rep_15,01-08-2024,01-08-2024,31-08-2024,31-08-2024,3,10.0,7884.73,Paid
4981,395,40,Rep_6,21-08-2024,21-08-2024,20-09-2024,21-09-2024,6,0.0,33069.96,Paid
4982,68,9,Rep_1,20-11-2024,20-11-2024,20-12-2024,,10,5.0,1972.39,Pending
4983,997,79,Rep_5,28-11-2025,30-11-2025,30-12-2025,28-12-2025,7,15.0,9626.27,Paid
4984,975,92,Rep_2,16-12-2025,16-12-2025,15-01-2026,20-02-2026,8,5.0,32992.82,Late
4985,118,4,Rep_11,28-11-2025,29-11-2025,29-12-2025,27-12-2025,6,5.0,16735.43,Paid
4986,921,54,Rep_12,01-07-2025,02-07-2025,01-08-2025,06-09-2025,1,5.0,6334.75,Late
4987,703,82,Rep_1,04-07-2024,04-07-2024,03-08-2024,12-08-2024,9,5.0,33893.4,Paid
4988,809,28,Rep_14,04-07-2024,05-07-2024,04-08-2024,10-08-2024,9,0.0,36221.67,Paid
4989,743,91,Rep_12,22-03-2025,23-03-2025,22-04-2025,02-05-2025,7,10.0,55257.8,Paid
4990,978,22,Rep_25,21-07-2025,23-07-2025,22-08-2025,26-08-2025,4,0.0,3369.4,Paid
4991,701,31,Rep_17,22-09-2024,23-09-2024,23-10-2024,01-11-2024,2,0.0,9299.98,Paid
4992,826,60,Rep_21,11-07-2025,13-07-2025,12-08-2025,,9,5.0,39667.21,Pending
4993,696,35,Rep_12,11-10-2025,13-10-2025,12-11-2025,30-12-2025,8,10.0,43152.84,Late
4994,405,100,Rep_12,26-09-2025,28-09-2025,28-10-2025,31-10-2025,2,10.0,6027.5,Paid
4995,636,96,Rep_26,23-08-2025,23-08-2025,22-09-2025,26-09-2025,1,15.0,6780.64,Paid
4996,277,30,Rep_5,01-07-2025,01-07-2025,31-07-2025,10-08-2025,5,15.0,8443.35,Paid
4997,616,46,Rep_15,26-11-2024,27-11-2024,27-12-2024,04-01-2025,3,10.0,2251.61,Paid
4998,987,2,Rep_8,27-02-2025,28-02-2025,30-03-2025,07-04-2025,4,0.0,33757.88,Paid
4999,627,93,Rep_7,06-08-2024,07-08-2024,06-09-2024,10-09-2024,3,0.0,5434.41,Paid
5000,837,77,Rep_22,30-03-2024,01-04-2024,01-05-2024,08-07-2024,4,20.0,2964.99,Late
5001,86,66,Rep_21,03-08-2024,05-08-2024,04-09-2024,09-09-2024,4,20.0,35407.84,Paid
5002,348,2,Rep_5,06-01-2025,06-01-2025,05-02-2025,04-02-2025,6,0.0,50636.82,Paid
5003,515,43,Rep_29,08-02-2025,10-02-2025,12-03-2025,11-03-2025,8,15.0,1414.94,Paid
5004,318,30,Rep_27,01-06-2025,01-06-2025,01-07-2025,,5,10.0,8940.02,Pending
5005,86,91,Rep_13,01-10-2024,03-10-2024,02-11-2024,05-11-2024,4,0.0,35084.32,Paid
5006,250,70,Rep_5,24-09-2024,25-09-2024,25-10-2024,28-10-2024,1,0.0,8559.27,Paid
5007,632,88,Rep_5,17-06-2025,19-06-2025,19-07-2025,,5,20.0,24976.8,Pending
5008,983,46,Rep_19,13-09-2025,13-09-2025,13-10-2025,20-10-2025,9,20.0,6004.3,Paid
5009,670,24,Rep_30,04-06-2024,06-06-2024,06-07-2024,15-07-2024,5,0.0,18111.15,Paid
5010,450,6,Rep_13,27-11-2025,28-11-2025,28-12-2025,,4,20.0,31300.74,Pending
5011,460,38,Rep_11,02-03-2024,04-03-2024,03-04-2024,,1,20.0,3085.89,Pending
5012,301,75,Rep_5,05-11-2025,06-11-2025,06-12-2025,14-12-2025,10,10.0,68044.23,Paid
5013,373,43,Rep_9,12-07-2024,12-07-2024,11-08-2024,14-08-2024,4,10.0,749.09,Paid
5014,596,29,Rep_7,21-04-2025,21-04-2025,21-05-2025,29-05-2025,6,15.0,26889.55,Paid
5015,275,66,Rep_29,28-06-2024,28-06-2024,28-07-2024,04-08-2024,5,10.0,49792.28,Paid
5016,384,41,Rep_5,20-08-2024,20-08-2024,19-09-2024,29-09-2024,9,10.0,28828.47,Paid
5017,947,77,Rep_5,18-10-2024,19-10-2024,18-11-2024,24-11-2024,4,15.0,3150.3,Paid
5018,515,37,Rep_17,15-08-2025,17-08-2025,16-09-2025,23-09-2025,3,20.0,16251.62,Paid
5019,15,13,Rep_10,01-02-2024,02-02-2024,03-03-2024,06-03-2024,3,20.0,16131.26,Paid
5020,33,41,Rep_26,27-06-2024,29-06-2024,29-07-2024,02-08-2024,2,10.0,6406.33,Paid
5021,240,84,Rep_2,31-03-2025,31-03-2025,30-04-2025,30-04-2025,8,10.0,6745.18,Paid
5022,675,82,Rep_8,23-12-2024,23-12-2024,22-01-2025,29-01-2025,5,0.0,19820.7,Paid
5023,454,61,Rep_12,28-07-2025,30-07-2025,29-08-2025,02-10-2025,5,20.0,2982.68,Late
5024,26,95,Rep_2,02-01-2025,03-01-2025,02-02-2025,04-02-2025,9,15.0,7618.18,Paid
5025,787,40,Rep_19,26-05-2025,26-05-2025,25-06-2025,03-07-2025,9,20.0,39683.95,Paid
5026,868,10,Rep_4,27-11-2024,29-11-2024,29-12-2024,,10,20.0,40715.04,Pending
5027,205,59,Rep_1,09-10-2025,11-10-2025,10-11-2025,09-11-2025,7,20.0,16603.72,Paid
5028,490,52,Rep_21,07-12-2025,07-12-2025,06-01-2026,16-01-2026,10,20.0,58537.76,Paid
5029,313,14,Rep_15,17-11-2024,19-11-2024,19-12-2024,,10,5.0,28512.54,BadDebt
5030,390,63,Rep_24,12-04-2025,13-04-2025,13-05-2025,16-05-2025,4,15.0,5679.12,Paid
5031,986,57,Rep_13,23-07-2025,24-07-2025,23-08-2025,06-10-2025,8,0.0,5840.0,Late
5032,723,15,Rep_29,06-04-2024,07-04-2024,07-05-2024,30-06-2024,10,10.0,55587.78,Late
5033,441,67,Rep_24,20-05-2025,21-05-2025,20-06-2025,20-06-2025,6,15.0,17979.03,Paid
5034,333,12,Rep_4,11-01-2024,11-01-2024,10-02-2024,,1,5.0,9718.72,Pending
5035,586,86,Rep_21,10-03-2024,11-03-2024,10-04-2024,09-04-2024,2,5.0,9277.11,Paid
5036,313,60,Rep_19,21-09-2024,23-09-2024,23-10-2024,26-10-2024,8,20.0,29692.42,Paid
5037,281,17,Rep_23,12-07-2024,14-07-2024,13-08-2024,22-08-2024,2,5.0,14691.64,Paid
5038,269,100,Rep_21,04-05-2025,06-05-2025,05-06-2025,03-06-2025,8,0.0,26788.88,Paid
5039,460,35,Rep_22,16-07-2024,17-07-2024,16-08-2024,16-08-2024,6,10.0,32364.63,Paid
5040,971,23,Rep_20,30-01-2025,01-02-2025,03-03-2025,,6,10.0,15769.46,Pending
5041,944,1,Rep_24,10-05-2025,12-05-2025,11-06-2025,16-06-2025,3,5.0,15451.9,Paid
5042,664,57,Rep_9,27-01-2024,29-01-2024,28-02-2024,,4,5.0,2774.0,Pending
5043,597,57,Rep_11,03-01-2025,03-01-2025,02-02-2025,09-02-2025,1,5.0,693.5,Paid
5044,878,77,Rep_30,28-05-2025,28-05-2025,27-06-2025,,9,10.0,7505.14,Pending
5045,530,26,Rep_29,05-03-2025,07-03-2025,06-04-2025,10-04-2025,9,10.0,69798.83,Paid
5046,301,59,Rep_16,05-09-2025,05-09-2025,05-10-2025,10-10-2025,6,0.0,17789.7,Paid
5047,171,52,Rep_17,15-10-2025,15-10-2025,14-11-2025,11-01-2026,1,20.0,5853.78,Late
5048,981,88,Rep_21,17-01-2024,17-01-2024,16-02-2024,16-02-2024,10,15.0,53075.7,Paid
5049,812,71,Rep_5,22-05-2024,24-05-2024,23-06-2024,26-06-2024,6,5.0,2664.01,Paid
5050,175,16,Rep_11,10-05-2024,12-05-2024,11-06-2024,15-06-2024,10,0.0,13291.1,Paid
5051,839,28,Rep_10,27-06-2024,29-06-2024,29-07-2024,,4,5.0,15293.59,Pending
5052,275,10,Rep_19,05-02-2025,05-02-2025,07-03-2025,13-03-2025,9,0.0,45804.42,Paid
5053,278,70,Rep_17,16-11-2025,16-11-2025,16-12-2025,,3,5.0,24393.92,BadDebt
5054,309,55,Rep_4,08-02-2025,08-02-2025,10-03-2025,17-03-2025,8,0.0,45770.08,Paid
5055,410,26,Rep_9,30-05-2024,30-05-2024,29-06-2024,30-06-2024,8,10.0,62043.41,Paid
5056,366,39,Rep_30,20-09-2024,21-09-2024,21-10-2024,26-10-2024,1,0.0,7281.91,Paid
5057,698,82,Rep_20,25-09-2025,26-09-2025,26-10-2025,14-01-2026,5,5.0,18829.66,Late
5058,464,26,Rep_15,02-02-2024,02-02-2024,03-03-2024,09-03-2024,6,0.0,51702.84,Paid
5059,867,29,Rep_15,28-05-2024,30-05-2024,29-06-2024,27-06-2024,7,0.0,36907.22,Paid
5060,978,56,Rep_16,11-11-2025,12-11-2025,12-12-2025,15-12-2025,9,10.0,20368.02,Paid
5061,745,94,Rep_16,20-11-2024,21-11-2024,21-12-2024,04-02-2025,4,10.0,9996.48,Late
5062,604,5,Rep_20,07-07-2024,07-07-2024,06-08-2024,15-08-2024,10,10.0,9216.36,Paid
5063,696,59,Rep_24,23-01-2025,23-01-2025,22-02-2025,,3,15.0,7560.62,Pending
5064,45,60,Rep_9,12-09-2025,14-09-2025,14-10-2025,16-10-2025,9,0.0,41754.96,Paid
5065,773,59,Rep_16,01-12-2024,02-12-2024,01-01-2025,06-01-2025,4,15.0,10080.83,Paid
5066,710,3,Rep_28,06-03-2024,06-03-2024,05-04-2024,13-04-2024,6,10.0,44743.21,Paid
5067,254,48,Rep_20,24-04-2024,24-04-2024,24-05-2024,,8,10.0,36388.51,Pending
5068,810,66,Rep_17,31-07-2025,31-07-2025,30-08-2025,31-10-2025,2,15.0,18810.42,Late
5069,757,92,Rep_22,11-06-2025,11-06-2025,11-07-2025,21-07-2025,3,10.0,11721.13,Paid
5070,942,2,Rep_23,27-07-2025,27-07-2025,26-08-2025,25-08-2025,9,15.0,64561.95,Paid
5071,702,3,Rep_12,19-07-2024,21-07-2024,20-08-2024,18-08-2024,4,20.0,26514.5,Paid
5072,108,32,Rep_9,27-03-2025,29-03-2025,28-04-2025,28-04-2025,10,10.0,25047.27,Paid
5073,528,81,Rep_23,12-07-2025,12-07-2025,11-08-2025,15-10-2025,8,10.0,9122.62,Late
5074,598,18,Rep_23,07-05-2025,09-05-2025,08-06-2025,15-06-2025,3,20.0,5251.34,Paid
5075,865,70,Rep_9,09-02-2025,09-02-2025,11-03-2025,,2,0.0,17118.54,Pending
5076,851,59,Rep_13,29-07-2025,30-07-2025,29-08-2025,,1,5.0,2816.7,Pending
5077,936,74,Rep_28,20-09-2024,22-09-2024,22-10-2024,20-10-2024,8,15.0,59552.56,Paid
5078,263,35,Rep_9,07-10-2024,09-10-2024,08-11-2024,14-11-2024,6,0.0,35960.7,Paid
5079,451,100,Rep_24,28-06-2024,29-06-2024,29-07-2024,03-08-2024,4,0.0,13394.44,Paid
5080,507,18,Rep_16,11-12-2024,13-12-2024,12-01-2025,13-01-2025,1,5.0,2078.66,Paid
5081,947,24,Rep_27,11-05-2025,13-05-2025,12-06-2025,,6,5.0,20646.71,Pending
5082,499,100,Rep_13,13-11-2025,13-11-2025,13-12-2025,12-12-2025,5,5.0,15905.9,Paid
5083,885,30,Rep_15,09-07-2025,09-07-2025,08-08-2025,13-08-2025,6,20.0,9536.02,Paid
5084,670,74,Rep_30,05-06-2025,07-06-2025,07-07-2025,05-07-2025,6,5.0,49919.06,Paid
5085,654,57,Rep_18,20-10-2024,20-10-2024,19-11-2024,29-11-2024,9,5.0,6241.5,Paid
5086,801,81,Rep_19,01-09-2025,03-09-2025,03-10-2025,07-10-2025,5,15.0,5384.88,Paid
5087,510,62,Rep_18,16-07-2024,17-07-2024,16-08-2024,06-10-2024,4,20.0,22695.3,Late
5088,88,2,Rep_4,24-01-2024,24-01-2024,23-02-2024,03-03-2024,8,20.0,54012.61,Paid
5089,531,21,Rep_24,22-02-2025,22-02-2025,24-03-2025,26-03-2025,2,20.0,7474.37,Paid
5090,934,24,Rep_22,09-07-2024,10-07-2024,09-08-2024,15-08-2024,2,20.0,5795.57,Paid
5091,487,34,Rep_30,26-10-2025,27-10-2025,26-11-2025,,5,10.0,17939.16,Pending
5092,165,57,Rep_27,15-06-2025,16-06-2025,16-07-2025,08-10-2025,3,10.0,1971.0,Late
5093,703,59,Rep_25,18-03-2024,19-03-2024,18-04-2024,22-04-2024,7,20.0,16603.72,Paid
5094,268,17,Rep_18,06-01-2024,08-01-2024,07-02-2024,16-03-2024,4,15.0,26290.3,Late
5095,196,58,Rep_18,19-01-2025,19-01-2025,18-02-2025,29-03-2025,6,20.0,12910.75,Late
5096,881,99,Rep_3,20-05-2025,22-05-2025,21-06-2025,20-06-2025,3,20.0,4254.79,Paid
5097,920,52,Rep_3,10-08-2024,11-08-2024,10-09-2024,25-11-2024,9,0.0,65854.98,Late
5098,984,50,Rep_14,24-06-2024,24-06-2024,24-07-2024,11-10-2024,2,20.0,2602.05,Late
5099,991,99,Rep_17,03-06-2025,04-06-2025,04-07-2025,09-07-2025,3,20.0,4254.79,Paid
5100,742,13,Rep_6,20-06-2024,21-06-2024,21-07-2024,,3,0.0,20164.08,Pending
5101,72,70,Rep_13,09-06-2024,11-06-2024,11-07-2024,18-08-2024,3,10.0,23110.03,Late
5102,442,85,Rep_9,22-04-2025,24-04-2025,24-05-2025,25-05-2025,2,15.0,4007.51,Paid
5103,625,28,Rep_10,01-05-2025,02-05-2025,01-06-2025,06-06-2025,7,20.0,22537.93,Paid
5104,105,92,Rep_3,01-09-2025,03-09-2025,03-10-2025,10-10-2025,10,0.0,43411.6,Paid
5105,3,66,Rep_19,05-10-2024,07-10-2024,06-11-2024,29-12-2024,4,20.0,35407.84,Late
5106,383,52,Rep_29,06-07-2025,07-07-2025,06-08-2025,28-09-2025,10,5.0,69513.59,Late
5107,856,60,Rep_28,07-01-2025,07-01-2025,06-02-2025,15-02-2025,10,20.0,37115.52,Paid
5108,348,61,Rep_26,05-11-2025,07-11-2025,07-12-2025,07-12-2025,3,10.0,2013.31,Paid
5109,161,98,Rep_21,08-07-2024,09-07-2024,08-08-2024,10-08-2024,5,20.0,4744.0,Paid
5110,698,2,Rep_15,08-04-2025,10-04-2025,10-05-2025,10-05-2025,6,10.0,45573.14,Paid
5111,634,49,Rep_3,28-03-2025,30-03-2025,29-04-2025,30-04-2025,10,0.0,75836.2,Paid
5112,557,1,Rep_23,14-02-2025,15-02-2025,17-03-2025,27-03-2025,8,20.0,34699.01,Paid
5113,878,5,Rep_9,15-04-2025,15-04-2025,15-05-2025,15-05-2025,3,20.0,2457.7,Paid
5114,223,52,Rep_23,11-03-2024,12-03-2024,11-04-2024,21-04-2024,6,10.0,39512.99,Paid
5115,82,79,Rep_3,05-01-2025,06-01-2025,05-02-2025,13-02-2025,6,20.0,7765.73,Paid
5116,278,74,Rep_19,02-07-2024,02-07-2024,01-08-2024,04-08-2024,7,0.0,61304.11,Paid
5117,366,9,Rep_8,24-03-2024,26-03-2024,25-04-2024,27-04-2024,9,15.0,1588.29,Paid
5118,753,6,Rep_22,24-12-2024,26-12-2024,25-01-2025,23-01-2025,8,0.0,78251.84,Paid
5119,499,48,Rep_27,12-09-2025,12-09-2025,12-10-2025,12-10-2025,7,0.0,35377.72,Paid
5120,407,26,Rep_6,22-10-2025,22-10-2025,21-11-2025,07-01-2026,8,20.0,55149.7,Late
5121,52,68,Rep_7,02-07-2025,04-07-2025,03-08-2025,08-08-2025,6,10.0,51750.04,Paid
5122,605,77,Rep_17,13-11-2025,14-11-2025,14-12-2025,,9,0.0,8339.04,BadDebt
5123,639,52,Rep_10,03-12-2024,03-12-2024,02-01-2025,08-01-2025,9,20.0,52683.98,Paid
5124,199,24,Rep_29,26-03-2024,27-03-2024,26-04-2024,02-05-2024,6,10.0,19560.04,Paid
5125,699,60,Rep_10,24-01-2024,25-01-2024,24-02-2024,05-03-2024,6,10.0,25052.98,Paid
5126,383,54,Rep_3,17-10-2024,19-10-2024,18-11-2024,18-11-2024,8,10.0,48010.75,Paid
5127,330,55,Rep_13,07-01-2025,07-01-2025,06-02-2025,04-02-2025,2,10.0,10298.27,Paid
5128,639,73,Rep_18,04-07-2025,04-07-2025,03-08-2025,06-08-2025,3,15.0,9223.45,Paid
5129,408,31,Rep_22,14-04-2024,15-04-2024,15-05-2024,03-08-2024,5,15.0,19762.46,Late
5130,317,73,Rep_7,24-07-2024,24-07-2024,23-08-2024,26-08-2024,6,20.0,17361.79,Paid
5131,231,30,Rep_30,31-10-2025,31-10-2025,30-11-2025,01-12-2025,3,10.0,5364.01,Paid
5132,169,65,Rep_9,07-10-2025,07-10-2025,06-11-2025,04-02-2026,7,15.0,18906.54,Late
5133,460,90,Rep_1,30-03-2024,30-03-2024,29-04-2024,27-04-2024,3,20.0,13567.42,Paid
5134,172,96,Rep_17,04-03-2025,05-03-2025,04-04-2025,03-04-2025,8,20.0,51054.21,Paid
5135,816,33,Rep_5,11-11-2024,13-11-2024,13-12-2024,22-12-2024,10,0.0,14766.7,Paid
5136,712,63,Rep_25,27-02-2025,28-02-2025,30-03-2025,08-04-2025,10,10.0,15032.97,Paid
5137,137,74,Rep_19,29-04-2024,30-04-2024,30-05-2024,,6,5.0,49919.06,Pending
5138,161,62,Rep_5,15-03-2024,17-03-2024,16-04-2024,20-04-2024,7,0.0,49645.96,Paid
5139,806,25,Rep_15,05-08-2024,07-08-2024,06-09-2024,14-09-2024,1,15.0,384.87,Paid
5140,929,38,Rep_4,11-11-2024,12-11-2024,12-12-2024,13-12-2024,5,20.0,15429.44,Paid
5141,332,2,Rep_8,11-04-2025,13-04-2025,13-05-2025,10-08-2025,4,0.0,33757.88,Late
5142,327,88,Rep_21,19-08-2024,20-08-2024,19-09-2024,23-09-2024,3,0.0,18732.6,Paid
5143,772,82,Rep_24,14-08-2024,15-08-2024,14-09-2024,16-09-2024,2,15.0,6739.04,Paid
5144,394,68,Rep_5,02-12-2025,04-12-2025,03-01-2026,04-01-2026,10,15.0,81458.39,Paid
5145,403,5,Rep_12,12-06-2024,14-06-2024,14-07-2024,21-07-2024,7,5.0,6809.87,Paid
5146,18,9,Rep_19,24-05-2024,24-05-2024,23-06-2024,01-07-2024,10,0.0,2076.2,Paid
5147,357,17,Rep_1,25-11-2024,25-11-2024,25-12-2024,,6,20.0,37115.71,Pending
5148,587,50,Rep_12,08-01-2025,09-01-2025,08-02-2025,13-02-2025,1,10.0,1463.65,Paid
5149,602,73,Rep_25,12-04-2024,13-04-2024,13-05-2024,23-05-2024,2,0.0,7234.08,Paid
5150,559,86,Rep_5,02-05-2025,02-05-2025,01-06-2025,31-05-2025,4,15.0,16601.15,Paid
5151,980,13,Rep_3,07-01-2024,07-01-2024,06-02-2024,12-02-2024,8,20.0,43016.7,Paid
5152,62,68,Rep_23,18-10-2024,20-10-2024,19-11-2024,21-11-2024,3,10.0,25875.02,Paid
5153,833,19,Rep_15,06-07-2024,06-07-2024,05-08-2024,14-08-2024,6,10.0,50640.17,Paid
5154,356,49,Rep_27,24-05-2025,24-05-2025,23-06-2025,23-06-2025,10,5.0,72044.39,Paid
5155,10,49,Rep_25,14-09-2024,16-09-2024,16-10-2024,21-10-2024,3,5.0,21613.32,Paid
5156,777,94,Rep_21,11-07-2024,13-07-2024,12-08-2024,19-08-2024,6,0.0,16660.8,Paid
5157,312,60,Rep_15,09-05-2025,09-05-2025,08-06-2025,14-06-2025,4,0.0,18557.76,Paid
5158,899,22,Rep_5,05-01-2025,06-01-2025,05-02-2025,05-02-2025,8,10.0,6064.92,Paid
5159,405,98,Rep_8,14-06-2024,14-06-2024,14-07-2024,18-07-2024,4,10.0,4269.6,Paid
5160,697,95,Rep_16,20-05-2024,20-05-2024,19-06-2024,,2,10.0,1792.51,Pending
5161,798,4,Rep_23,11-09-2024,13-09-2024,13-10-2024,20-10-2024,6,10.0,15854.62,Paid
5162,218,75,Rep_7,21-05-2025,21-05-2025,20-06-2025,11-09-2025,2,0.0,15120.94,Late
5163,373,98,Rep_19,14-02-2024,16-02-2024,17-03-2024,24-03-2024,10,5.0,11267.0,Paid
5164,714,3,Rep_13,26-02-2024,28-02-2024,29-03-2024,03-04-2024,7,20.0,46400.37,Paid
5165,534,86,Rep_15,06-11-2024,06-11-2024,06-12-2024,06-12-2024,8,15.0,33202.29,Paid
5166,710,56,Rep_1,27-10-2024,28-10-2024,27-11-2024,,10,5.0,23888.42,Pending
5167,216,19,Rep_6,03-01-2025,03-01-2025,02-02-2025,26-04-2025,8,10.0,67520.23,Late
5168,178,12,Rep_9,10-03-2025,11-03-2025,10-04-2025,13-04-2025,3,5.0,29156.16,Paid
5169,461,10,Rep_15,06-12-2025,07-12-2025,06-01-2026,04-01-2026,4,10.0,18321.77,Paid
5170,124,23,Rep_25,16-09-2024,16-09-2024,16-10-2024,17-10-2024,9,15.0,22340.07,Paid
5171,70,63,Rep_15,12-12-2024,14-12-2024,13-01-2025,14-01-2025,8,5.0,12694.51,Paid
5172,223,8,Rep_26,20-03-2025,21-03-2025,20-04-2025,,6,20.0,39542.98,BadDebt
5173,365,39,Rep_21,06-10-2025,07-10-2025,06-11-2025,,10,20.0,58255.28,Pending
5174,584,63,Rep_30,12-08-2024,14-08-2024,13-09-2024,14-09-2024,8,20.0,10690.11,Paid
5175,275,86,Rep_7,23-11-2025,25-11-2025,25-12-2025,,5,5.0,23192.78,Pending
5176,479,53,Rep_30,27-04-2024,29-04-2024,29-05-2024,01-06-2024,1,10.0,3975.73,Paid
5177,971,99,Rep_17,27-12-2024,28-12-2024,27-01-2025,01-03-2025,8,10.0,12764.38,Late
5178,774,78,Rep_3,25-01-2025,25-01-2025,24-02-2025,02-03-2025,9,20.0,48234.6,Paid
5179,449,17,Rep_21,29-08-2025,30-08-2025,29-09-2025,,2,5.0,14691.64,Pending
5180,777,52,Rep_21,21-06-2024,23-06-2024,23-07-2024,,3,0.0,21951.66,Pending
5181,71,100,Rep_8,08-04-2024,09-04-2024,09-05-2024,14-05-2024,7,20.0,18752.22,Paid
5182,156,52,Rep_3,18-07-2025,18-07-2025,17-08-2025,05-11-2025,2,20.0,11707.55,Late
5183,2,89,Rep_5,14-05-2024,16-05-2024,15-06-2024,20-06-2024,2,0.0,3766.26,Paid
5184,463,47,Rep_17,30-09-2025,30-09-2025,30-10-2025,30-10-2025,4,0.0,10766.48,Paid
5185,782,82,Rep_3,03-03-2024,04-03-2024,03-04-2024,05-04-2024,4,0.0,15856.56,Paid
5186,662,84,Rep_24,13-10-2024,14-10-2024,13-11-2024,12-11-2024,2,20.0,1498.93,Paid
5187,17,84,Rep_10,09-03-2024,11-03-2024,10-04-2024,16-04-2024,4,10.0,3372.59,Paid
5188,371,80,,13-07-2024,13-07-2024,12-08-2024,13-08-2024,2,5.0,7129.28,Paid
5189,954,74,Rep_9,17-08-2025,18-08-2025,17-09-2025,16-09-2025,4,10.0,31527.83,Paid
5190,461,53,Rep_18,17-09-2024,18-09-2024,18-10-2024,24-10-2024,7,5.0,29376.24,Paid
5191,195,12,Rep_1,29-10-2024,30-10-2024,29-11-2024,,4,20.0,32736.74,Pending
5192,851,18,Rep_18,24-01-2024,25-01-2024,24-02-2024,19-05-2024,5,10.0,9846.27,Late
5193,182,17,Rep_2,14-06-2024,15-06-2024,15-07-2024,08-09-2024,1,5.0,7345.82,Late
5194,445,63,Rep_12,09-05-2024,10-05-2024,09-06-2024,16-06-2024,4,10.0,6013.19,Paid
5195,126,92,Rep_1,25-08-2025,25-08-2025,24-09-2025,29-09-2025,5,5.0,20620.51,Paid
5196,990,72,Rep_16,15-07-2024,15-07-2024,14-08-2024,23-08-2024,5,10.0,24313.1,Paid
5197,700,86,Rep_15,15-06-2025,16-06-2025,16-07-2025,21-07-2025,6,10.0,26366.53,Paid
5198,346,27,Rep_20,05-12-2025,06-12-2025,05-01-2026,10-01-2026,3,10.0,4085.86,Paid
5199,860,84,Rep_28,27-10-2025,29-10-2025,28-11-2025,,4,5.0,3559.95,Pending
5200,800,29,Rep_21,10-12-2024,10-12-2024,09-01-2025,09-01-2025,8,15.0,35852.73,Paid
5201,198,30,Rep_29,14-06-2025,15-06-2025,15-07-2025,14-07-2025,4,15.0,6754.68,Paid
5202,704,92,Rep_30,17-05-2025,19-05-2025,18-06-2025,18-06-2025,3,0.0,13023.48,Paid
5203,752,40,Rep_22,13-01-2024,15-01-2024,14-02-2024,22-02-2024,5,5.0,26180.38,Paid
5204,491,82,Rep_5,03-08-2024,05-08-2024,04-09-2024,14-09-2024,4,10.0,14270.9,Paid
5205,680,94,Rep_7,25-02-2025,25-02-2025,27-03-2025,31-03-2025,7,15.0,16521.96,Paid
5206,347,65,Rep_29,19-01-2025,21-01-2025,20-02-2025,22-02-2025,10,0.0,31775.7,Paid
5207,711,15,Rep_6,13-08-2024,15-08-2024,14-09-2024,16-09-2024,5,10.0,27793.89,Paid
5208,510,64,Rep_3,13-07-2024,14-07-2024,13-08-2024,,10,10.0,36843.3,Pending
5209,557,68,Rep_6,04-11-2025,05-11-2025,05-12-2025,09-12-2025,7,5.0,63729.21,Paid
5210,830,5,Rep_20,09-09-2025,09-09-2025,09-10-2025,11-10-2025,2,15.0,1740.87,Paid
5211,468,1,Rep_30,30-12-2024,01-01-2025,31-01-2025,,10,0.0,54217.2,BadDebt
5212,906,5,Rep_30,14-03-2025,15-03-2025,14-04-2025,19-04-2025,7,10.0,6451.45,Paid
5213,495,88,Rep_12,17-10-2025,19-10-2025,18-11-2025,26-01-2026,1,15.0,5307.57,Late
5214,526,32,Rep_11,23-09-2024,24-09-2024,24-10-2024,31-10-2024,4,5.0,10575.51,Paid
5215,339,14,Rep_2,08-12-2024,10-12-2024,09-01-2025,09-01-2025,4,0.0,12005.28,Paid
5216,438,58,Rep_30,22-02-2025,24-02-2025,26-03-2025,07-06-2025,7,0.0,18828.18,Late
5217,224,30,Rep_24,01-11-2024,02-11-2024,02-12-2024,06-12-2024,8,20.0,12714.69,Paid
5218,522,76,Rep_7,02-06-2024,03-06-2024,03-07-2024,10-07-2024,2,10.0,18070.81,Paid
5219,655,84,Rep_23,04-11-2025,04-11-2025,04-12-2025,10-12-2025,4,0.0,3747.32,Paid
5220,432,58,Rep_27,07-12-2025,08-12-2025,07-01-2026,,5,15.0,11431.39,Pending
5221,462,26,Rep_9,14-05-2024,14-05-2024,13-06-2024,19-06-2024,2,0.0,17234.28,Paid
5222,680,71,Rep_23,26-05-2024,27-05-2024,26-06-2024,27-08-2024,2,20.0,747.79,Late
5223,234,93,Rep_3,08-08-2025,10-08-2025,09-09-2025,11-09-2025,1,10.0,1630.32,Paid
5224,877,98,Rep_4,22-08-2025,24-08-2025,23-09-2025,02-10-2025,10,20.0,9488.0,Paid
5225,938,62,Rep_10,22-10-2024,22-10-2024,21-11-2024,23-11-2024,3,5.0,20213.0,Paid
5226,172,22,Rep_1,20-06-2025,22-06-2025,22-07-2025,01-08-2025,9,20.0,6064.92,Paid
5227,51,96,Rep_10,29-08-2024,30-08-2024,29-09-2024,01-10-2024,4,0.0,31908.88,Paid
5228,597,23,Rep_9,18-09-2024,19-09-2024,19-10-2024,29-10-2024,2,5.0,5548.51,Paid
5229,584,74,Rep_2,17-10-2025,18-10-2025,17-11-2025,,7,5.0,58238.9,Pending
5230,9,71,Rep_15,21-03-2025,22-03-2025,21-04-2025,19-04-2025,5,5.0,2220.01,Paid
5231,996,28,Rep_28,25-11-2024,26-11-2024,26-12-2024,30-12-2024,5,5.0,19116.99,Paid
5232,869,65,Rep_26,13-10-2024,15-10-2024,14-11-2024,19-11-2024,7,20.0,17794.39,Paid
5233,990,98,Rep_10,14-06-2025,16-06-2025,16-07-2025,,2,5.0,2253.4,Pending
5234,36,45,Rep_8,08-09-2025,10-09-2025,10-10-2025,15-10-2025,1,15.0,3427.84,Paid
5235,401,35,Rep_23,30-12-2025,30-12-2025,29-01-2026,28-01-2026,4,20.0,19179.04,Paid
5236,106,56,Rep_2,14-06-2024,16-06-2024,16-07-2024,21-07-2024,6,10.0,13578.68,Paid
5237,54,73,Rep_26,16-03-2025,17-03-2025,16-04-2025,18-04-2025,7,20.0,20255.42,Paid
5238,892,81,Rep_30,26-12-2024,27-12-2024,26-01-2025,05-03-2025,7,15.0,7538.83,Late
5239,466,57,Rep_26,23-06-2025,25-06-2025,25-07-2025,03-08-2025,3,10.0,1971.0,Paid
5240,215,6,Rep_24,20-08-2024,22-08-2024,21-09-2024,20-09-2024,10,20.0,78251.84,Paid
5241,804,70,Rep_28,05-12-2025,07-12-2025,06-01-2026,05-01-2026,6,15.0,43652.28,Paid
5242,970,95,Rep_15,12-07-2024,13-07-2024,12-08-2024,17-08-2024,9,0.0,8962.56,Paid
5243,444,42,Rep_27,05-07-2025,07-07-2025,06-08-2025,08-08-2025,7,0.0,73268.72,Paid
5244,310,42,Rep_23,21-01-2025,22-01-2025,21-02-2025,22-02-2025,7,5.0,69605.28,Paid
5245,774,15,Rep_29,01-08-2024,03-08-2024,02-09-2024,10-09-2024,3,5.0,17602.8,Paid
5246,774,24,Rep_10,09-04-2024,09-04-2024,09-05-2024,16-05-2024,10,20.0,28977.84,Paid
5247,457,73,Rep_25,08-08-2024,09-08-2024,08-09-2024,06-12-2024,2,5.0,6872.38,Late
5248,719,73,Rep_20,10-08-2024,12-08-2024,11-09-2024,16-09-2024,6,20.0,17361.79,Paid
5249,853,88,Rep_24,27-09-2025,27-09-2025,27-10-2025,25-10-2025,2,5.0,11863.98,Paid
5250,905,61,Rep_20,30-09-2024,02-10-2024,01-11-2024,07-11-2024,6,0.0,4474.02,Paid
5251,948,11,Rep_20,19-08-2024,21-08-2024,20-09-2024,20-09-2024,4,15.0,6859.94,Paid
5252,861,19,Rep_7,19-03-2025,21-03-2025,20-04-2025,21-04-2025,9,0.0,84400.29,Paid
5253,576,26,Rep_2,28-08-2024,29-08-2024,28-09-2024,15-12-2024,4,15.0,29298.28,Late
5254,690,53,Rep_17,19-03-2024,21-03-2024,20-04-2024,23-04-2024,7,0.0,30922.36,Paid
5255,77,2,Rep_29,11-02-2025,13-02-2025,15-03-2025,,10,10.0,75955.23,Pending
5256,189,22,Rep_17,29-08-2024,29-08-2024,28-09-2024,29-11-2024,9,20.0,6064.92,Late
5257,216,83,,27-10-2025,27-10-2025,26-11-2025,06-12-2025,1,20.0,1789.97,Paid
5258,163,30,Rep_26,31-05-2024,02-06-2024,02-07-2024,12-09-2024,8,10.0,14304.02,Late
5259,640,98,Rep_9,12-11-2024,13-11-2024,13-12-2024,19-12-2024,9,5.0,10140.3,Paid
5260,348,32,Rep_18,12-05-2025,13-05-2025,12-06-2025,19-06-2025,5,0.0,13915.15,Paid
5261,767,64,Rep_3,14-02-2024,14-02-2024,15-03-2024,15-03-2024,9,5.0,35001.13,Paid
5262,935,9,Rep_23,03-09-2025,03-09-2025,03-10-2025,11-10-2025,4,20.0,664.38,Paid
5263,951,31,Rep_11,13-11-2024,13-11-2024,13-12-2024,22-12-2024,3,10.0,12554.97,Paid
5264,400,27,Rep_3,18-04-2024,18-04-2024,18-05-2024,,3,15.0,3858.86,Pending
5265,480,60,Rep_30,18-03-2025,20-03-2025,19-04-2025,,10,15.0,39435.24,Pending
5266,547,57,Rep_19,19-12-2025,19-12-2025,18-01-2026,22-01-2026,3,0.0,2190.0,Paid
5267,813,91,Rep_17,13-07-2025,15-07-2025,14-08-2025,13-08-2025,5,0.0,43855.4,Paid
5268,154,45,Rep_14,29-08-2025,31-08-2025,30-09-2025,28-09-2025,7,10.0,25406.32,Paid
5269,866,42,Rep_10,01-05-2024,02-05-2024,01-06-2024,,9,20.0,75362.11,Pending
5270,427,4,Rep_21,08-01-2025,09-01-2025,08-02-2025,06-02-2025,6,0.0,17616.24,Paid
5271,343,85,Rep_16,30-03-2024,31-03-2024,30-04-2024,31-05-2024,5,5.0,11197.46,Late
5272,23,68,Rep_6,26-03-2025,28-03-2025,27-04-2025,02-05-2025,6,5.0,54625.04,Paid
5273,535,33,Rep_22,29-10-2024,29-10-2024,28-11-2024,06-12-2024,4,10.0,5316.01,Paid
5274,62,28,Rep_5,06-05-2025,08-05-2025,07-06-2025,05-06-2025,3,5.0,11470.2,Paid
5275,824,4,Rep_29,23-03-2025,23-03-2025,22-04-2025,30-04-2025,2,10.0,5284.87,Paid
5276,879,68,Rep_10,25-07-2024,25-07-2024,24-08-2024,28-08-2024,1,10.0,8625.01,Paid
5277,860,36,Rep_27,13-08-2024,15-08-2024,14-09-2024,13-09-2024,9,20.0,6435.29,Paid
5278,323,58,Rep_27,20-10-2024,22-10-2024,21-11-2024,23-11-2024,4,5.0,10221.01,Paid
5279,923,6,Rep_12,13-11-2025,15-11-2025,15-12-2025,28-02-2026,6,20.0,46951.1,Late
5280,359,31,Rep_27,17-12-2024,17-12-2024,16-01-2025,,7,5.0,30922.43,Pending
5281,35,94,Rep_7,02-09-2025,04-09-2025,04-10-2025,03-10-2025,10,10.0,24991.2,Paid
5282,69,23,Rep_11,21-09-2025,21-09-2025,21-10-2025,25-10-2025,6,10.0,15769.46,Paid
5283,61,21,Rep_25,20-05-2024,20-05-2024,19-06-2024,17-06-2024,6,5.0,26627.44,Paid
5284,837,87,Rep_28,22-11-2025,24-11-2025,24-12-2025,,3,15.0,4207.58,Pending
5285,797,96,Rep_4,13-10-2024,14-10-2024,13-11-2024,19-11-2024,4,10.0,28717.99,Paid
5286,46,15,Rep_15,28-09-2024,28-09-2024,28-10-2024,04-01-2025,9,5.0,52808.39,Late
5287,808,10,Rep_28,04-12-2025,06-12-2025,05-01-2026,03-01-2026,2,0.0,10178.76,Paid
5288,825,31,Rep_8,12-11-2024,14-11-2024,14-12-2024,10-02-2025,4,5.0,17669.96,Late
5289,247,79,Rep_26,20-04-2025,21-04-2025,21-05-2025,26-05-2025,6,5.0,9221.8,Paid
5290,677,21,Rep_7,18-09-2024,18-09-2024,18-10-2024,,1,0.0,4671.48,Pending
5291,726,43,Rep_16,06-07-2025,06-07-2025,05-08-2025,08-08-2025,1,0.0,208.08,Paid
5292,274,2,Rep_30,18-11-2025,20-11-2025,20-12-2025,23-12-2025,8,20.0,54012.61,Paid
5293,84,81,Rep_10,28-07-2025,30-07-2025,29-08-2025,29-08-2025,7,10.0,7982.29,Paid
5294,893,69,Rep_21,27-12-2025,29-12-2025,28-01-2026,01-02-2026,4,10.0,30190.68,Paid
5295,192,63,Rep_12,20-10-2025,22-10-2025,21-11-2025,01-12-2025,4,20.0,5345.06,Paid
5296,856,47,Rep_8,27-10-2025,28-10-2025,27-11-2025,29-11-2025,6,5.0,15342.23,Paid
5297,279,72,Rep_17,24-04-2024,25-04-2024,25-05-2024,,9,20.0,38900.95,Pending
5298,299,29,Rep_1,01-09-2024,03-09-2024,03-10-2024,04-10-2024,2,10.0,9490.43,Paid
5299,21,7,Rep_21,12-07-2025,12-07-2025,11-08-2025,31-10-2025,1,5.0,666.93,Late
5300,504,45,Rep_30,17-01-2025,19-01-2025,18-02-2025,28-02-2025,7,5.0,26817.79,Paid
5301,519,40,Rep_30,21-10-2024,21-10-2024,20-11-2024,,6,5.0,31416.46,Pending
5302,926,62,Rep_18,10-12-2024,11-12-2024,10-01-2025,16-01-2025,3,5.0,20213.0,Paid
5303,947,51,Rep_18,23-03-2024,23-03-2024,22-04-2024,,2,20.0,15551.92,Pending
5304,30,63,Rep_11,19-08-2024,19-08-2024,18-09-2024,,2,10.0,3006.59,Pending
5305,547,40,Rep_28,21-03-2025,23-03-2025,22-04-2025,05-06-2025,9,15.0,42164.2,Late
5306,538,29,Rep_5,07-06-2024,07-06-2024,07-07-2024,09-07-2024,10,10.0,47452.14,Paid
5307,712,38,Rep_18,30-01-2024,30-01-2024,29-02-2024,03-03-2024,9,10.0,31244.62,Paid
5308,170,31,Rep_24,10-09-2024,10-09-2024,10-10-2024,09-10-2024,9,10.0,37664.92,Paid
5309,334,96,Rep_16,29-11-2025,29-11-2025,29-12-2025,06-01-2026,9,20.0,57435.98,Paid
5310,857,35,Rep_30,15-08-2025,15-08-2025,14-09-2025,16-09-2025,5,15.0,25472.16,Paid
5311,925,9,Rep_14,25-07-2024,25-07-2024,24-08-2024,22-08-2024,7,5.0,1380.67,Paid
5312,222,45,Rep_25,23-09-2024,24-09-2024,24-10-2024,02-11-2024,4,15.0,13711.35,Paid
5313,356,97,Rep_29,07-12-2025,08-12-2025,07-01-2026,15-01-2026,9,0.0,68772.24,Paid
5314,475,59,Rep_5,11-11-2025,11-11-2025,11-12-2025,,1,15.0,2520.21,BadDebt
5315,662,25,Rep_4,25-09-2025,26-09-2025,26-10-2025,26-10-2025,9,10.0,3667.6,Paid
5316,525,97,Rep_28,03-07-2024,04-07-2024,03-08-2024,11-08-2024,8,10.0,55017.79,Paid
5317,667,97,Rep_8,10-09-2025,10-09-2025,10-10-2025,,1,15.0,6495.16,BadDebt
5318,707,30,Rep_4,01-03-2025,02-03-2025,01-04-2025,14-05-2025,6,5.0,11324.02,Late
5319,250,7,Rep_1,26-05-2025,26-05-2025,25-06-2025,23-06-2025,10,10.0,6318.27,Paid
5320,790,97,Rep_23,06-07-2025,07-07-2025,06-08-2025,07-08-2025,2,0.0,15282.72,Paid
5321,510,37,Rep_11,03-05-2025,04-05-2025,03-06-2025,10-06-2025,4,15.0,23023.13,Paid
5322,102,52,,17-01-2024,19-01-2024,18-02-2024,16-02-2024,3,20.0,17561.33,Paid
5323,217,98,Rep_20,03-12-2025,05-12-2025,04-01-2026,11-01-2026,7,10.0,7471.8,Paid
5324,373,29,Rep_10,27-09-2025,29-09-2025,29-10-2025,20-12-2025,7,5.0,35061.86,Late
5325,823,54,Rep_24,16-05-2024,17-05-2024,16-06-2024,15-06-2024,9,20.0,48010.75,Paid
5326,92,27,Rep_5,17-03-2025,17-03-2025,16-04-2025,20-04-2025,7,15.0,9004.02,Paid
5327,755,83,Rep_10,13-04-2025,15-04-2025,15-05-2025,13-07-2025,6,20.0,10739.81,Late
5328,491,95,Rep_13,01-07-2024,01-07-2024,31-07-2024,21-09-2024,4,5.0,3784.19,Late
5329,971,59,Rep_9,04-09-2025,04-09-2025,04-10-2025,04-10-2025,8,15.0,20161.66,Paid
5330,420,85,Rep_6,21-02-2024,22-02-2024,23-03-2024,21-03-2024,8,20.0,15087.1,Paid
5331,222,82,Rep_22,22-07-2025,24-07-2025,23-08-2025,,8,20.0,25370.5,Pending
5332,885,54,Rep_5,14-08-2024,16-08-2024,15-09-2024,14-09-2024,9,15.0,51011.42,Paid
5333,991,74,Rep_26,22-06-2025,23-06-2025,23-07-2025,26-07-2025,2,0.0,17515.46,Paid
5334,640,60,Rep_10,05-08-2024,06-08-2024,05-09-2024,09-09-2024,9,10.0,37579.46,Paid
5335,693,34,Rep_13,12-04-2025,14-04-2025,14-05-2025,21-07-2025,3,20.0,9567.55,Late
5336,957,84,Rep_19,11-04-2024,12-04-2024,12-05-2024,,3,20.0,2248.39,Pending
5337,136,73,Rep_16,07-02-2025,09-02-2025,11-03-2025,,7,5.0,24053.32,BadDebt
5338,438,30,Rep_1,30-09-2025,01-10-2025,31-10-2025,03-11-2025,3,15.0,5066.01,Paid
5339,464,47,Rep_17,11-01-2025,11-01-2025,10-02-2025,18-02-2025,9,10.0,21802.12,Paid
5340,513,74,Rep_29,22-02-2024,22-02-2024,23-03-2024,26-03-2024,3,20.0,21018.55,Paid
5341,612,2,Rep_4,24-05-2025,25-05-2025,24-06-2025,,10,20.0,67515.76,Pending
5342,179,48,Rep_1,28-02-2025,02-03-2025,01-04-2025,05-04-2025,5,0.0,25269.8,Paid
5343,946,72,Rep_23,27-01-2024,27-01-2024,26-02-2024,26-02-2024,5,10.0,24313.1,Paid
5344,95,61,Rep_16,16-12-2025,17-12-2025,16-01-2026,20-01-2026,7,5.0,4958.71,Paid
5345,306,28,Rep_22,11-07-2025,13-07-2025,12-08-2025,22-08-2025,10,5.0,38233.98,Paid
5346,272,4,Rep_25,29-09-2025,01-10-2025,31-10-2025,12-12-2025,7,20.0,16441.82,Late
5347,572,47,Rep_11,03-04-2025,04-04-2025,04-05-2025,,5,5.0,12785.19,BadDebt
5348,978,34,Rep_2,26-02-2024,28-02-2024,29-03-2024,03-04-2024,1,10.0,3587.83,Paid
5349,137,56,Rep_20,01-10-2024,02-10-2024,01-11-2024,11-11-2024,3,20.0,6034.97,Paid
5350,924,61,Rep_8,23-04-2024,25-04-2024,25-05-2024,24-05-2024,7,15.0,4436.74,Paid
5351,118,93,Rep_13,17-02-2024,17-02-2024,18-03-2024,,8,20.0,11593.41,Pending
5352,48,7,Rep_7,02-07-2024,02-07-2024,01-08-2024,09-08-2024,4,15.0,2386.9,Paid
5353,140,32,Rep_9,17-12-2024,18-12-2024,17-01-2025,15-01-2025,10,10.0,25047.27,Paid
5354,671,91,Rep_27,15-02-2025,15-02-2025,17-03-2025,16-03-2025,3,0.0,26313.24,Paid
5355,27,74,Rep_6,15-09-2024,15-09-2024,15-10-2024,16-10-2024,10,15.0,74440.7,Paid
5356,321,13,Rep_28,31-03-2025,01-04-2025,01-05-2025,10-05-2025,10,20.0,53770.88,Paid
5357,332,4,Rep_26,05-09-2025,07-09-2025,07-10-2025,,7,5.0,19524.67,Pending
5358,693,63,Rep_28,05-06-2024,05-06-2024,05-07-2024,,4,0.0,6681.32,Pending
5359,104,39,Rep_20,30-08-2024,30-08-2024,29-09-2024,02-10-2024,9,20.0,52429.75,Paid
5360,833,3,Rep_27,28-02-2025,02-03-2025,01-04-2025,10-04-2025,9,0.0,74572.02,Paid
5361,62,34,Rep_18,06-11-2024,08-11-2024,08-12-2024,07-12-2024,2,5.0,7574.31,Paid
5362,56,50,Rep_1,28-12-2025,30-12-2025,29-01-2026,,8,20.0,10408.19,Pending
5363,103,19,Rep_22,21-10-2025,22-10-2025,21-11-2025,21-01-2026,10,0.0,93778.1,Late
5364,512,43,Rep_9,18-03-2024,20-03-2024,19-04-2024,28-04-2024,10,10.0,1872.72,Paid
5365,858,74,Rep_26,07-04-2025,09-04-2025,09-05-2025,,4,20.0,28024.74,Pending
5366,238,66,Rep_29,04-01-2024,04-01-2024,03-02-2024,02-02-2024,5,5.0,52558.51,Paid
5367,428,94,Rep_27,03-12-2025,05-12-2025,04-01-2026,,5,10.0,12495.6,Pending
5368,137,27,Rep_6,24-05-2024,24-05-2024,23-06-2024,02-07-2024,9,15.0,11576.59,Paid
5369,711,25,Rep_6,16-08-2024,17-08-2024,16-09-2024,22-09-2024,2,20.0,724.46,Paid
5370,66,37,Rep_11,24-03-2025,26-03-2025,25-04-2025,30-04-2025,6,15.0,34534.7,Paid
5371,644,33,Rep_6,21-04-2024,22-04-2024,22-05-2024,,2,15.0,2510.34,Pending
5372,154,15,Rep_15,18-08-2025,19-08-2025,18-09-2025,18-09-2025,5,15.0,26249.78,Paid
5373,234,42,Rep_9,13-10-2025,15-10-2025,14-11-2025,12-11-2025,1,10.0,9420.26,Paid
5374,460,20,Rep_8,16-05-2025,16-05-2025,15-06-2025,19-06-2025,10,15.0,17340.08,Paid
5375,187,50,Rep_18,17-07-2024,19-07-2024,18-08-2024,15-11-2024,2,10.0,2927.3,Late
5376,772,75,Rep_25,14-05-2024,14-05-2024,13-06-2024,14-06-2024,1,20.0,6048.38,Paid
5377,900,60,Rep_1,01-02-2024,02-02-2024,03-03-2024,13-03-2024,1,5.0,4407.47,Paid
5378,635,39,Rep_5,17-07-2024,17-07-2024,16-08-2024,22-08-2024,8,5.0,55342.52,Paid
5379,847,15,Rep_16,21-09-2025,22-09-2025,22-10-2025,22-10-2025,9,10.0,50029.0,Paid
5380,248,16,Rep_24,23-01-2025,23-01-2025,22-02-2025,22-02-2025,8,20.0,8506.3,Paid
5381,548,57,Rep_30,05-03-2025,06-03-2025,05-04-2025,03-07-2025,2,5.0,1387.0,Late
5382,860,45,Rep_13,21-11-2024,21-11-2024,21-12-2024,,2,0.0,8065.5,Pending
5383,343,49,Rep_7,04-02-2025,05-02-2025,07-03-2025,20-05-2025,6,20.0,36401.38,Late
5384,117,17,Rep_28,14-09-2025,14-09-2025,14-10-2025,22-10-2025,9,0.0,69591.96,Paid
5385,645,86,Rep_12,28-11-2024,30-11-2024,30-12-2024,04-01-2025,10,15.0,41502.86,Paid
5386,364,6,Rep_21,28-05-2025,29-05-2025,28-06-2025,04-07-2025,9,10.0,79229.99,Paid
5387,880,6,Rep_18,31-01-2025,02-02-2025,04-03-2025,05-03-2025,10,20.0,78251.84,Paid
5388,593,74,Rep_5,22-10-2024,24-10-2024,23-11-2024,29-11-2024,5,10.0,39409.78,Paid
5389,594,97,Rep_5,05-02-2024,07-02-2024,08-03-2024,15-03-2024,5,0.0,38206.8,Paid
5390,580,68,Rep_18,10-08-2025,12-08-2025,11-09-2025,09-09-2025,8,15.0,65166.71,Paid
5391,516,12,Rep_26,03-12-2024,03-12-2024,02-01-2025,09-01-2025,4,5.0,38874.87,Paid
5392,460,8,Rep_4,19-12-2024,19-12-2024,18-01-2025,25-01-2025,3,10.0,22242.92,Paid
5393,148,90,Rep_8,04-04-2025,06-04-2025,06-05-2025,16-05-2025,4,5.0,21481.74,Paid
5394,367,67,Rep_16,28-07-2025,30-07-2025,29-08-2025,17-11-2025,1,10.0,3172.77,Late
5395,141,13,Rep_30,11-05-2024,13-05-2024,12-06-2024,18-07-2024,6,10.0,36295.34,Late
5396,359,2,Rep_18,29-05-2024,31-05-2024,30-06-2024,04-07-2024,2,0.0,16878.94,Paid
5397,4,64,Rep_20,14-04-2024,14-04-2024,14-05-2024,,8,20.0,26199.68,Pending
5398,343,13,Rep_16,23-12-2025,24-12-2025,23-01-2026,02-02-2026,7,0.0,47049.52,Paid
5399,316,6,Rep_1,06-09-2024,08-09-2024,08-10-2024,16-10-2024,5,0.0,48907.4,Paid
5400,78,57,Rep_9,23-07-2025,24-07-2025,23-08-2025,,4,10.0,2628.0,Pending
5401,844,5,Rep_14,27-03-2024,27-03-2024,26-04-2024,28-04-2024,4,0.0,4096.16,Paid
5402,436,55,Rep_7,13-04-2025,14-04-2025,14-05-2025,16-05-2025,7,20.0,32039.06,Paid
5403,212,98,Rep_7,03-06-2024,03-06-2024,03-07-2024,09-07-2024,2,15.0,2016.2,Paid
5404,597,75,Rep_13,06-11-2025,08-11-2025,08-12-2025,14-12-2025,8,0.0,60483.76,Paid
5405,528,61,Rep_13,28-02-2024,01-03-2024,31-03-2024,31-05-2024,4,20.0,2386.14,Late
5406,800,30,Rep_1,01-04-2024,02-04-2024,02-05-2024,,7,10.0,12516.02,Pending
5407,530,94,Rep_14,28-06-2024,28-06-2024,28-07-2024,30-07-2024,4,20.0,8885.76,Paid
5408,740,40,Rep_9,18-11-2025,19-11-2025,19-12-2025,24-12-2025,4,5.0,20944.31,Paid
5409,606,92,Rep_1,17-06-2024,19-06-2024,19-07-2024,18-07-2024,4,5.0,16496.41,Paid
5410,74,67,Rep_27,16-02-2025,18-02-2025,20-03-2025,22-03-2025,7,0.0,24677.1,Paid
5411,934,58,Rep_6,15-09-2024,16-09-2024,16-10-2024,19-10-2024,7,20.0,15062.54,Paid
5412,929,55,Rep_18,19-08-2025,19-08-2025,18-09-2025,19-09-2025,9,0.0,51491.34,Paid
5413,190,41,Rep_24,05-02-2025,05-02-2025,07-03-2025,12-03-2025,5,15.0,15126.05,Paid
5414,305,19,Rep_3,29-09-2024,29-09-2024,29-10-2024,07-11-2024,7,10.0,59080.2,Paid
5415,57,33,Rep_29,17-02-2025,18-02-2025,20-03-2025,29-03-2025,1,15.0,1255.17,Paid
5416,397,89,Rep_7,11-01-2024,12-01-2024,11-02-2024,26-03-2024,2,5.0,3577.95,Late
5417,490,49,Rep_6,23-01-2025,25-01-2025,24-02-2025,25-02-2025,8,15.0,51568.62,Paid
5418,764,23,Rep_21,20-09-2024,20-09-2024,20-10-2024,22-10-2024,2,5.0,5548.51,Paid
5419,942,14,Rep_19,16-05-2024,18-05-2024,17-06-2024,21-06-2024,2,5.0,5702.51,Paid
5420,860,71,Rep_23,17-04-2025,18-04-2025,18-05-2025,25-05-2025,5,20.0,1869.48,Paid
5421,417,91,Rep_10,18-07-2025,18-07-2025,17-08-2025,22-08-2025,6,15.0,44732.51,Paid
5422,573,55,Rep_17,28-04-2025,28-04-2025,28-05-2025,07-06-2025,9,15.0,43767.64,Paid
5423,388,21,Rep_25,09-10-2024,10-10-2024,09-11-2024,13-11-2024,6,15.0,23824.55,Paid
5424,802,69,Rep_26,05-03-2025,06-03-2025,05-04-2025,05-04-2025,1,10.0,7547.67,Paid
5425,27,94,Rep_14,10-05-2025,12-05-2025,11-06-2025,21-06-2025,5,15.0,11801.4,Paid
5426,385,18,Rep_1,17-01-2024,19-01-2024,18-02-2024,19-02-2024,4,15.0,7439.4,Paid
5427,787,32,Rep_23,20-11-2025,22-11-2025,22-12-2025,01-01-2026,8,20.0,17811.39,Paid
5428,207,42,Rep_18,28-10-2024,28-10-2024,27-11-2024,26-11-2024,3,20.0,25120.7,Paid
5429,832,54,Rep_2,12-08-2024,14-08-2024,13-09-2024,20-09-2024,6,5.0,38008.51,Paid
5430,41,8,Rep_1,11-10-2024,12-10-2024,11-11-2024,28-01-2025,1,15.0,7002.4,Late
5431,526,6,Rep_17,15-08-2025,16-08-2025,15-09-2025,23-09-2025,5,5.0,46462.03,Paid
5432,253,21,Rep_24,07-06-2024,08-06-2024,08-07-2024,11-08-2024,3,0.0,14014.44,Late
5433,995,86,Rep_17,14-02-2024,14-02-2024,15-03-2024,23-05-2024,3,20.0,11718.46,Late
5434,934,45,Rep_30,20-03-2025,22-03-2025,21-04-2025,20-04-2025,8,20.0,25809.6,Paid
5435,375,34,Rep_8,22-11-2025,24-11-2025,24-12-2025,28-12-2025,2,0.0,7972.96,Paid
5436,387,50,Rep_8,16-10-2025,17-10-2025,16-11-2025,17-11-2025,5,15.0,6911.69,Paid
5437,146,56,Rep_28,21-04-2025,23-04-2025,23-05-2025,10-07-2025,6,15.0,12824.31,Late
5438,786,43,Rep_2,24-12-2024,25-12-2024,24-01-2025,23-01-2025,7,0.0,1456.56,Paid
5439,524,64,Rep_20,14-03-2025,15-03-2025,14-04-2025,24-04-2025,2,15.0,6959.29,Paid
5440,99,37,Rep_20,05-10-2025,06-10-2025,05-11-2025,10-11-2025,5,20.0,27086.04,Paid
5441,730,90,Rep_28,17-05-2024,18-05-2024,17-06-2024,16-06-2024,10,20.0,45224.72,Paid
5442,405,48,Rep_7,05-06-2024,05-06-2024,05-07-2024,08-07-2024,7,10.0,31839.95,Paid
5443,434,72,Rep_9,29-10-2024,30-10-2024,29-11-2024,12-02-2025,9,0.0,48626.19,Late
5444,311,48,Rep_14,22-04-2025,24-04-2025,24-05-2025,27-05-2025,8,5.0,38410.1,Paid
5445,592,77,Rep_1,25-04-2025,27-04-2025,27-05-2025,26-05-2025,6,15.0,4725.46,Paid
5446,809,81,Rep_21,20-08-2024,20-08-2024,19-09-2024,14-12-2024,7,5.0,8425.75,Late
5447,291,100,Rep_22,08-09-2025,09-09-2025,09-10-2025,19-10-2025,10,15.0,28463.18,Paid
5448,376,75,Rep_3,22-02-2025,23-02-2025,25-03-2025,,8,0.0,60483.76,BadDebt
5449,494,46,Rep_27,20-08-2024,21-08-2024,20-09-2024,24-09-2024,2,20.0,1334.29,Paid
5450,90,63,Rep_5,19-11-2024,20-11-2024,20-12-2024,,5,10.0,7516.48,Pending
5451,603,13,Rep_25,27-01-2025,27-01-2025,26-02-2025,02-03-2025,10,15.0,57131.56,Paid
5452,517,90,Rep_7,01-09-2024,01-09-2024,01-10-2024,11-10-2024,3,15.0,14415.38,Paid
5453,423,67,Rep_2,27-06-2024,28-06-2024,28-07-2024,04-08-2024,9,0.0,31727.7,Paid
5454,570,89,Rep_21,21-09-2025,22-09-2025,22-10-2025,27-10-2025,2,10.0,3389.63,Paid
5455,731,60,Rep_10,16-01-2024,16-01-2024,15-02-2024,21-02-2024,4,20.0,14846.21,Paid
5456,802,49,Rep_21,09-10-2024,10-10-2024,09-11-2024,17-11-2024,2,10.0,13650.52,Paid
5457,403,45,Rep_16,18-06-2024,20-06-2024,20-07-2024,21-07-2024,1,0.0,4032.75,Paid
5458,522,52,Rep_13,30-06-2025,01-07-2025,31-07-2025,31-07-2025,3,5.0,20854.08,Paid
5459,355,93,Rep_5,26-11-2025,28-11-2025,28-12-2025,,8,10.0,13042.58,Pending
5460,85,65,Rep_30,05-11-2025,05-11-2025,05-12-2025,07-12-2025,3,0.0,9532.71,Paid
5461,869,23,Rep_21,10-03-2024,11-03-2024,10-04-2024,19-04-2024,7,15.0,17375.61,Paid
5462,983,85,Rep_14,17-11-2025,19-11-2025,19-12-2025,24-12-2025,10,15.0,20037.56,Paid
5463,151,31,Rep_20,11-02-2024,12-02-2024,13-03-2024,16-03-2024,9,5.0,39757.41,Paid
5464,3,96,Rep_4,21-11-2025,23-11-2025,23-12-2025,18-02-2026,7,10.0,50256.49,Late
5465,433,53,Rep_22,20-12-2025,20-12-2025,19-01-2026,19-01-2026,1,20.0,3533.98,Paid
5466,103,31,Rep_9,22-01-2024,24-01-2024,23-02-2024,21-02-2024,10,15.0,39524.91,Paid
5467,199,38,Rep_15,26-06-2025,28-06-2025,28-07-2025,30-07-2025,7,0.0,27001.52,Paid
5468,759,60,Rep_4,03-08-2025,05-08-2025,04-09-2025,,4,10.0,16701.98,Pending
5469,479,48,Rep_6,20-01-2025,21-01-2025,20-02-2025,28-03-2025,10,15.0,42958.66,Late
5470,242,75,Rep_25,03-07-2024,05-07-2024,04-08-2024,03-08-2024,10,15.0,64264.0,Paid
5471,823,14,Rep_22,05-02-2025,06-02-2025,08-03-2025,,9,0.0,27011.88,Pending
5472,35,89,Rep_30,05-12-2024,07-12-2024,06-01-2025,05-01-2025,10,5.0,17889.74,Paid
5473,618,3,Rep_3,04-10-2024,05-10-2024,04-11-2024,03-11-2024,7,15.0,49300.39,Paid
5474,249,2,Rep_25,04-10-2024,04-10-2024,03-11-2024,06-12-2024,2,20.0,13503.15,Late
5475,490,30,Rep_6,23-04-2024,23-04-2024,23-05-2024,21-07-2024,7,10.0,12516.02,Late
5476,111,21,Rep_2,06-06-2025,07-06-2025,07-07-2025,,1,5.0,4437.91,Pending
5477,693,73,Rep_6,28-12-2024,30-12-2024,29-01-2025,,3,5.0,10308.56,BadDebt
5478,278,33,Rep_6,26-09-2024,26-09-2024,26-10-2024,21-12-2024,7,0.0,10336.69,Late
5479,138,7,Rep_7,28-08-2025,29-08-2025,28-09-2025,12-12-2025,5,20.0,2808.12,Late
5480,575,22,Rep_26,22-12-2024,23-12-2024,22-01-2025,21-01-2025,5,5.0,4001.16,Paid
5481,495,22,Rep_17,13-10-2024,14-10-2024,13-11-2024,11-11-2024,6,0.0,5054.1,Paid
5482,566,53,Rep_7,26-04-2024,27-04-2024,27-05-2024,,1,20.0,3533.98,Pending
5483,985,67,Rep_29,10-11-2024,11-11-2024,11-12-2024,,3,10.0,9518.31,Pending
5484,367,60,Rep_1,01-03-2024,03-03-2024,02-04-2024,05-04-2024,10,10.0,41754.96,Paid
5485,192,62,Rep_24,31-10-2025,02-11-2025,02-12-2025,09-12-2025,1,10.0,6383.05,Paid
5486,775,10,Rep_14,12-03-2024,14-03-2024,13-04-2024,12-04-2024,4,15.0,17303.89,Paid
5487,393,63,Rep_5,04-04-2024,05-04-2024,05-05-2024,,8,5.0,12694.51,Pending
5488,82,5,Rep_27,18-06-2024,19-06-2024,19-07-2024,17-07-2024,9,5.0,8755.54,Paid
5489,783,75,Rep_27,29-03-2024,30-03-2024,29-04-2024,09-07-2024,2,20.0,12096.75,Late
5490,864,9,Rep_16,03-12-2024,03-12-2024,02-01-2025,,2,20.0,332.19,BadDebt
5491,82,30,Rep_30,25-08-2025,26-08-2025,25-09-2025,01-10-2025,9,15.0,15198.03,Paid
5492,216,96,Rep_1,11-02-2024,12-02-2024,13-03-2024,14-03-2024,9,15.0,61025.73,Paid
5493,8,2,Rep_29,10-05-2025,12-05-2025,11-06-2025,20-08-2025,7,10.0,53168.66,Late
5494,36,78,Rep_17,18-04-2025,20-04-2025,20-05-2025,29-06-2025,6,5.0,38185.72,Late
5495,316,9,Rep_21,19-08-2024,19-08-2024,18-09-2024,,8,10.0,1494.86,Pending
5496,716,16,Rep_6,19-08-2025,20-08-2025,19-09-2025,19-09-2025,4,5.0,5050.62,Paid
5497,570,84,Rep_5,02-06-2025,03-06-2025,03-07-2025,30-09-2025,2,0.0,1873.66,Late
5498,106,57,Rep_3,08-04-2024,08-04-2024,08-05-2024,,8,10.0,5256.0,Pending
5499,856,81,Rep_27,01-09-2025,02-09-2025,02-10-2025,06-10-2025,1,20.0,1013.62,Paid
5500,257,64,Rep_18,22-05-2025,23-05-2025,22-06-2025,28-06-2025,9,0.0,36843.3,Paid
5501,195,17,Rep_5,08-10-2024,09-10-2024,08-11-2024,18-11-2024,2,0.0,15464.88,Paid
5502,623,67,Rep_18,05-08-2025,06-08-2025,05-09-2025,07-09-2025,7,20.0,19741.68,Paid
5503,826,90,Rep_1,19-12-2024,21-12-2024,20-01-2025,24-01-2025,5,20.0,22612.36,Paid
5504,648,35,Rep_1,11-10-2024,12-10-2024,11-11-2024,20-11-2024,7,10.0,37758.74,Paid
5505,979,55,Rep_11,07-03-2024,09-03-2024,08-04-2024,13-04-2024,5,20.0,22885.04,Paid
5506,879,53,Rep_23,20-04-2025,20-04-2025,20-05-2025,18-05-2025,7,10.0,27830.12,Paid
5507,789,68,Rep_9,05-05-2025,06-05-2025,05-06-2025,11-06-2025,10,20.0,76666.72,Paid
5508,338,86,Rep_29,08-09-2025,10-09-2025,10-10-2025,03-12-2025,2,5.0,9277.11,Late
5509,419,96,Rep_14,03-09-2025,04-09-2025,04-10-2025,,4,5.0,30313.44,Pending
5510,360,46,Rep_16,06-05-2024,07-05-2024,06-06-2024,12-06-2024,9,5.0,7130.1,Paid
5511,162,98,Rep_22,24-02-2024,25-02-2024,26-03-2024,02-04-2024,8,0.0,9488.0,Paid
5512,477,15,Rep_7,19-01-2025,21-01-2025,20-02-2025,23-02-2025,7,10.0,38911.45,Paid
5513,880,21,Rep_13,17-06-2025,18-06-2025,18-07-2025,19-07-2025,5,15.0,19853.79,Paid
5514,380,89,Rep_7,29-09-2024,30-09-2024,30-10-2024,03-11-2024,9,20.0,13558.54,Paid
5515,194,51,Rep_22,18-08-2025,18-08-2025,17-09-2025,25-09-2025,9,0.0,87479.55,Paid
5516,502,23,Rep_1,26-04-2024,28-04-2024,28-05-2024,03-06-2024,4,0.0,11681.08,Paid
5517,990,55,Rep_14,04-10-2025,06-10-2025,05-11-2025,05-11-2025,4,20.0,18308.03,Paid
5518,79,70,Rep_19,15-03-2025,15-03-2025,14-04-2025,15-04-2025,7,10.0,53923.4,Paid
5519,554,5,Rep_16,04-01-2025,06-01-2025,05-02-2025,,9,10.0,8294.72,Pending
5520,248,46,Rep_3,06-02-2024,06-02-2024,07-03-2024,09-05-2024,9,10.0,6754.83,Late
5521,187,22,Rep_29,23-06-2025,24-06-2025,24-07-2025,25-07-2025,4,15.0,2863.99,Paid
5522,978,24,Rep_4,16-08-2024,17-08-2024,16-09-2024,25-09-2024,2,15.0,6157.79,Paid
5523,572,23,Rep_3,01-07-2025,03-07-2025,02-08-2025,31-07-2025,6,0.0,17521.62,Paid
5524,361,83,Rep_13,17-06-2025,17-06-2025,17-07-2025,25-07-2025,10,15.0,19018.41,Paid
5525,925,28,Rep_24,06-02-2024,08-02-2024,09-03-2024,16-03-2024,8,15.0,27367.48,Paid
5526,268,83,Rep_7,29-01-2025,30-01-2025,01-03-2025,01-03-2025,10,10.0,20137.14,Paid
5527,869,62,Rep_4,31-07-2024,31-07-2024,30-08-2024,28-08-2024,1,5.0,6737.67,Paid
5528,415,20,Rep_27,29-08-2024,30-08-2024,29-09-2024,,3,10.0,5508.03,BadDebt
5529,124,17,Rep_1,10-10-2025,12-10-2025,11-11-2025,01-02-2026,2,20.0,12371.9,Late
5530,140,76,Rep_22,18-12-2024,18-12-2024,17-01-2025,25-01-2025,9,0.0,90354.06,Paid
5531,311,50,Rep_21,22-12-2024,23-12-2024,22-01-2025,04-04-2025,4,15.0,5529.35,Late
5532,707,31,Rep_12,17-10-2025,19-10-2025,18-11-2025,28-11-2025,8,10.0,33479.93,Paid
5533,881,42,Rep_29,25-12-2024,27-12-2024,26-01-2025,04-02-2025,3,5.0,29830.84,Paid
5534,470,98,Rep_30,18-02-2025,19-02-2025,21-03-2025,28-03-2025,8,10.0,8539.2,Paid
5535,662,20,Rep_4,24-01-2025,24-01-2025,23-02-2025,26-02-2025,9,0.0,18360.09,Paid
5536,890,48,Rep_1,29-09-2025,30-09-2025,30-10-2025,01-11-2025,9,20.0,36388.51,Paid
5537,396,73,Rep_12,12-01-2025,13-01-2025,12-02-2025,19-02-2025,6,15.0,18446.9,Paid
5538,936,98,Rep_20,09-03-2024,09-03-2024,08-04-2024,06-04-2024,1,0.0,1186.0,Paid
5539,301,4,Rep_4,06-10-2025,06-10-2025,05-11-2025,10-11-2025,7,5.0,19524.67,Paid
5540,112,59,Rep_17,19-05-2024,19-05-2024,18-06-2024,20-06-2024,4,10.0,10673.82,Paid
5541,305,11,Rep_10,20-11-2025,22-11-2025,22-12-2025,25-12-2025,8,15.0,13719.88,Paid
5542,733,31,Rep_21,01-04-2025,01-04-2025,01-05-2025,10-05-2025,8,5.0,35339.92,Paid
5543,754,9,Rep_28,28-05-2025,29-05-2025,28-06-2025,05-07-2025,8,20.0,1328.77,Paid
5544,373,21,Rep_9,24-11-2024,26-11-2024,26-12-2024,27-12-2024,6,10.0,25225.99,Paid
5545,299,32,Rep_18,07-03-2025,07-03-2025,06-04-2025,12-04-2025,8,5.0,21151.03,Paid
5546,572,97,Rep_12,18-02-2025,20-02-2025,22-03-2025,24-03-2025,2,10.0,13754.45,Paid
5547,907,89,Rep_16,21-02-2024,23-02-2024,24-03-2024,,7,20.0,10545.53,Pending
5548,498,74,Rep_14,30-11-2025,30-11-2025,30-12-2025,02-01-2026,1,20.0,7006.18,Paid
5549,348,67,Rep_16,22-10-2024,23-10-2024,22-11-2024,20-11-2024,6,5.0,20094.21,Paid
5550,888,33,Rep_13,30-04-2025,01-05-2025,31-05-2025,26-08-2025,1,20.0,1181.34,Late
5551,932,41,Rep_6,25-02-2024,26-02-2024,27-03-2024,02-04-2024,4,10.0,12812.65,Paid
5552,372,34,Rep_21,11-10-2025,12-10-2025,11-11-2025,10-11-2025,5,5.0,18935.78,Paid
5553,590,32,Rep_12,24-01-2025,26-01-2025,25-02-2025,23-02-2025,3,0.0,8349.09,Paid
5554,585,67,Rep_7,12-02-2024,14-02-2024,15-03-2024,25-03-2024,5,15.0,14982.52,Paid
5555,650,75,Rep_14,06-08-2024,06-08-2024,05-09-2024,09-09-2024,7,5.0,50277.13,Paid
5556,56,48,Rep_21,26-11-2024,27-11-2024,27-12-2024,28-12-2024,10,0.0,50539.6,Paid
5557,427,24,Rep_23,15-08-2024,15-08-2024,14-09-2024,22-09-2024,4,0.0,14488.92,Paid
5558,128,16,Rep_2,29-11-2025,29-11-2025,29-12-2025,03-01-2026,8,5.0,10101.24,Paid
5559,759,64,Rep_30,26-07-2025,28-07-2025,27-08-2025,30-10-2025,2,20.0,6549.92,Late
5560,12,89,Rep_27,02-03-2025,03-03-2025,02-04-2025,,9,20.0,13558.54,Pending
5561,91,56,Rep_16,24-11-2024,24-11-2024,24-12-2024,25-12-2024,4,20.0,8046.62,Paid
5562,301,78,Rep_20,15-02-2024,15-02-2024,16-03-2024,03-05-2024,1,10.0,6029.32,Late
5563,386,80,Rep_11,13-06-2025,15-06-2025,15-07-2025,20-07-2025,4,20.0,12007.2,Paid
5564,878,63,Rep_12,01-07-2024,02-07-2024,01-08-2024,01-09-2024,2,10.0,3006.59,Late
5565,585,53,Rep_30,05-06-2024,05-06-2024,05-07-2024,05-07-2024,4,0.0,17669.92,Paid
5566,139,49,Rep_17,03-11-2025,05-11-2025,05-12-2025,,7,0.0,53085.34,Pending
5567,707,47,Rep_30,07-01-2025,08-01-2025,07-02-2025,06-02-2025,9,0.0,24224.58,Paid
5568,892,12,Rep_16,04-11-2024,04-11-2024,04-12-2024,08-12-2024,3,10.0,27621.62,Paid
5569,724,1,Rep_21,20-09-2024,22-09-2024,22-10-2024,27-11-2024,2,0.0,10843.44,Late
5570,660,51,Rep_17,09-10-2024,11-10-2024,10-11-2024,13-11-2024,10,15.0,82619.58,Paid
5571,967,52,Rep_25,29-09-2024,29-09-2024,29-10-2024,03-11-2024,6,5.0,41708.15,Paid
5572,72,1,Rep_7,06-01-2025,06-01-2025,05-02-2025,08-02-2025,7,10.0,34156.84,Paid
5573,979,33,Rep_27,15-07-2024,16-07-2024,15-08-2024,22-08-2024,2,20.0,2362.67,Paid
5574,32,4,Rep_26,21-06-2024,22-06-2024,22-07-2024,01-08-2024,2,5.0,5578.48,Paid
5575,985,51,Rep_4,16-05-2024,17-05-2024,16-06-2024,19-06-2024,8,20.0,62207.68,Paid
5576,750,65,Rep_29,14-11-2024,16-11-2024,16-12-2024,15-12-2024,8,5.0,24149.53,Paid
5577,153,10,Rep_16,27-12-2025,29-12-2025,28-01-2026,05-02-2026,5,15.0,21629.86,Paid
5578,72,81,Rep_13,03-03-2025,05-03-2025,04-04-2025,,10,20.0,10136.24,BadDebt
5579,707,68,Rep_30,05-12-2025,05-12-2025,04-01-2026,11-01-2026,5,0.0,47916.7,Paid
5580,4,76,Rep_17,21-04-2025,21-04-2025,21-05-2025,,4,5.0,38149.49,Pending
5581,228,66,Rep_16,14-06-2024,16-06-2024,16-07-2024,16-07-2024,10,20.0,88519.6,Paid
5582,630,58,Rep_10,04-10-2025,06-10-2025,05-11-2025,07-11-2025,5,15.0,11431.39,Paid
5583,493,33,Rep_1,05-08-2025,06-08-2025,05-09-2025,,10,0.0,14766.7,Pending
5584,797,48,Rep_19,10-05-2024,10-05-2024,09-06-2024,03-09-2024,9,0.0,45485.64,Late
5585,554,69,Rep_17,14-03-2024,14-03-2024,13-04-2024,23-04-2024,9,20.0,60381.36,Paid
5586,178,30,Rep_11,31-05-2024,31-05-2024,30-06-2024,,2,0.0,3973.34,Pending
5587,177,42,Rep_16,27-09-2024,29-09-2024,29-10-2024,31-10-2024,6,15.0,53381.5,Paid
5588,675,14,Rep_28,27-02-2024,27-02-2024,28-03-2024,,4,5.0,11405.02,BadDebt
5589,59,66,Rep_9,11-04-2024,12-04-2024,12-05-2024,12-05-2024,4,15.0,37620.83,Paid
5590,697,36,Rep_11,18-01-2025,20-01-2025,19-02-2025,24-02-2025,4,5.0,3396.4,Paid
5591,269,65,Rep_30,11-04-2025,12-04-2025,12-05-2025,18-05-2025,2,10.0,5719.63,Paid
5592,915,46,Rep_3,09-12-2024,11-12-2024,10-01-2025,09-01-2025,8,5.0,6337.87,Paid
5593,445,7,Rep_6,26-04-2024,27-04-2024,27-05-2024,,5,15.0,2983.63,Pending
5594,129,78,Rep_10,08-12-2025,09-12-2025,08-01-2026,07-01-2026,10,15.0,56943.62,Paid
5595,900,13,Rep_24,14-07-2025,16-07-2025,15-08-2025,18-08-2025,5,0.0,33606.8,Paid
5596,754,2,Rep_13,11-11-2025,13-11-2025,13-12-2025,23-12-2025,3,0.0,25318.41,Paid
5597,713,79,Rep_14,28-08-2025,28-08-2025,27-09-2025,,10,15.0,13751.81,Pending
5598,590,90,Rep_24,22-03-2024,22-03-2024,21-04-2024,27-04-2024,8,0.0,45224.72,Paid
5599,459,34,Rep_29,11-12-2025,13-12-2025,12-01-2026,,2,15.0,6777.02,Pending
5600,484,7,Rep_4,22-11-2025,24-11-2025,24-12-2025,28-12-2025,7,15.0,4177.08,Paid
5601,564,23,Rep_20,24-01-2024,24-01-2024,23-02-2024,,6,5.0,16645.54,Pending
5602,62,9,Rep_26,11-12-2024,12-12-2024,11-01-2025,,2,10.0,373.72,Pending
5603,349,12,Rep_18,18-04-2024,20-04-2024,20-05-2024,19-05-2024,2,15.0,17391.39,Paid
5604,279,66,Rep_15,26-02-2024,28-02-2024,29-03-2024,06-05-2024,5,20.0,44259.8,Late
5605,675,13,Rep_26,13-12-2025,14-12-2025,13-01-2026,15-01-2026,1,5.0,6385.29,Paid
5606,780,94,Rep_12,21-10-2024,21-10-2024,20-11-2024,26-11-2024,4,20.0,8885.76,Paid
5607,989,29,Rep_18,12-10-2025,14-10-2025,13-11-2025,16-11-2025,8,0.0,42179.68,Paid
5608,356,9,Rep_15,02-10-2025,02-10-2025,01-11-2025,03-11-2025,1,5.0,197.24,Paid
5609,549,79,Rep_27,24-11-2025,24-11-2025,24-12-2025,30-12-2025,2,10.0,2912.15,Paid
5610,3,74,Rep_25,09-02-2025,11-02-2025,13-03-2025,,7,5.0,58238.9,Pending
5611,803,92,Rep_23,31-12-2024,31-12-2024,30-01-2025,30-01-2025,2,0.0,8682.32,Paid
5612,450,18,Rep_19,11-02-2024,12-02-2024,13-03-2024,16-03-2024,5,20.0,8752.24,Paid
5613,987,3,Rep_27,03-09-2024,04-09-2024,04-10-2024,05-10-2024,8,10.0,59657.62,Paid
5614,63,65,Rep_17,21-12-2025,23-12-2025,22-01-2026,31-01-2026,7,20.0,17794.39,Paid
5615,453,7,Rep_24,11-10-2024,13-10-2024,12-11-2024,17-11-2024,3,20.0,1684.87,Paid
5616,87,75,Rep_1,12-03-2024,13-03-2024,12-04-2024,,4,15.0,25705.6,Pending
5617,774,58,Rep_19,29-05-2024,29-05-2024,28-06-2024,07-07-2024,9,20.0,19366.13,Paid
5618,942,63,Rep_11,03-01-2024,05-01-2024,04-02-2024,,8,15.0,11358.24,Pending
5619,915,96,Rep_5,03-11-2024,05-11-2024,05-12-2024,07-12-2024,5,5.0,37891.8,Paid
5620,223,19,Rep_2,06-04-2024,06-04-2024,06-05-2024,,7,15.0,55797.97,Pending
5621,748,44,Rep_23,13-11-2025,15-11-2025,15-12-2025,20-12-2025,1,20.0,3924.56,Paid
5622,875,16,Rep_27,12-07-2025,12-07-2025,11-08-2025,13-08-2025,4,0.0,5316.44,Paid
5623,564,83,Rep_26,10-08-2024,10-08-2024,09-09-2024,,5,10.0,10068.57,Pending
5624,947,64,Rep_18,14-10-2025,15-10-2025,14-11-2025,21-11-2025,9,15.0,31316.8,Paid
5625,983,64,Rep_29,13-10-2024,15-10-2024,14-11-2024,23-11-2024,5,15.0,17398.22,Paid
5626,195,22,Rep_14,04-07-2025,05-07-2025,04-08-2025,,5,5.0,4001.16,BadDebt
5627,473,12,Rep_27,14-12-2025,16-12-2025,15-01-2026,18-03-2026,5,5.0,48593.59,Late
5628,920,39,Rep_3,24-02-2024,25-02-2024,26-03-2024,25-03-2024,3,10.0,19661.16,Paid
5629,39,13,Rep_2,09-06-2024,11-06-2024,11-07-2024,10-07-2024,9,0.0,60492.24,Paid
5630,183,95,Rep_3,13-04-2024,13-04-2024,13-05-2024,17-05-2024,10,5.0,9460.48,Paid
5631,278,61,Rep_3,03-07-2024,05-07-2024,04-08-2024,02-08-2024,7,5.0,4958.71,Paid
5632,941,76,Rep_12,13-05-2024,14-05-2024,13-06-2024,13-06-2024,10,10.0,90354.06,Paid
5633,880,68,Rep_9,19-12-2025,20-12-2025,19-01-2026,26-01-2026,7,0.0,67083.38,Paid
5634,778,59,Rep_30,20-05-2024,21-05-2024,20-06-2024,19-06-2024,9,20.0,21347.64,Paid
5635,274,50,Rep_20,25-05-2024,25-05-2024,24-06-2024,26-06-2024,5,10.0,7318.26,Paid
5636,447,88,Rep_4,03-05-2025,03-05-2025,02-06-2025,02-06-2025,2,10.0,11239.56,Paid
5637,475,84,Rep_27,25-07-2025,25-07-2025,24-08-2025,,7,15.0,5574.14,Pending
5638,507,8,Rep_28,15-07-2024,17-07-2024,16-08-2024,09-11-2024,10,10.0,74143.08,Late
5639,745,34,Rep_5,26-05-2024,27-05-2024,26-06-2024,30-06-2024,5,20.0,15945.92,Paid
5640,456,98,Rep_29,09-04-2024,10-04-2024,10-05-2024,28-06-2024,1,0.0,1186.0,Late
5641,586,47,Rep_30,15-06-2024,16-06-2024,16-07-2024,17-07-2024,5,10.0,12112.29,Paid
5642,619,62,Rep_12,22-03-2024,24-03-2024,23-04-2024,22-04-2024,3,0.0,21276.84,Paid
5643,506,46,Rep_13,13-10-2025,15-10-2025,14-11-2025,19-11-2025,10,10.0,7505.37,Paid
5644,429,36,Rep_23,22-01-2025,24-01-2025,23-02-2025,27-02-2025,7,15.0,5318.05,Paid
5645,310,90,Rep_25,06-06-2025,06-06-2025,06-07-2025,13-07-2025,5,0.0,28265.45,Paid
5646,114,55,Rep_5,19-12-2025,20-12-2025,19-01-2026,03-03-2026,3,10.0,15447.4,Late
5647,409,13,Rep_11,14-01-2024,14-01-2024,13-02-2024,19-02-2024,4,10.0,24196.9,Paid
5648,103,98,Rep_11,24-09-2025,26-09-2025,26-10-2025,29-10-2025,2,10.0,2134.8,Paid
5649,88,69,Rep_15,20-08-2024,21-08-2024,20-09-2024,21-09-2024,10,15.0,71283.55,Paid
5650,222,98,Rep_19,18-09-2024,18-09-2024,18-10-2024,16-10-2024,8,10.0,8539.2,Paid
5651,674,28,Rep_9,27-11-2024,28-11-2024,28-12-2024,,6,0.0,24147.78,Pending
5652,743,90,Rep_1,14-09-2025,15-09-2025,15-10-2025,24-10-2025,3,0.0,16959.27,Paid
5653,811,13,Rep_28,28-05-2024,30-05-2024,29-06-2024,22-08-2024,6,20.0,32262.53,Late
5654,378,74,Rep_11,26-06-2024,27-06-2024,27-07-2024,05-08-2024,8,0.0,70061.84,Paid
5655,222,49,Rep_2,17-02-2024,17-02-2024,18-03-2024,17-03-2024,8,0.0,60668.96,Paid
5656,155,89,Rep_23,29-12-2024,29-12-2024,28-01-2025,01-02-2025,2,10.0,3389.63,Paid
5657,125,61,Rep_28,16-08-2025,16-08-2025,15-09-2025,26-11-2025,7,10.0,4697.72,Late
5658,124,9,Rep_13,11-04-2024,12-04-2024,12-05-2024,,7,20.0,1162.67,Pending
5659,506,31,Rep_28,04-05-2025,04-05-2025,03-06-2025,06-06-2025,4,20.0,14879.97,Paid
5660,334,81,Rep_5,21-08-2025,23-08-2025,22-09-2025,27-09-2025,4,0.0,5068.12,Paid
5661,823,100,Rep_22,17-03-2024,19-03-2024,18-04-2024,,3,10.0,9041.25,Pending
5662,714,50,Rep_19,11-05-2024,13-05-2024,12-06-2024,13-06-2024,7,5.0,10814.76,Paid
5663,881,34,Rep_23,15-01-2024,16-01-2024,15-02-2024,17-02-2024,7,0.0,27905.36,Paid
5664,282,77,Rep_2,25-07-2025,26-07-2025,25-08-2025,30-08-2025,6,5.0,5281.39,Paid
5665,304,67,Rep_23,21-04-2024,21-04-2024,21-05-2024,,4,10.0,12691.08,Pending
5666,439,80,Rep_1,08-10-2024,08-10-2024,07-11-2024,,6,0.0,22513.5,Pending
5667,359,50,Rep_18,11-01-2025,13-01-2025,12-02-2025,15-02-2025,5,20.0,6505.12,Paid
5668,931,49,Rep_30,31-03-2024,31-03-2024,30-04-2024,08-05-2024,6,20.0,36401.38,Paid
5669,491,27,Rep_22,12-02-2024,14-02-2024,15-03-2024,18-04-2024,8,5.0,11500.93,Late
5670,396,32,Rep_23,31-01-2025,01-02-2025,03-03-2025,04-03-2025,2,5.0,5287.76,Paid
5671,253,27,Rep_6,11-07-2025,13-07-2025,12-08-2025,14-08-2025,8,0.0,12106.24,Paid
5672,202,91,Rep_6,02-01-2025,04-01-2025,03-02-2025,22-04-2025,4,20.0,28067.46,Late
5673,175,66,Rep_20,01-06-2024,03-06-2024,03-07-2024,,2,10.0,19916.91,Pending
5674,392,2,Rep_30,27-10-2024,27-10-2024,26-11-2024,04-12-2024,8,10.0,60764.18,Paid
5675,288,70,Rep_24,21-03-2024,21-03-2024,20-04-2024,25-04-2024,9,5.0,73181.76,Paid
5676,134,30,Rep_8,28-11-2024,28-11-2024,28-12-2024,03-01-2025,5,5.0,9436.68,Paid
5677,836,80,Rep_8,02-02-2025,02-02-2025,04-03-2025,04-03-2025,7,5.0,24952.46,Paid
5678,614,18,Rep_9,22-08-2025,23-08-2025,22-09-2025,01-10-2025,9,15.0,16738.66,Paid
5679,430,92,Rep_29,27-11-2025,29-11-2025,29-12-2025,25-03-2026,4,0.0,17364.64,Late
5680,370,75,Rep_6,06-07-2024,07-07-2024,06-08-2024,13-08-2024,5,20.0,30241.88,Paid
5681,423,38,Rep_24,25-11-2024,26-11-2024,26-12-2024,26-12-2024,8,15.0,26230.05,Paid
5682,83,82,Rep_22,04-05-2024,06-05-2024,05-06-2024,22-07-2024,2,5.0,7531.87,Late
5683,165,75,Rep_15,08-04-2024,08-04-2024,08-05-2024,10-05-2024,5,0.0,37802.35,Paid
5684,2,72,Rep_12,30-06-2024,30-06-2024,30-07-2024,06-08-2024,7,0.0,37820.37,Paid
5685,560,18,Rep_21,30-11-2025,02-12-2025,01-01-2026,10-01-2026,5,5.0,10393.28,Paid
5686,867,4,Rep_4,27-09-2024,28-09-2024,28-10-2024,27-10-2024,3,20.0,7046.5,Paid
5687,691,62,Rep_24,09-11-2024,11-11-2024,11-12-2024,,8,10.0,51064.42,Pending
5688,351,16,Rep_6,30-05-2025,30-05-2025,29-06-2025,29-08-2025,1,10.0,1196.2,Late
5689,465,98,Rep_24,06-05-2024,08-05-2024,07-06-2024,10-06-2024,1,15.0,1008.1,Paid
5690,8,29,Rep_26,11-01-2025,13-01-2025,12-02-2025,13-02-2025,10,15.0,44815.91,Paid
5691,922,88,Rep_12,18-03-2025,20-03-2025,19-04-2025,21-04-2025,6,5.0,35591.94,Paid
5692,478,23,Rep_11,26-08-2024,27-08-2024,26-09-2024,06-10-2024,10,20.0,23362.16,Paid
5693,367,21,Rep_19,22-06-2024,24-06-2024,24-07-2024,29-07-2024,8,0.0,37371.84,Paid
5694,291,46,Rep_11,27-07-2025,28-07-2025,27-08-2025,,5,5.0,3961.17,Pending
5695,515,93,Rep_22,08-04-2025,08-04-2025,08-05-2025,02-08-2025,10,0.0,18114.7,Late
5696,700,73,Rep_21,15-02-2025,16-02-2025,18-03-2025,26-03-2025,6,5.0,20617.13,Paid
5697,221,19,Rep_12,30-07-2024,30-07-2024,29-08-2024,28-08-2024,8,0.0,75022.48,Paid
5698,489,56,Rep_29,12-07-2024,12-07-2024,11-08-2024,14-08-2024,2,15.0,4274.77,Paid
5699,434,82,Rep_16,29-04-2025,30-04-2025,30-05-2025,16-08-2025,7,5.0,26361.53,Late
5700,659,3,Rep_17,05-08-2024,06-08-2024,05-09-2024,11-09-2024,7,0.0,58000.46,Paid
5701,120,88,Rep_25,12-04-2025,13-04-2025,13-05-2025,,5,0.0,31221.0,Pending
5702,642,71,Rep_13,20-02-2025,21-02-2025,23-03-2025,23-03-2025,3,20.0,1121.69,Paid
5703,457,21,,18-04-2025,19-04-2025,19-05-2025,,1,0.0,4671.48,Pending
5704,383,72,Rep_3,24-07-2025,24-07-2025,23-08-2025,21-10-2025,1,5.0,5132.76,Late
5705,276,86,Rep_9,10-12-2025,12-12-2025,11-01-2026,14-01-2026,1,0.0,4882.69,Paid
5706,265,7,Rep_14,09-12-2025,10-12-2025,09-01-2026,08-01-2026,3,10.0,1895.48,Paid
5707,333,43,Rep_22,02-10-2025,03-10-2025,02-11-2025,04-11-2025,1,5.0,197.68,Paid
5708,56,15,Rep_7,05-01-2025,07-01-2025,06-02-2025,07-02-2025,1,20.0,4941.14,Paid
5709,787,56,Rep_25,14-10-2025,16-10-2025,15-11-2025,23-11-2025,2,10.0,4526.23,Paid
5710,211,34,Rep_30,01-12-2024,01-12-2024,31-12-2024,07-03-2025,10,15.0,33885.08,Late
5711,77,95,Rep_28,10-08-2024,11-08-2024,10-09-2024,,7,15.0,5925.25,Pending
5712,64,50,Rep_4,11-01-2024,12-01-2024,11-02-2024,14-02-2024,1,15.0,1382.34,Paid
5713,235,23,Rep_20,18-07-2025,20-07-2025,19-08-2025,28-08-2025,2,10.0,5256.49,Paid
5714,207,67,Rep_14,01-08-2025,01-08-2025,31-08-2025,30-08-2025,8,5.0,26792.28,Paid
5715,924,86,Rep_3,01-01-2025,01-01-2025,31-01-2025,08-02-2025,2,0.0,9765.38,Paid
5716,566,14,Rep_8,21-05-2024,22-05-2024,21-06-2024,27-08-2024,3,15.0,7653.37,Late
5717,652,23,Rep_14,28-04-2025,28-04-2025,28-05-2025,06-06-2025,10,15.0,24822.3,Paid
5718,949,53,Rep_20,17-09-2025,18-09-2025,18-10-2025,22-10-2025,9,10.0,35781.59,Paid
5719,900,11,Rep_6,26-09-2025,27-09-2025,27-10-2025,04-11-2025,10,15.0,17149.86,Paid
5720,250,77,Rep_21,15-09-2024,16-09-2024,16-10-2024,27-12-2024,10,10.0,8339.04,Late
5721,317,43,Rep_27,10-04-2025,12-04-2025,12-05-2025,19-05-2025,1,5.0,197.68,Paid
5722,118,40,Rep_3,02-11-2025,03-11-2025,03-12-2025,02-03-2026,1,5.0,5236.08,Late
5723,520,32,Rep_29,31-03-2025,01-04-2025,01-05-2025,05-06-2025,1,20.0,2226.42,Late
5724,615,70,Rep_2,09-04-2024,11-04-2024,11-05-2024,12-05-2024,8,20.0,54779.33,Paid
5725,4,66,Rep_8,01-11-2025,03-11-2025,03-12-2025,12-12-2025,5,10.0,49792.28,Paid
5726,864,87,Rep_29,17-05-2024,18-05-2024,17-06-2024,17-06-2024,2,0.0,3300.06,Paid
5727,582,35,Rep_17,05-01-2025,07-01-2025,06-02-2025,16-02-2025,3,15.0,15283.3,Paid
5728,136,10,Rep_1,20-02-2025,21-02-2025,23-03-2025,25-03-2025,7,5.0,33844.38,Paid
5729,525,70,Rep_4,17-06-2025,19-06-2025,19-07-2025,,8,15.0,58203.04,BadDebt
5730,469,57,Rep_25,18-06-2024,18-06-2024,18-07-2024,21-07-2024,6,15.0,3723.0,Paid
5731,238,46,Rep_14,21-10-2024,23-10-2024,22-11-2024,01-12-2024,1,15.0,708.84,Paid
5732,965,92,Rep_15,14-03-2024,16-03-2024,15-04-2024,22-04-2024,1,5.0,4124.1,Paid
5733,100,2,Rep_18,23-06-2024,24-06-2024,24-07-2024,25-07-2024,8,10.0,60764.18,Paid
5734,712,45,Rep_30,14-11-2025,14-11-2025,14-12-2025,21-12-2025,5,0.0,20163.75,Paid
5735,892,61,Rep_4,17-05-2024,17-05-2024,16-06-2024,26-06-2024,10,20.0,5965.36,Paid
5736,517,19,Rep_25,08-04-2024,10-04-2024,10-05-2024,08-07-2024,7,0.0,65644.67,Late
5737,373,41,Rep_8,02-07-2025,04-07-2025,03-08-2025,11-08-2025,8,0.0,28472.56,Paid
5738,931,60,Rep_29,20-02-2025,22-02-2025,24-03-2025,20-05-2025,8,5.0,35259.74,Late
5739,402,49,Rep_26,31-01-2024,01-02-2024,02-03-2024,13-04-2024,9,15.0,58014.69,Late
5740,131,27,Rep_24,17-07-2025,17-07-2025,16-08-2025,15-08-2025,3,0.0,4539.84,Paid
5741,922,56,Rep_6,03-07-2024,05-07-2024,04-08-2024,08-08-2024,9,5.0,21499.57,Paid
5742,891,8,Rep_1,31-10-2025,01-11-2025,01-12-2025,07-12-2025,6,10.0,44485.85,Paid
5743,646,92,Rep_20,07-11-2025,08-11-2025,08-12-2025,,9,20.0,31256.35,BadDebt
5744,895,31,Rep_10,29-05-2024,29-05-2024,28-06-2024,06-07-2024,4,5.0,17669.96,Paid
5745,490,78,Rep_12,29-11-2024,29-11-2024,29-12-2024,07-01-2025,9,10.0,54263.92,Paid
5746,291,40,Rep_7,28-02-2025,28-02-2025,30-03-2025,09-04-2025,5,10.0,24802.47,Paid
5747,743,85,Rep_15,30-01-2025,31-01-2025,02-03-2025,03-05-2025,1,0.0,2357.36,Late
5748,264,57,Rep_28,29-09-2024,29-09-2024,29-10-2024,07-11-2024,1,15.0,620.5,Paid
5749,513,4,Rep_22,11-12-2025,13-12-2025,12-01-2026,10-03-2026,10,0.0,29360.4,Late
5750,643,64,Rep_9,23-02-2024,25-02-2024,26-03-2024,,9,0.0,36843.3,Pending
5751,64,62,Rep_13,03-12-2024,03-12-2024,02-01-2025,12-01-2025,9,15.0,54255.94,Paid
5752,434,100,Rep_3,04-02-2025,05-02-2025,07-03-2025,14-03-2025,6,20.0,16073.33,Paid
5753,732,5,Rep_23,15-02-2024,17-02-2024,18-03-2024,24-03-2024,6,10.0,5529.82,Paid
5754,70,56,Rep_28,23-05-2025,25-05-2025,24-06-2025,23-06-2025,3,15.0,6412.15,Paid
5755,416,12,Rep_28,09-05-2025,09-05-2025,08-06-2025,13-06-2025,1,20.0,8184.18,Paid
5756,765,61,Rep_11,23-05-2024,23-05-2024,22-06-2024,,7,10.0,4697.72,BadDebt
5757,474,11,Rep_18,09-09-2024,09-09-2024,09-10-2024,12-10-2024,9,0.0,18158.67,Paid
5758,234,3,Rep_13,06-02-2024,07-02-2024,08-03-2024,09-03-2024,7,5.0,55100.44,Paid
5759,685,43,Rep_3,08-09-2024,10-09-2024,10-10-2024,17-10-2024,4,0.0,832.32,Paid
5760,512,89,Rep_1,24-01-2025,24-01-2025,23-02-2025,,1,10.0,1694.82,Pending
5761,36,56,Rep_20,03-12-2025,05-12-2025,04-01-2026,07-01-2026,9,0.0,22631.13,Paid
5762,153,74,Rep_1,13-12-2025,15-12-2025,14-01-2026,15-01-2026,7,15.0,52108.49,Paid
5763,567,10,Rep_7,28-07-2025,29-07-2025,28-08-2025,26-08-2025,4,15.0,17303.89,Paid
5764,77,23,Rep_22,13-12-2024,13-12-2024,12-01-2025,22-01-2025,7,0.0,20441.89,Paid
5765,320,9,Rep_7,01-12-2024,03-12-2024,02-01-2025,02-01-2025,2,20.0,332.19,Paid
5766,212,3,Rep_20,16-02-2024,18-02-2024,19-03-2024,29-03-2024,4,5.0,31485.96,Paid
5767,711,46,Rep_1,17-04-2025,17-04-2025,17-05-2025,22-05-2025,6,15.0,4253.04,Paid
5768,878,40,Rep_7,13-01-2025,13-01-2025,12-02-2025,12-02-2025,6,20.0,26455.97,Paid
5769,269,75,Rep_9,02-11-2024,04-11-2024,04-12-2024,05-12-2024,1,20.0,6048.38,Paid
5770,370,20,Rep_28,18-05-2024,19-05-2024,18-06-2024,25-06-2024,5,5.0,9690.05,Paid
5771,266,12,Rep_28,28-08-2024,29-08-2024,28-09-2024,07-11-2024,6,10.0,55243.24,Late
5772,217,95,Rep_4,13-07-2024,15-07-2024,14-08-2024,17-08-2024,7,0.0,6970.88,Paid
5773,717,32,Rep_24,19-05-2025,19-05-2025,18-06-2025,,7,15.0,16559.03,Pending
5774,968,28,Rep_17,14-01-2025,16-01-2025,15-02-2025,24-02-2025,3,0.0,12073.89,Paid
5775,968,74,Rep_7,16-07-2025,16-07-2025,15-08-2025,13-08-2025,9,15.0,66996.63,Paid
5776,669,9,Rep_1,11-07-2024,13-07-2024,12-08-2024,20-10-2024,2,20.0,332.19,Late
5777,880,98,Rep_8,06-06-2025,06-06-2025,06-07-2025,10-07-2025,9,0.0,10674.0,Paid
5778,326,83,Rep_1,15-06-2025,16-06-2025,16-07-2025,22-07-2025,4,10.0,8054.86,Paid
5779,556,68,Rep_18,07-04-2025,08-04-2025,08-05-2025,15-05-2025,7,20.0,53666.7,Paid
5780,53,23,Rep_17,13-10-2024,14-10-2024,13-11-2024,15-11-2024,3,5.0,8322.77,Paid
5781,649,93,Rep_5,25-01-2025,26-01-2025,25-02-2025,23-02-2025,10,5.0,17208.96,Paid
5782,827,63,Rep_15,16-01-2025,17-01-2025,16-02-2025,,3,10.0,4509.89,BadDebt
5783,591,71,Rep_13,31-07-2024,01-08-2024,31-08-2024,08-09-2024,10,0.0,4673.7,Paid
5784,522,49,Rep_18,02-03-2025,04-03-2025,03-04-2025,02-04-2025,5,0.0,37918.1,Paid
5785,909,44,Rep_7,10-10-2024,11-10-2024,10-11-2024,15-11-2024,10,5.0,46604.15,Paid
5786,353,88,Rep_29,31-03-2025,31-03-2025,30-04-2025,29-04-2025,2,15.0,10615.14,Paid
5787,418,12,Rep_30,21-12-2025,22-12-2025,21-01-2026,25-01-2026,7,10.0,64450.45,Paid
5788,538,89,Rep_4,13-09-2025,15-09-2025,15-10-2025,14-10-2025,1,15.0,1600.66,Paid
5789,15,23,Rep_30,19-06-2024,21-06-2024,21-07-2024,29-07-2024,6,20.0,14017.3,Paid
5790,343,46,Rep_10,26-06-2024,26-06-2024,26-07-2024,,10,10.0,7505.37,Pending
5791,446,3,Rep_16,04-10-2024,06-10-2024,05-11-2024,07-11-2024,9,15.0,63386.22,Paid
5792,451,96,Rep_22,19-11-2024,20-11-2024,20-12-2024,20-12-2024,7,5.0,53048.51,Paid
5793,38,65,Rep_20,17-08-2025,19-08-2025,18-09-2025,19-09-2025,1,5.0,3018.69,Paid
5794,782,5,Rep_1,21-04-2025,22-04-2025,22-05-2025,27-05-2025,5,5.0,4864.19,Paid
5795,699,59,Rep_27,24-02-2024,25-02-2024,26-03-2024,05-04-2024,1,0.0,2964.95,Paid
5796,794,38,Rep_20,20-08-2024,22-08-2024,21-09-2024,01-10-2024,8,5.0,29315.94,Paid
5797,713,29,Rep_5,08-04-2024,10-04-2024,10-05-2024,,6,5.0,30053.02,BadDebt
5798,128,87,Rep_6,19-02-2024,19-02-2024,20-03-2024,26-03-2024,6,5.0,9405.17,Paid
5799,86,6,Rep_23,31-03-2025,02-04-2025,02-05-2025,,9,10.0,79229.99,Pending
5800,429,19,Rep_13,02-02-2024,03-02-2024,04-03-2024,12-04-2024,1,0.0,9377.81,Late
5801,178,61,Rep_10,17-06-2024,18-06-2024,18-07-2024,20-07-2024,1,0.0,745.67,Paid
5802,830,92,Rep_21,26-03-2025,28-03-2025,27-04-2025,03-05-2025,2,20.0,6945.86,Paid
5803,924,96,Rep_18,15-04-2024,15-04-2024,15-05-2024,22-07-2024,5,20.0,31908.88,Late
5804,479,54,Rep_15,16-12-2025,16-12-2025,15-01-2026,25-01-2026,10,10.0,60013.44,Paid
5805,545,89,Rep_8,25-06-2025,26-06-2025,26-07-2025,05-08-2025,4,10.0,6779.27,Paid
5806,293,43,Rep_22,16-04-2025,16-04-2025,16-05-2025,25-05-2025,8,5.0,1581.41,Paid
5807,610,26,Rep_8,06-05-2024,08-05-2024,07-06-2024,14-06-2024,9,0.0,77554.26,Paid
5808,454,66,Rep_25,15-04-2024,17-04-2024,17-05-2024,16-05-2024,6,10.0,59750.73,Paid
5809,225,57,Rep_9,08-09-2024,10-09-2024,10-10-2024,15-10-2024,8,0.0,5840.0,Paid
5810,345,70,Rep_19,30-06-2025,01-07-2025,31-07-2025,04-08-2025,5,5.0,40656.53,Paid
5811,943,5,Rep_9,12-02-2025,12-02-2025,14-03-2025,20-03-2025,8,15.0,6963.47,Paid
5812,514,37,Rep_17,08-02-2024,08-02-2024,09-03-2024,08-03-2024,1,20.0,5417.21,Paid
5813,471,53,Rep_19,28-12-2025,28-12-2025,27-01-2026,03-02-2026,7,15.0,26284.01,Paid
5814,596,73,Rep_23,10-07-2024,11-07-2024,10-08-2024,,4,15.0,12297.94,Pending
5815,506,75,Rep_16,15-06-2025,17-06-2025,17-07-2025,24-07-2025,8,20.0,48387.01,Paid
5816,747,74,Rep_4,07-06-2025,07-06-2025,07-07-2025,,4,20.0,28024.74,Pending
5817,194,52,Rep_5,13-05-2024,14-05-2024,13-06-2024,22-06-2024,4,0.0,29268.88,Paid
5818,724,49,Rep_27,24-09-2024,25-09-2024,25-10-2024,27-10-2024,6,15.0,38676.46,Paid
5819,959,83,Rep_27,02-12-2024,02-12-2024,01-01-2025,09-01-2025,7,15.0,13312.89,Paid
5820,513,72,Rep_5,12-01-2024,13-01-2024,12-02-2024,14-02-2024,8,10.0,38900.95,Paid
5821,584,95,Rep_28,01-06-2024,01-06-2024,01-07-2024,02-07-2024,8,0.0,7966.72,Paid
5822,198,87,Rep_6,30-05-2025,01-06-2025,01-07-2025,11-07-2025,2,5.0,3135.06,Paid
5823,623,21,Rep_14,02-07-2025,04-07-2025,03-08-2025,,1,20.0,3737.18,Pending
5824,229,68,Rep_1,04-12-2025,05-12-2025,04-01-2026,09-01-2026,6,0.0,57500.04,Paid
5825,88,41,Rep_6,07-08-2025,09-08-2025,08-09-2025,06-09-2025,6,15.0,18151.26,Paid
5826,508,84,Rep_29,06-02-2024,06-02-2024,07-03-2024,16-03-2024,2,5.0,1779.98,Paid
5827,61,50,Rep_8,04-07-2025,05-07-2025,04-08-2025,12-08-2025,7,10.0,10245.56,Paid
5828,872,47,Rep_28,30-11-2024,01-12-2024,31-12-2024,08-01-2025,10,5.0,25570.39,Paid
5829,39,89,Rep_23,25-12-2025,27-12-2025,26-01-2026,03-02-2026,3,10.0,5084.45,Paid
5830,226,6,Rep_16,05-10-2025,06-10-2025,05-11-2025,06-12-2025,9,10.0,79229.99,Late
5831,125,75,Rep_4,11-07-2024,12-07-2024,11-08-2024,21-08-2024,7,10.0,47630.96,Paid
5832,127,66,Rep_1,19-05-2024,19-05-2024,18-06-2024,17-06-2024,4,5.0,42046.81,Paid
5833,184,25,Rep_18,10-06-2024,12-06-2024,12-07-2024,,2,5.0,860.3,BadDebt
5834,909,65,Rep_5,03-05-2024,04-05-2024,03-06-2024,,8,5.0,24149.53,BadDebt
5835,276,80,Rep_5,27-03-2024,28-03-2024,27-04-2024,31-05-2024,2,20.0,6003.6,Late
5836,1,43,Rep_30,17-09-2025,18-09-2025,18-10-2025,20-10-2025,3,20.0,499.39,Paid
5837,253,82,Rep_26,27-11-2024,27-11-2024,27-12-2024,07-03-2025,5,0.0,19820.7,Late
5838,89,63,Rep_26,20-02-2025,20-02-2025,22-03-2025,21-03-2025,10,0.0,16703.3,Paid
5839,750,15,Rep_1,21-03-2025,23-03-2025,22-04-2025,20-04-2025,2,10.0,11117.56,Paid
5840,986,39,Rep_5,21-11-2025,23-11-2025,23-12-2025,21-12-2025,7,10.0,45876.03,Paid
5841,31,81,Rep_12,27-01-2024,29-01-2024,28-02-2024,07-03-2024,3,15.0,3230.93,Paid
5842,707,86,Rep_21,30-07-2025,30-07-2025,29-08-2025,29-08-2025,6,5.0,27831.33,Paid
5843,360,53,Rep_3,05-12-2025,07-12-2025,06-01-2026,15-01-2026,2,15.0,7509.72,Paid
5844,146,60,Rep_19,23-09-2025,24-09-2025,24-10-2025,08-01-2026,1,0.0,4639.44,Late
5845,329,26,Rep_7,11-09-2024,13-09-2024,13-10-2024,02-12-2024,10,15.0,73245.69,Late
5846,570,55,Rep_27,15-07-2025,17-07-2025,16-08-2025,22-08-2025,7,0.0,40048.82,Paid
5847,689,18,Rep_13,12-12-2025,12-12-2025,11-01-2026,14-01-2026,5,0.0,10940.3,Paid
5848,439,50,Rep_24,16-06-2025,18-06-2025,18-07-2025,26-07-2025,1,0.0,1626.28,Paid
5849,170,44,Rep_27,07-07-2025,08-07-2025,07-08-2025,14-08-2025,1,15.0,4169.84,Paid
5850,625,70,Rep_24,09-07-2024,11-07-2024,10-08-2024,09-08-2024,5,15.0,36376.9,Paid
5851,628,100,Rep_19,17-04-2025,19-04-2025,19-05-2025,24-05-2025,3,20.0,8036.66,Paid
5852,322,32,Rep_27,16-08-2024,17-08-2024,16-09-2024,,6,5.0,15863.27,Pending
5853,627,82,Rep_23,21-05-2024,22-05-2024,21-06-2024,27-06-2024,9,5.0,33893.4,Paid
5854,788,7,,30-05-2025,31-05-2025,30-06-2025,28-06-2025,6,15.0,3580.35,Paid
5855,194,34,Rep_27,18-09-2024,18-09-2024,18-10-2024,28-10-2024,6,15.0,20331.05,Paid
5856,598,61,Rep_10,20-09-2024,22-09-2024,22-10-2024,29-10-2024,6,0.0,4474.02,Paid
5857,685,82,Rep_9,11-11-2025,12-11-2025,12-12-2025,,10,5.0,37659.33,Pending
5858,277,78,Rep_19,29-03-2024,29-03-2024,28-04-2024,11-06-2024,2,0.0,13398.5,Late
5859,952,75,Rep_21,27-10-2024,28-10-2024,27-11-2024,,3,20.0,18145.13,Pending
5860,684,65,Rep_20,15-04-2025,16-04-2025,16-05-2025,23-05-2025,7,5.0,21130.84,Paid
5861,844,83,Rep_13,15-12-2024,15-12-2024,14-01-2025,24-01-2025,5,15.0,9509.2,Paid
5862,69,56,Rep_11,20-07-2024,22-07-2024,21-08-2024,21-08-2024,9,0.0,22631.13,Paid
5863,578,98,Rep_8,13-06-2024,14-06-2024,14-07-2024,13-07-2024,2,20.0,1897.6,Paid
5864,985,11,Rep_1,20-03-2025,21-03-2025,20-04-2025,23-04-2025,7,5.0,13417.24,Paid
5865,697,38,Rep_10,26-11-2025,26-11-2025,26-12-2025,02-01-2026,1,0.0,3857.36,Paid
5866,683,81,Rep_24,08-01-2025,09-01-2025,08-02-2025,16-04-2025,5,0.0,6335.15,Late
5867,216,44,Rep_16,25-09-2025,25-09-2025,25-10-2025,26-10-2025,10,15.0,41698.45,Paid
5868,269,90,Rep_25,13-04-2024,15-04-2024,15-05-2024,25-05-2024,7,10.0,35614.47,Paid
5869,475,52,Rep_4,13-11-2024,13-11-2024,13-12-2024,14-12-2024,7,10.0,46098.49,Paid
5870,87,8,Rep_6,08-03-2025,10-03-2025,09-04-2025,08-06-2025,10,15.0,70024.02,Late
5871,599,83,Rep_11,20-02-2025,20-02-2025,22-03-2025,24-03-2025,4,15.0,7607.36,Paid
5872,426,24,Rep_10,31-12-2025,02-01-2026,01-02-2026,06-02-2026,10,10.0,32600.07,Paid
5873,755,28,Rep_18,16-08-2024,18-08-2024,17-09-2024,26-09-2024,1,0.0,4024.63,Paid
5874,490,50,Rep_18,30-11-2025,30-11-2025,30-12-2025,01-01-2026,6,0.0,9757.68,Paid
5875,799,13,Rep_21,14-03-2025,16-03-2025,15-04-2025,27-06-2025,6,10.0,36295.34,Late
5876,695,51,Rep_17,21-04-2024,23-04-2024,23-05-2024,17-07-2024,5,20.0,38879.8,Late
5877,380,58,Rep_29,04-02-2025,05-02-2025,07-03-2025,05-03-2025,4,15.0,9145.12,Paid
5878,551,100,Rep_8,17-03-2025,18-03-2025,17-04-2025,22-04-2025,2,20.0,5357.78,Paid
5879,766,44,Rep_29,21-03-2025,22-03-2025,21-04-2025,28-04-2025,1,15.0,4169.84,Paid
5880,697,64,Rep_15,16-06-2024,18-06-2024,18-07-2024,21-07-2024,8,15.0,27837.16,Paid
5881,422,46,Rep_29,10-12-2025,12-12-2025,11-01-2026,,8,0.0,6671.44,BadDebt
5882,405,15,Rep_11,31-12-2025,02-01-2026,01-02-2026,12-03-2026,4,10.0,22235.11,Late
5883,179,35,Rep_30,06-12-2025,07-12-2025,06-01-2026,05-01-2026,8,15.0,40755.46,Paid
5884,99,39,Rep_3,21-06-2025,23-06-2025,23-07-2025,30-07-2025,10,10.0,65537.19,Paid
5885,251,27,Rep_12,15-06-2025,17-06-2025,17-07-2025,17-09-2025,1,5.0,1437.62,Late
5886,428,62,Rep_18,10-01-2024,11-01-2024,10-02-2024,11-02-2024,1,20.0,5673.82,Paid
5887,694,50,Rep_12,28-02-2024,29-02-2024,30-03-2024,08-04-2024,3,10.0,4390.96,Paid
5888,586,12,Rep_17,06-03-2024,06-03-2024,05-04-2024,06-05-2024,9,20.0,73657.66,Late
5889,569,89,Rep_13,02-11-2025,02-11-2025,02-12-2025,,1,10.0,1694.82,Pending
5890,416,82,Rep_17,19-10-2025,21-10-2025,20-11-2025,30-11-2025,1,15.0,3369.52,Paid
5891,588,54,Rep_17,31-03-2024,02-04-2024,02-05-2024,22-07-2024,1,10.0,6001.34,Late
5892,7,41,Rep_23,30-10-2025,31-10-2025,30-11-2025,,10,20.0,28472.56,Pending
5893,801,93,Rep_7,24-02-2024,24-02-2024,25-03-2024,01-04-2024,4,20.0,5796.7,Paid
5894,613,98,Rep_11,25-05-2024,26-05-2024,25-06-2024,26-06-2024,6,10.0,6404.4,Paid
5895,555,96,Rep_19,24-09-2025,24-09-2025,24-10-2025,02-11-2025,8,5.0,60626.87,Paid
5896,331,17,Rep_10,09-02-2025,09-02-2025,11-03-2025,25-05-2025,6,15.0,39435.44,Late
5897,656,52,Rep_3,10-03-2025,10-03-2025,09-04-2025,07-04-2025,6,0.0,43903.32,Paid
5898,851,57,Rep_7,24-09-2025,26-09-2025,26-10-2025,25-10-2025,8,5.0,5548.0,Paid
5899,574,46,Rep_24,09-02-2025,11-02-2025,13-03-2025,17-03-2025,10,10.0,7505.37,Paid
5900,62,15,Rep_28,03-12-2024,05-12-2024,04-01-2025,13-01-2025,4,10.0,22235.11,Paid
5901,625,23,Rep_8,24-07-2024,26-07-2024,25-08-2024,25-08-2024,2,5.0,5548.51,Paid
5902,458,12,Rep_27,26-06-2024,26-06-2024,26-07-2024,,6,15.0,52174.17,Pending
5903,656,69,Rep_26,11-03-2025,11-03-2025,10-04-2025,10-04-2025,9,20.0,60381.36,Paid
5904,524,58,Rep_11,04-02-2024,04-02-2024,05-03-2024,,6,15.0,13717.67,BadDebt
5905,239,16,Rep_25,22-11-2025,22-11-2025,22-12-2025,30-12-2025,10,0.0,13291.1,Paid
5906,592,50,Rep_11,11-02-2024,13-02-2024,14-03-2024,19-03-2024,5,10.0,7318.26,Paid
5907,601,99,Rep_4,19-08-2024,20-08-2024,19-09-2024,27-09-2024,8,0.0,14182.64,Paid
5908,372,84,Rep_23,20-10-2025,21-10-2025,20-11-2025,24-11-2025,1,15.0,796.31,Paid
5909,865,32,Rep_16,02-12-2025,02-12-2025,01-01-2026,01-01-2026,4,0.0,11132.12,Paid
5910,516,37,Rep_2,27-03-2025,27-03-2025,26-04-2025,,1,20.0,5417.21,BadDebt
5911,30,27,,05-10-2024,05-10-2024,04-11-2024,04-11-2024,9,20.0,10895.62,Paid
5912,140,38,Rep_18,21-07-2025,22-07-2025,21-08-2025,18-11-2025,2,0.0,7714.72,Late
5913,599,21,Rep_17,15-03-2024,15-03-2024,14-04-2024,,4,15.0,15883.03,Pending
5914,199,96,Rep_7,28-11-2025,29-11-2025,29-12-2025,03-01-2026,7,15.0,47464.46,Paid
5915,27,95,Rep_14,14-05-2025,14-05-2025,13-06-2025,14-06-2025,9,15.0,7618.18,Paid
5916,276,30,Rep_1,03-06-2025,05-06-2025,05-07-2025,11-07-2025,9,5.0,16986.03,Paid
5917,922,95,Rep_16,11-12-2024,12-12-2024,11-01-2025,17-01-2025,4,10.0,3585.02,Paid
5918,177,13,Rep_15,18-02-2024,20-02-2024,21-03-2024,27-03-2024,1,10.0,6049.22,Paid
5919,605,84,Rep_27,27-09-2024,29-09-2024,29-10-2024,04-11-2024,4,0.0,3747.32,Paid
5920,51,69,Rep_24,30-01-2024,01-02-2024,02-03-2024,12-03-2024,4,20.0,26836.16,Paid
5921,892,47,Rep_2,19-01-2025,20-01-2025,19-02-2025,18-04-2025,1,0.0,2691.62,Late
5922,246,78,Rep_7,25-02-2025,26-02-2025,28-03-2025,03-04-2025,10,10.0,60293.25,Paid
5923,527,83,Rep_21,09-01-2024,11-01-2024,10-02-2024,14-02-2024,4,10.0,8054.86,Paid
5924,706,50,Rep_22,22-05-2025,24-05-2025,23-06-2025,03-07-2025,8,20.0,10408.19,Paid
5925,318,33,Rep_10,22-12-2024,22-12-2024,21-01-2025,24-01-2025,9,5.0,12625.53,Paid
5926,572,58,Rep_23,22-09-2024,23-09-2024,23-10-2024,22-10-2024,9,20.0,19366.13,Paid
5927,534,62,Rep_9,02-02-2025,04-02-2025,06-03-2025,13-03-2025,5,15.0,30142.19,Paid
5928,394,42,Rep_25,25-05-2025,25-05-2025,24-06-2025,02-07-2025,8,20.0,66988.54,Paid
5929,122,4,Rep_30,30-11-2024,01-12-2024,31-12-2024,31-12-2024,7,5.0,19524.67,Paid
5930,185,99,Rep_11,14-12-2024,16-12-2024,15-01-2025,20-01-2025,9,15.0,13562.15,Paid
5931,393,54,Rep_28,04-02-2025,05-02-2025,07-03-2025,,7,0.0,46677.12,Pending
5932,654,87,Rep_19,19-06-2024,20-06-2024,20-07-2024,24-07-2024,2,10.0,2970.05,Paid
5933,879,39,Rep_23,28-09-2024,30-09-2024,30-10-2024,03-01-2025,6,0.0,43691.46,Late
5934,760,54,Rep_1,24-05-2024,26-05-2024,25-06-2024,23-06-2024,9,5.0,57012.77,Paid
5935,429,2,Rep_8,17-06-2024,17-06-2024,17-07-2024,24-07-2024,9,0.0,75955.23,Paid
5936,503,24,Rep_23,11-05-2024,12-05-2024,11-06-2024,21-06-2024,8,10.0,26080.06,Paid
5937,437,18,Rep_3,18-12-2024,20-12-2024,19-01-2025,28-01-2025,10,15.0,18598.51,Paid
5938,686,57,Rep_7,28-03-2025,29-03-2025,28-04-2025,22-06-2025,4,0.0,2920.0,Late
5939,609,52,Rep_24,25-05-2024,27-05-2024,26-06-2024,25-08-2024,9,15.0,55976.73,Late
5940,580,22,Rep_23,25-07-2025,25-07-2025,24-08-2025,26-08-2025,5,0.0,4211.75,Paid
5941,685,66,Rep_21,18-08-2024,19-08-2024,18-09-2024,27-09-2024,9,20.0,79667.64,Paid
5942,662,40,Rep_10,03-03-2024,05-03-2024,04-04-2024,23-06-2024,9,10.0,44644.45,Late
5943,372,81,Rep_11,14-09-2024,16-09-2024,16-10-2024,21-10-2024,7,15.0,7538.83,Paid
5944,534,53,Rep_27,22-02-2025,24-02-2025,26-03-2025,28-03-2025,6,5.0,25179.64,Paid
5945,883,26,Rep_17,26-07-2024,27-07-2024,26-08-2024,05-09-2024,3,15.0,21973.71,Paid
5946,651,39,Rep_26,13-11-2024,14-11-2024,14-12-2024,12-12-2024,3,0.0,21845.73,Paid
5947,366,79,Rep_17,18-08-2025,18-08-2025,17-09-2025,17-09-2025,2,10.0,2912.15,Paid
5948,949,33,Rep_6,22-12-2025,23-12-2025,22-01-2026,15-04-2026,3,20.0,3544.01,Late
5949,985,41,Rep_2,31-05-2024,02-06-2024,02-07-2024,,8,0.0,28472.56,Pending
5950,293,55,Rep_5,16-01-2025,16-01-2025,15-02-2025,,2,5.0,10870.39,Pending
5951,225,60,Rep_9,28-02-2025,28-02-2025,30-03-2025,09-05-2025,1,15.0,3943.52,Late
5952,425,83,Rep_3,14-10-2025,15-10-2025,14-11-2025,18-12-2025,4,15.0,7607.36,Late
5953,580,48,Rep_5,08-01-2025,09-01-2025,08-02-2025,02-04-2025,4,20.0,16172.67,Late
5954,794,90,Rep_25,08-04-2025,10-04-2025,10-05-2025,11-05-2025,8,0.0,45224.72,Paid
5955,693,89,Rep_23,23-07-2025,24-07-2025,23-08-2025,,7,20.0,10545.53,Pending
5956,863,70,Rep_19,23-03-2024,25-03-2024,24-04-2024,04-05-2024,6,20.0,41084.5,Paid
5957,542,81,Rep_21,15-03-2025,15-03-2025,14-04-2025,15-04-2025,8,20.0,8108.99,Paid
5958,589,47,Rep_27,03-05-2025,03-05-2025,02-06-2025,06-06-2025,3,0.0,8074.86,Paid
5959,926,63,Rep_29,24-12-2025,24-12-2025,23-01-2026,12-04-2026,5,0.0,8351.65,Late
5960,348,76,Rep_29,09-02-2024,09-02-2024,10-03-2024,15-03-2024,1,20.0,8031.47,Paid
5961,310,55,Rep_26,29-07-2024,31-07-2024,30-08-2024,30-08-2024,8,10.0,41193.07,Paid
5962,199,58,Rep_3,26-10-2025,27-10-2025,26-11-2025,27-11-2025,2,10.0,4841.53,Paid
5963,404,88,Rep_19,19-01-2024,21-01-2024,20-02-2024,24-02-2024,3,20.0,14986.08,Paid
5964,240,50,Rep_9,17-05-2024,17-05-2024,16-06-2024,,4,10.0,5854.61,BadDebt
5965,839,64,Rep_17,23-03-2025,23-03-2025,22-04-2025,01-05-2025,10,20.0,32749.6,Paid
5966,565,3,Rep_19,25-07-2024,25-07-2024,24-08-2024,02-09-2024,9,20.0,59657.62,Paid
5967,758,45,Rep_17,31-05-2025,31-05-2025,30-06-2025,01-07-2025,8,10.0,29035.8,Paid
5968,543,19,Rep_24,31-10-2024,01-11-2024,01-12-2024,30-11-2024,10,20.0,75022.48,Paid
5969,582,16,Rep_8,18-05-2025,18-05-2025,17-06-2025,17-06-2025,9,20.0,9569.59,Paid
5970,721,90,Rep_30,13-04-2025,14-04-2025,14-05-2025,24-05-2025,4,20.0,18089.89,Paid
5971,826,37,Rep_4,28-01-2024,29-01-2024,28-02-2024,04-03-2024,6,10.0,36566.15,Paid
5972,432,80,Rep_4,11-02-2024,12-02-2024,13-03-2024,13-03-2024,5,20.0,15009.0,Paid
5973,482,13,Rep_23,28-04-2025,30-04-2025,30-05-2025,06-06-2025,7,15.0,39992.09,Paid
5974,11,1,Rep_28,09-10-2024,10-10-2024,09-11-2024,29-12-2024,6,15.0,27650.77,Late
5975,478,28,Rep_9,10-04-2025,10-04-2025,10-05-2025,14-05-2025,10,10.0,36221.67,Paid
5976,584,61,Rep_10,03-05-2024,03-05-2024,02-06-2024,,7,20.0,4175.75,Pending
5977,653,31,Rep_12,02-03-2025,04-03-2025,03-04-2025,01-04-2025,1,20.0,3719.99,Paid
5978,524,48,Rep_17,29-08-2024,30-08-2024,29-09-2024,02-11-2024,3,20.0,12129.5,Late
5979,364,31,Rep_28,03-06-2025,05-06-2025,05-07-2025,03-07-2025,7,10.0,29294.94,Paid
5980,568,74,Rep_5,05-02-2025,06-02-2025,08-03-2025,08-03-2025,7,5.0,58238.9,Paid
5981,71,1,Rep_1,04-12-2024,06-12-2024,05-01-2025,,10,5.0,51506.34,Pending
5982,308,100,Rep_11,11-05-2025,13-05-2025,12-06-2025,10-06-2025,6,0.0,20091.66,Paid
5983,620,2,Rep_29,22-02-2025,22-02-2025,24-03-2025,27-03-2025,7,5.0,56122.48,Paid
5984,19,85,Rep_30,05-01-2025,05-01-2025,04-02-2025,14-02-2025,10,0.0,23573.6,Paid
5985,373,32,Rep_20,27-03-2025,27-03-2025,26-04-2025,25-04-2025,8,15.0,18924.6,Paid
5986,319,61,Rep_10,14-08-2025,15-08-2025,14-09-2025,15-09-2025,2,0.0,1491.34,Paid
5987,766,9,Rep_8,07-03-2025,08-03-2025,07-04-2025,08-04-2025,10,20.0,1660.96,Paid
5988,809,60,Rep_26,02-01-2024,02-01-2024,01-02-2024,03-02-2024,2,20.0,7423.1,Paid
5989,566,88,Rep_27,28-12-2025,29-12-2025,28-01-2026,31-03-2026,2,20.0,9990.72,Late
5990,793,88,Rep_21,17-07-2024,17-07-2024,16-08-2024,19-08-2024,6,15.0,31845.42,Paid
5991,325,71,Rep_6,15-09-2024,15-09-2024,15-10-2024,27-11-2024,1,0.0,467.37,Late
5992,300,52,Rep_25,01-07-2024,01-07-2024,31-07-2024,04-08-2024,8,5.0,55610.87,Paid
5993,643,40,Rep_7,31-12-2025,31-12-2025,30-01-2026,03-03-2026,3,20.0,13227.98,Late
5994,524,88,Rep_12,05-01-2024,05-01-2024,04-02-2024,14-02-2024,10,5.0,59319.9,Paid
5995,912,21,Rep_19,22-06-2024,24-06-2024,24-07-2024,01-08-2024,9,0.0,42043.32,Paid
5996,662,24,Rep_8,19-12-2024,20-12-2024,19-01-2025,23-01-2025,4,15.0,12315.58,Paid
5997,708,29,Rep_4,01-06-2024,02-06-2024,02-07-2024,30-06-2024,1,0.0,5272.46,Paid
5998,940,32,Rep_6,17-01-2024,18-01-2024,17-02-2024,23-02-2024,9,0.0,25047.27,Paid
5999,271,81,Rep_4,22-07-2024,24-07-2024,23-08-2024,05-11-2024,7,10.0,7982.29,Late
6000,33,57,Rep_19,16-10-2025,17-10-2025,16-11-2025,14-11-2025,6,0.0,4380.0,Paid
6001,623,81,Rep_23,17-04-2025,17-04-2025,17-05-2025,15-05-2025,9,10.0,10262.94,Paid
6002,899,42,Rep_3,24-01-2024,26-01-2024,25-02-2024,02-04-2024,3,5.0,29830.84,Late
6003,171,65,Rep_7,11-04-2025,12-04-2025,12-05-2025,18-05-2025,3,15.0,8102.8,Paid
6004,604,63,Rep_8,09-09-2024,11-09-2024,11-10-2024,18-10-2024,10,0.0,16703.3,Paid
6005,915,14,Rep_23,06-09-2025,06-09-2025,06-10-2025,09-10-2025,2,10.0,5402.38,Paid
6006,813,16,Rep_26,21-05-2025,22-05-2025,21-06-2025,26-07-2025,1,20.0,1063.29,Late
6007,553,93,Rep_8,02-09-2024,03-09-2024,03-10-2024,,2,5.0,3441.79,Pending
6008,763,24,Rep_22,04-11-2024,05-11-2024,05-12-2024,12-12-2024,1,10.0,3260.01,Paid
6009,750,85,Rep_12,11-11-2024,12-11-2024,12-12-2024,22-12-2024,10,0.0,23573.6,Paid
6010,197,83,Rep_3,21-01-2025,22-01-2025,21-02-2025,03-05-2025,6,20.0,10739.81,Late
6011,381,45,Rep_29,06-04-2025,07-04-2025,07-05-2025,05-05-2025,8,15.0,27422.7,Paid
6012,135,60,Rep_25,14-03-2024,14-03-2024,13-04-2024,,7,0.0,32476.08,Pending
6013,256,3,Rep_28,29-04-2025,29-04-2025,29-05-2025,,6,5.0,47228.95,Pending
6014,330,80,Rep_30,23-04-2025,25-04-2025,25-05-2025,03-06-2025,8,20.0,24014.4,Paid
6015,620,1,Rep_15,04-03-2024,06-03-2024,05-04-2024,07-04-2024,8,10.0,39036.38,Paid
6016,538,13,Rep_24,21-09-2024,22-09-2024,22-10-2024,,4,20.0,21508.35,Pending
6017,410,52,Rep_27,27-06-2024,28-06-2024,28-07-2024,05-10-2024,6,0.0,43903.32,Late
6018,902,30,Rep_11,12-07-2024,13-07-2024,12-08-2024,,10,10.0,17880.03,Pending
6019,588,95,Rep_20,24-09-2025,24-09-2025,24-10-2025,29-10-2025,8,0.0,7966.72,Paid
6020,847,83,Rep_4,25-02-2025,25-02-2025,27-03-2025,,7,0.0,15662.22,Pending
6021,842,87,Rep_17,02-10-2025,03-10-2025,02-11-2025,01-11-2025,9,15.0,12622.73,Paid
6022,593,22,Rep_18,08-08-2025,08-08-2025,07-09-2025,05-09-2025,8,15.0,5727.98,Paid
6023,836,7,Rep_25,12-09-2025,14-09-2025,14-10-2025,18-10-2025,3,10.0,1895.48,Paid
6024,722,50,Rep_29,13-11-2025,14-11-2025,14-12-2025,12-12-2025,7,20.0,9107.17,Paid
6025,373,95,Rep_21,13-01-2025,15-01-2025,14-02-2025,20-02-2025,9,20.0,7170.05,Paid
6026,27,57,Rep_27,05-11-2025,05-11-2025,05-12-2025,04-12-2025,10,0.0,7300.0,Paid
6027,992,87,Rep_2,16-04-2024,17-04-2024,17-05-2024,17-05-2024,4,15.0,5610.1,Paid
6028,16,43,Rep_28,17-08-2024,17-08-2024,16-09-2024,24-10-2024,10,5.0,1976.76,Late
6029,438,37,Rep_8,03-04-2025,03-04-2025,03-05-2025,06-05-2025,6,0.0,40629.06,Paid
6030,994,97,Rep_7,27-10-2024,29-10-2024,28-11-2024,03-12-2024,2,10.0,13754.45,Paid
6031,102,42,Rep_5,25-12-2025,25-12-2025,24-01-2026,26-01-2026,9,20.0,75362.11,Paid
6032,149,8,Rep_28,24-03-2024,24-03-2024,23-04-2024,02-05-2024,2,10.0,14828.62,Paid
6033,496,85,Rep_4,26-11-2025,27-11-2025,27-12-2025,03-01-2026,6,15.0,12022.54,Paid
6034,518,56,Rep_11,06-09-2025,07-09-2025,07-10-2025,05-10-2025,1,15.0,2137.38,Paid
6035,528,58,Rep_4,20-10-2025,22-10-2025,21-11-2025,28-11-2025,3,5.0,7665.76,Paid
6036,898,82,Rep_15,25-07-2025,25-07-2025,24-08-2025,26-10-2025,4,0.0,15856.56,Late
6037,634,8,Rep_14,28-08-2025,30-08-2025,29-09-2025,09-10-2025,7,15.0,49016.81,Paid
6038,520,11,Rep_14,22-06-2025,24-06-2025,24-07-2025,,4,15.0,6859.94,Pending
6039,720,58,Rep_9,20-03-2024,20-03-2024,19-04-2024,,6,0.0,16138.44,Pending
6040,625,15,Rep_26,17-11-2025,18-11-2025,18-12-2025,,3,15.0,15749.87,Pending
6041,202,35,Rep_23,08-11-2025,09-11-2025,09-12-2025,11-12-2025,1,5.0,5693.78,Paid
6042,321,76,Rep_14,31-08-2025,31-08-2025,30-09-2025,05-10-2025,8,0.0,80314.72,Paid
6043,699,32,Rep_17,16-11-2024,17-11-2024,17-12-2024,18-12-2024,9,0.0,25047.27,Paid
6044,63,2,Rep_1,23-04-2025,25-04-2025,25-05-2025,03-06-2025,7,10.0,53168.66,Paid
6045,136,51,Rep_30,01-09-2025,03-09-2025,03-10-2025,10-10-2025,8,5.0,73871.62,Paid
6046,93,79,Rep_8,26-11-2025,26-11-2025,26-12-2025,01-01-2026,8,15.0,11001.45,Paid
6047,731,80,Rep_25,30-06-2025,01-07-2025,31-07-2025,03-08-2025,4,0.0,15009.0,Paid
6048,559,18,Rep_14,03-02-2025,04-02-2025,06-03-2025,11-03-2025,2,0.0,4376.12,Paid
6049,887,56,Rep_27,31-12-2024,01-01-2025,31-01-2025,02-02-2025,1,10.0,2263.11,Paid
6050,86,83,Rep_12,04-03-2024,04-03-2024,03-04-2024,21-05-2024,10,15.0,19018.41,Late
6051,1000,10,Rep_29,12-06-2024,12-06-2024,12-07-2024,31-08-2024,10,20.0,40715.04,Late
6052,330,46,Rep_20,30-04-2025,02-05-2025,01-06-2025,10-07-2025,2,5.0,1584.47,Late
6053,597,49,Rep_15,22-06-2025,22-06-2025,22-07-2025,16-10-2025,1,5.0,7204.44,Late
6054,743,23,Rep_21,01-07-2024,01-07-2024,31-07-2024,30-07-2024,2,5.0,5548.51,Paid
6055,194,53,Rep_16,26-02-2025,28-02-2025,30-03-2025,06-06-2025,5,20.0,17669.92,Late
6056,437,61,Rep_30,07-05-2025,08-05-2025,07-06-2025,08-06-2025,3,10.0,2013.31,Paid
6057,339,47,Rep_15,04-10-2024,06-10-2024,05-11-2024,02-01-2025,9,10.0,21802.12,Late
6058,44,34,Rep_3,11-03-2024,13-03-2024,12-04-2024,18-04-2024,2,15.0,6777.02,Paid
6059,600,76,Rep_27,20-10-2024,21-10-2024,20-11-2024,28-11-2024,9,5.0,85836.36,Paid
6060,505,6,Rep_16,12-01-2024,13-01-2024,12-02-2024,20-02-2024,6,10.0,52819.99,Paid
6061,170,7,Rep_13,07-02-2024,08-02-2024,09-03-2024,08-03-2024,7,20.0,3931.37,Paid
6062,186,35,Rep_11,24-05-2024,24-05-2024,23-06-2024,30-06-2024,8,15.0,40755.46,Paid
6063,963,80,Rep_11,04-08-2025,06-08-2025,05-09-2025,12-09-2025,2,20.0,6003.6,Paid
6064,53,47,Rep_14,29-05-2025,31-05-2025,30-06-2025,29-06-2025,10,10.0,24224.58,Paid
6065,700,99,Rep_13,28-04-2024,28-04-2024,28-05-2024,,9,0.0,15955.47,Pending
6066,720,3,Rep_17,08-03-2025,08-03-2025,07-04-2025,15-06-2025,4,20.0,26514.5,Late
6067,779,89,Rep_2,09-02-2025,09-02-2025,11-03-2025,09-03-2025,8,5.0,14311.79,Paid
6068,141,51,Rep_17,07-03-2024,08-03-2024,07-04-2024,05-04-2024,6,10.0,52487.73,Paid
6069,630,3,Rep_12,24-04-2024,25-04-2024,25-05-2024,25-05-2024,5,0.0,41428.9,Paid
6070,300,76,Rep_16,12-11-2025,12-11-2025,12-12-2025,18-12-2025,2,10.0,18070.81,Paid
6071,25,10,Rep_8,04-01-2025,04-01-2025,03-02-2025,09-02-2025,8,20.0,32572.03,Paid
6072,173,77,Rep_21,07-05-2024,07-05-2024,06-06-2024,08-08-2024,2,0.0,1853.12,Late
6073,57,64,Rep_8,15-09-2024,15-09-2024,15-10-2024,09-12-2024,3,20.0,9824.88,Late
6074,394,6,Rep_5,08-10-2025,08-10-2025,07-11-2025,12-11-2025,3,20.0,23475.55,Paid
6075,493,23,Rep_8,21-05-2024,21-05-2024,20-06-2024,,5,15.0,12411.15,Pending
6076,225,40,Rep_15,29-08-2024,29-08-2024,28-09-2024,26-09-2024,4,5.0,20944.31,Paid
6077,103,64,Rep_20,28-10-2025,29-10-2025,28-11-2025,30-11-2025,5,0.0,20468.5,Paid
6078,520,90,Rep_30,26-03-2024,28-03-2024,27-04-2024,15-07-2024,2,20.0,9044.94,Late
6079,146,36,Rep_5,22-04-2024,22-04-2024,22-05-2024,23-05-2024,6,20.0,4290.19,Paid
6080,521,30,Rep_2,01-06-2024,01-06-2024,01-07-2024,15-08-2024,10,15.0,16886.7,Late
6081,842,78,Rep_9,29-06-2024,01-07-2024,31-07-2024,05-08-2024,8,20.0,42875.2,Paid
6082,352,35,Rep_16,31-08-2025,01-09-2025,01-10-2025,10-10-2025,5,5.0,28468.89,Paid
6083,576,25,Rep_22,16-06-2024,16-06-2024,16-07-2024,26-07-2024,5,20.0,1811.16,Paid
6084,707,58,Rep_8,15-10-2025,17-10-2025,16-11-2025,10-02-2026,4,15.0,9145.12,Late
6085,201,10,Rep_13,19-04-2024,20-04-2024,20-05-2024,19-05-2024,3,15.0,12977.92,Paid
6086,631,49,Rep_16,31-03-2025,01-04-2025,01-05-2025,03-06-2025,6,15.0,38676.46,Late
6087,638,83,Rep_25,29-03-2024,31-03-2024,30-04-2024,01-05-2024,4,5.0,8502.35,Paid
6088,817,48,Rep_2,10-12-2024,10-12-2024,09-01-2025,12-01-2025,9,10.0,40937.08,Paid
6089,249,94,Rep_22,23-09-2024,23-09-2024,23-10-2024,24-10-2024,8,5.0,21103.68,Paid
6090,132,17,Rep_28,02-02-2024,02-02-2024,03-03-2024,,8,5.0,58766.54,BadDebt
6091,441,100,Rep_25,10-02-2024,11-02-2024,12-03-2024,20-03-2024,9,15.0,25616.87,Paid
6092,640,80,Rep_11,27-02-2025,28-02-2025,30-03-2025,05-04-2025,7,5.0,24952.46,Paid
6093,575,13,Rep_1,12-08-2025,12-08-2025,11-09-2025,21-09-2025,6,20.0,32262.53,Paid
6094,959,68,Rep_8,08-11-2024,10-11-2024,10-12-2024,16-12-2024,4,10.0,34500.02,Paid
6095,454,48,Rep_7,13-07-2024,13-07-2024,12-08-2024,16-08-2024,10,10.0,45485.64,Paid
6096,677,17,Rep_25,26-02-2024,28-02-2024,29-03-2024,,4,0.0,30929.76,Pending
6097,176,31,Rep_13,06-09-2025,08-09-2025,08-10-2025,,10,0.0,46499.9,Pending
6098,906,88,Rep_26,23-04-2024,23-04-2024,23-05-2024,01-06-2024,7,10.0,39338.46,Paid
6099,896,19,Rep_1,15-07-2024,17-07-2024,16-08-2024,19-08-2024,10,15.0,79711.38,Paid
6100,16,1,Rep_27,15-10-2024,16-10-2024,15-11-2024,15-11-2024,3,15.0,13825.39,Paid
6101,791,69,Rep_8,09-11-2024,11-11-2024,11-12-2024,18-12-2024,2,5.0,15933.97,Paid
6102,907,3,Rep_20,08-01-2025,08-01-2025,07-02-2025,13-02-2025,10,5.0,78714.91,Paid
6103,319,95,Rep_25,05-10-2024,05-10-2024,04-11-2024,04-11-2024,4,15.0,3385.86,Paid
6104,680,80,Rep_6,18-05-2025,18-05-2025,17-06-2025,09-09-2025,9,20.0,27016.2,Late
6105,867,96,Rep_28,17-10-2025,17-10-2025,16-11-2025,19-11-2025,2,0.0,15954.44,Paid
6106,502,66,Rep_22,05-11-2024,07-11-2024,07-12-2024,05-12-2024,5,5.0,52558.51,Paid
6107,469,87,Rep_10,19-02-2025,20-02-2025,22-03-2025,23-03-2025,2,0.0,3300.06,Paid
6108,79,77,Rep_8,26-12-2025,28-12-2025,27-01-2026,27-01-2026,4,15.0,3150.3,Paid
6109,82,34,Rep_26,08-05-2025,10-05-2025,09-06-2025,17-06-2025,6,0.0,23918.88,Paid
6110,234,17,Rep_3,14-04-2025,15-04-2025,15-05-2025,23-05-2025,5,10.0,34795.98,Paid
6111,945,100,Rep_3,12-11-2025,13-11-2025,13-12-2025,10-03-2026,4,15.0,11385.27,Late
6112,447,92,Rep_7,08-06-2025,09-06-2025,09-07-2025,,7,5.0,28868.71,Pending
6113,156,85,Rep_4,19-11-2024,20-11-2024,20-12-2024,22-12-2024,9,5.0,20155.43,Paid
6114,34,14,Rep_27,04-08-2024,06-08-2024,05-09-2024,11-09-2024,2,0.0,6002.64,Paid
6115,533,17,Rep_9,26-06-2024,28-06-2024,28-07-2024,29-07-2024,6,20.0,37115.71,Paid
6116,146,85,Rep_1,14-05-2024,14-05-2024,13-06-2024,10-09-2024,3,5.0,6718.48,Late
6117,652,36,Rep_25,24-05-2024,24-05-2024,23-06-2024,,6,15.0,4558.33,Pending
6118,432,2,Rep_10,17-02-2025,17-02-2025,19-03-2025,19-03-2025,6,0.0,50636.82,Paid
6119,29,70,Rep_19,14-11-2024,14-11-2024,14-12-2024,,9,20.0,61626.74,BadDebt
6120,722,13,Rep_5,21-03-2025,23-03-2025,22-04-2025,26-04-2025,7,20.0,37639.62,Paid
6121,402,86,Rep_29,22-07-2025,23-07-2025,22-08-2025,28-08-2025,6,0.0,29296.14,Paid
6122,976,92,Rep_19,18-12-2025,19-12-2025,18-01-2026,20-01-2026,8,15.0,29519.89,Paid
6123,436,39,Rep_6,14-03-2025,16-03-2025,15-04-2025,19-04-2025,6,20.0,34953.17,Paid
6124,964,59,Rep_10,16-12-2025,17-12-2025,16-01-2026,26-01-2026,5,20.0,11859.8,Paid
6125,480,49,Rep_7,06-09-2024,07-09-2024,07-10-2024,12-10-2024,9,5.0,64839.95,Paid
6126,396,66,Rep_5,10-09-2024,11-09-2024,11-10-2024,,3,20.0,26555.88,Pending
6127,178,97,Rep_16,17-02-2024,18-02-2024,19-03-2024,22-03-2024,4,10.0,27508.9,Paid
6128,346,61,Rep_26,17-05-2024,18-05-2024,17-06-2024,16-08-2024,10,20.0,5965.36,Late
6129,149,93,Rep_27,20-02-2024,20-02-2024,21-03-2024,22-03-2024,4,0.0,7245.88,Paid
6130,29,82,Rep_18,04-04-2024,04-04-2024,04-05-2024,,6,5.0,22595.6,Pending
6131,877,73,Rep_4,18-09-2025,19-09-2025,19-10-2025,17-10-2025,7,5.0,24053.32,Paid
6132,205,10,Rep_29,02-09-2025,04-09-2025,04-10-2025,06-10-2025,9,0.0,45804.42,Paid
6133,278,91,Rep_12,19-03-2025,19-03-2025,18-04-2025,28-04-2025,1,15.0,7455.42,Paid
6134,411,41,Rep_3,13-09-2024,14-09-2024,14-10-2024,14-12-2024,1,10.0,3203.16,Late
6135,123,47,Rep_1,27-05-2024,27-05-2024,26-06-2024,01-07-2024,9,15.0,20590.89,Paid
6136,350,35,Rep_22,20-12-2024,20-12-2024,19-01-2025,26-01-2025,4,10.0,21576.42,Paid
6137,884,84,Rep_13,29-04-2024,29-04-2024,29-05-2024,01-06-2024,5,5.0,4449.94,Paid
6138,212,64,Rep_16,26-02-2025,26-02-2025,28-03-2025,07-04-2025,1,15.0,3479.64,Paid
6139,406,54,Rep_23,03-07-2025,03-07-2025,02-08-2025,06-08-2025,10,15.0,56679.36,Paid
6140,276,50,Rep_19,21-10-2025,22-10-2025,21-11-2025,24-11-2025,6,20.0,7806.14,Paid
6141,588,25,Rep_2,07-10-2024,08-10-2024,07-11-2024,14-11-2024,2,15.0,769.74,Paid
6142,573,57,Rep_11,16-09-2025,18-09-2025,18-10-2025,18-10-2025,7,5.0,4854.5,Paid
6143,457,39,Rep_20,19-04-2024,21-04-2024,21-05-2024,,6,0.0,43691.46,Pending
6144,394,4,Rep_3,25-08-2024,26-08-2024,25-09-2024,23-09-2024,10,0.0,29360.4,Paid
6145,580,28,Rep_11,06-05-2024,06-05-2024,05-06-2024,,4,5.0,15293.59,Pending
6146,177,69,Rep_27,01-02-2024,02-02-2024,03-03-2024,04-03-2024,3,15.0,21385.06,Paid
6147,523,13,Rep_21,18-02-2025,19-02-2025,21-03-2025,23-03-2025,7,0.0,47049.52,Paid
6148,565,15,Rep_23,01-12-2024,03-12-2024,02-01-2025,06-01-2025,8,10.0,44470.22,Paid
6149,259,74,Rep_18,07-04-2024,08-04-2024,08-05-2024,15-05-2024,1,15.0,7444.07,Paid
6150,102,18,Rep_17,18-12-2024,19-12-2024,18-01-2025,,7,0.0,15316.42,Pending
6151,974,19,Rep_14,28-09-2024,30-09-2024,30-10-2024,08-11-2024,8,0.0,75022.48,Paid
6152,624,51,Rep_22,03-12-2024,03-12-2024,02-01-2025,,1,0.0,9719.95,BadDebt
6153,462,80,Rep_14,01-04-2025,03-04-2025,03-05-2025,13-05-2025,8,0.0,30018.0,Paid
6154,85,52,Rep_19,15-12-2024,16-12-2024,15-01-2025,17-01-2025,7,15.0,43537.46,Paid
6155,145,48,Rep_30,09-03-2024,10-03-2024,09-04-2024,04-07-2024,3,20.0,12129.5,Late
6156,824,36,Rep_16,02-07-2024,02-07-2024,01-08-2024,29-10-2024,5,15.0,3798.61,Late
6157,908,16,Rep_18,03-08-2024,04-08-2024,03-09-2024,,2,20.0,2126.58,Pending
6158,282,35,Rep_21,20-01-2025,20-01-2025,19-02-2025,,9,0.0,53941.05,Pending
6159,807,58,Rep_6,20-05-2024,22-05-2024,21-06-2024,20-06-2024,5,0.0,13448.7,Paid
6160,1000,45,Rep_7,18-06-2025,20-06-2025,20-07-2025,,9,10.0,32665.28,Pending
6161,649,81,Rep_10,21-06-2024,22-06-2024,22-07-2024,01-08-2024,4,0.0,5068.12,Paid
6162,435,4,Rep_30,22-04-2025,24-04-2025,24-05-2025,30-05-2025,3,20.0,7046.5,Paid
6163,981,76,Rep_7,09-11-2025,09-11-2025,09-12-2025,12-12-2025,3,5.0,28612.12,Paid
6164,68,40,Rep_28,08-07-2024,08-07-2024,07-08-2024,10-08-2024,5,15.0,23424.56,Paid
6165,264,80,Rep_23,03-10-2025,05-10-2025,04-11-2025,10-11-2025,9,5.0,32081.74,Paid
6166,18,49,Rep_23,07-11-2025,07-11-2025,07-12-2025,08-12-2025,10,10.0,68252.58,Paid
6167,527,36,Rep_23,21-12-2024,23-12-2024,22-01-2025,22-01-2025,10,20.0,7150.32,Paid
6168,523,35,Rep_17,25-07-2024,25-07-2024,24-08-2024,26-08-2024,10,0.0,59934.5,Paid
6169,854,36,Rep_4,01-07-2024,02-07-2024,01-08-2024,30-07-2024,10,5.0,8491.0,Paid
6170,899,63,Rep_5,03-03-2024,04-03-2024,03-04-2024,10-04-2024,9,5.0,14281.32,Paid
6171,58,11,Rep_2,27-04-2024,28-04-2024,28-05-2024,03-06-2024,1,0.0,2017.63,Paid
6172,476,31,Rep_5,24-06-2024,26-06-2024,26-07-2024,02-08-2024,8,10.0,33479.93,Paid
6173,958,72,Rep_12,27-09-2025,27-09-2025,27-10-2025,30-10-2025,1,10.0,4862.62,Paid
6174,999,3,Rep_26,21-02-2024,21-02-2024,22-03-2024,27-03-2024,2,15.0,14085.83,Paid
6175,326,30,Rep_23,22-11-2025,24-11-2025,24-12-2025,,6,10.0,10728.02,Pending
6176,668,55,Rep_29,06-04-2024,06-04-2024,06-05-2024,13-05-2024,9,0.0,51491.34,Paid
6177,890,15,Rep_22,03-06-2025,04-06-2025,04-07-2025,11-07-2025,4,0.0,24705.68,Paid
6178,621,19,Rep_4,09-06-2024,11-06-2024,11-07-2024,21-07-2024,9,20.0,67520.23,Paid
6179,421,100,Rep_28,07-05-2024,07-05-2024,06-06-2024,11-06-2024,1,0.0,3348.61,Paid
6180,62,61,Rep_29,24-08-2024,25-08-2024,24-09-2024,03-10-2024,7,15.0,4436.74,Paid
6181,913,15,Rep_7,15-09-2025,16-09-2025,16-10-2025,,6,15.0,31499.74,BadDebt
6182,669,30,Rep_30,13-07-2025,14-07-2025,13-08-2025,17-09-2025,8,15.0,13509.36,Late
6183,970,83,Rep_27,18-12-2025,20-12-2025,19-01-2026,27-01-2026,8,5.0,17004.7,Paid
6184,732,4,Rep_23,11-02-2025,11-02-2025,13-03-2025,22-03-2025,4,0.0,11744.16,Paid
6185,679,6,Rep_24,01-02-2024,03-02-2024,04-03-2024,11-03-2024,2,5.0,18584.81,Paid
6186,536,56,Rep_1,06-04-2024,06-04-2024,06-05-2024,05-05-2024,1,5.0,2388.84,Paid
6187,889,89,Rep_9,28-03-2024,28-03-2024,27-04-2024,,2,5.0,3577.95,Pending
6188,862,87,Rep_22,17-08-2025,17-08-2025,16-09-2025,23-09-2025,6,20.0,7920.14,Paid
6189,256,42,Rep_7,09-10-2024,10-10-2024,09-11-2024,08-11-2024,10,15.0,88969.16,Paid
6190,740,87,Rep_28,18-02-2024,18-02-2024,19-03-2024,24-03-2024,4,15.0,5610.1,Paid
6191,859,45,Rep_26,04-05-2025,04-05-2025,03-06-2025,06-06-2025,2,20.0,6452.4,Paid
6192,900,70,Rep_27,19-08-2024,19-08-2024,18-09-2024,21-11-2024,3,15.0,21826.14,Late
6193,407,34,Rep_14,29-12-2024,30-12-2024,29-01-2025,30-01-2025,2,0.0,7972.96,Paid
6194,978,72,Rep_9,15-09-2025,17-09-2025,17-10-2025,17-10-2025,8,10.0,38900.95,Paid
6195,986,9,Rep_20,29-06-2024,30-06-2024,30-07-2024,06-08-2024,2,15.0,352.95,Paid
6196,582,33,Rep_14,09-10-2024,10-10-2024,09-11-2024,08-11-2024,6,20.0,7088.02,Paid
6197,878,37,Rep_6,14-08-2025,14-08-2025,13-09-2025,13-09-2025,6,10.0,36566.15,Paid
6198,194,93,Rep_29,01-06-2024,02-06-2024,02-07-2024,02-07-2024,4,0.0,7245.88,Paid
6199,75,18,Rep_11,14-06-2024,16-06-2024,16-07-2024,17-07-2024,10,15.0,18598.51,Paid
6200,110,7,Rep_19,01-06-2024,03-06-2024,03-07-2024,05-07-2024,2,10.0,1263.65,Paid
6201,898,73,Rep_30,05-11-2024,05-11-2024,05-12-2024,10-12-2024,5,20.0,14468.16,Paid
6202,144,38,Rep_27,02-08-2025,03-08-2025,02-09-2025,10-10-2025,1,20.0,3085.89,Late
6203,32,88,Rep_24,30-06-2024,01-07-2024,31-07-2024,30-07-2024,7,20.0,34967.52,Paid
6204,571,99,Rep_7,08-04-2025,09-04-2025,09-05-2025,16-05-2025,8,10.0,12764.38,Paid
6205,712,60,Rep_19,30-05-2024,30-05-2024,29-06-2024,,8,20.0,29692.42,Pending
6206,966,18,Rep_28,10-05-2025,12-05-2025,11-06-2025,26-08-2025,1,15.0,1859.85,Late
6207,182,69,Rep_12,26-05-2025,26-05-2025,25-06-2025,03-07-2025,8,15.0,57026.84,Paid
6208,747,59,Rep_13,16-07-2024,16-07-2024,15-08-2024,16-08-2024,6,10.0,16010.73,Paid
6209,328,53,Rep_4,24-10-2024,25-10-2024,24-11-2024,,2,5.0,8393.21,BadDebt
6210,383,50,Rep_2,20-03-2024,20-03-2024,19-04-2024,19-04-2024,4,5.0,6179.86,Paid
6211,441,1,Rep_10,13-06-2025,14-06-2025,14-07-2025,22-07-2025,8,10.0,39036.38,Paid
6212,542,6,Rep_16,21-04-2024,23-04-2024,23-05-2024,30-05-2024,10,15.0,83142.58,Paid
6213,941,3,Rep_3,07-07-2025,08-07-2025,07-08-2025,10-08-2025,3,15.0,21128.74,Paid
6214,930,21,Rep_27,20-05-2025,21-05-2025,20-06-2025,19-08-2025,4,15.0,15883.03,Late
6215,37,39,Rep_21,28-02-2024,29-02-2024,30-03-2024,18-06-2024,3,5.0,20753.44,Late
6216,98,83,Rep_26,29-12-2025,31-12-2025,30-01-2026,,8,20.0,14319.74,Pending
6217,27,61,Rep_19,22-08-2024,23-08-2024,22-09-2024,02-10-2024,10,15.0,6338.2,Paid
6218,979,56,Rep_25,31-08-2025,01-09-2025,01-10-2025,05-10-2025,3,15.0,6412.15,Paid
6219,444,70,Rep_7,26-06-2024,27-06-2024,27-07-2024,30-07-2024,10,15.0,72753.8,Paid
6220,933,15,Rep_20,21-05-2024,22-05-2024,21-06-2024,30-06-2024,3,0.0,18529.26,Paid
6221,911,84,Rep_14,20-01-2024,22-01-2024,21-02-2024,10-05-2024,3,15.0,2388.92,Late
6222,852,33,Rep_24,04-08-2025,06-08-2025,05-09-2025,07-09-2025,3,15.0,3765.51,Paid
6223,459,65,Rep_4,13-10-2024,13-10-2024,12-11-2024,18-11-2024,6,0.0,19065.42,Paid
6224,387,66,Rep_4,02-05-2025,02-05-2025,01-06-2025,31-05-2025,5,10.0,49792.28,Paid
6225,708,47,Rep_4,22-06-2025,24-06-2025,24-07-2025,,10,5.0,25570.39,Pending
6226,149,88,Rep_29,01-01-2025,03-01-2025,02-02-2025,03-02-2025,10,20.0,49953.6,Paid
6227,593,28,Rep_30,05-03-2025,07-03-2025,06-04-2025,08-04-2025,3,0.0,12073.89,Paid
6228,725,51,Rep_11,09-03-2024,09-03-2024,08-04-2024,07-04-2024,3,20.0,23327.88,Paid
6229,934,45,Rep_21,14-07-2024,16-07-2024,15-08-2024,21-08-2024,4,15.0,13711.35,Paid
6230,961,21,Rep_15,07-03-2025,08-03-2025,07-04-2025,,3,15.0,11912.27,BadDebt
6231,90,34,Rep_2,16-05-2024,16-05-2024,15-06-2024,15-06-2024,8,20.0,25513.47,Paid
6232,469,10,Rep_9,17-12-2025,19-12-2025,18-01-2026,,7,5.0,33844.38,Pending
6233,731,90,Rep_4,10-11-2024,12-11-2024,12-12-2024,20-12-2024,6,15.0,28830.76,Paid
6234,726,3,Rep_10,14-02-2025,15-02-2025,17-03-2025,27-03-2025,1,5.0,7871.49,Paid
6235,208,94,Rep_1,29-12-2024,30-12-2024,29-01-2025,05-02-2025,1,0.0,2776.8,Paid
6236,74,8,Rep_27,15-03-2025,17-03-2025,16-04-2025,23-04-2025,6,0.0,49428.72,Paid
6237,801,19,Rep_24,16-03-2025,16-03-2025,15-04-2025,,8,10.0,67520.23,BadDebt
6238,301,27,Rep_23,06-06-2024,06-06-2024,06-07-2024,06-08-2024,3,15.0,3858.86,Late
6239,291,8,Rep_17,19-01-2025,21-01-2025,20-02-2025,25-02-2025,6,20.0,39542.98,Paid
6240,715,7,Rep_2,27-05-2024,27-05-2024,26-06-2024,26-08-2024,2,0.0,1404.06,Late
6241,423,58,Rep_10,08-11-2024,08-11-2024,08-12-2024,12-12-2024,8,20.0,17214.34,Paid
6242,649,69,Rep_16,22-05-2025,24-05-2025,23-06-2025,22-06-2025,6,10.0,45286.02,Paid
6243,265,40,Rep_26,14-08-2025,15-08-2025,14-09-2025,24-09-2025,10,5.0,52360.77,Paid
6244,404,40,Rep_24,19-06-2024,20-06-2024,20-07-2024,23-08-2024,5,5.0,26180.38,Late
6245,605,10,Rep_11,30-12-2025,31-12-2025,30-01-2026,07-02-2026,3,5.0,14504.73,Paid
6246,433,64,Rep_29,02-09-2025,04-09-2025,04-10-2025,08-10-2025,3,10.0,11052.99,Paid
6247,765,13,Rep_2,19-04-2025,21-04-2025,21-05-2025,,2,10.0,12098.45,BadDebt
6248,722,50,Rep_5,04-01-2025,06-01-2025,05-02-2025,11-02-2025,7,0.0,11383.96,Paid
6249,991,15,Rep_16,09-12-2025,09-12-2025,08-01-2026,22-02-2026,7,20.0,34587.95,Late
6250,93,22,Rep_30,26-06-2024,28-06-2024,28-07-2024,01-08-2024,8,0.0,6738.8,Paid
6251,73,69,Rep_18,31-01-2025,02-02-2025,04-03-2025,03-03-2025,4,20.0,26836.16,Paid
6252,938,53,Rep_4,23-05-2024,25-05-2024,24-06-2024,11-09-2024,4,10.0,15902.93,Late
6253,479,5,Rep_3,23-08-2025,23-08-2025,22-09-2025,,10,0.0,10240.4,Pending
6254,805,84,Rep_28,19-08-2025,20-08-2025,19-09-2025,22-09-2025,4,5.0,3559.95,Paid
6255,413,90,Rep_30,01-07-2024,03-07-2024,02-08-2024,08-08-2024,6,15.0,28830.76,Paid
6256,863,97,Rep_27,20-09-2025,20-09-2025,20-10-2025,22-12-2025,9,10.0,61895.02,Late
6257,122,82,Rep_11,14-05-2024,14-05-2024,13-06-2024,11-06-2024,3,15.0,10108.56,Paid
6258,814,33,Rep_2,03-06-2024,04-06-2024,04-07-2024,,8,0.0,11813.36,BadDebt
6259,367,18,Rep_28,17-06-2025,19-06-2025,19-07-2025,21-07-2025,7,20.0,12253.14,Paid
6260,725,88,Rep_4,15-09-2024,17-09-2024,17-10-2024,17-10-2024,7,0.0,43709.4,Paid
6261,759,65,Rep_27,12-01-2025,13-01-2025,12-02-2025,08-04-2025,5,0.0,15887.85,Late
6262,110,14,Rep_8,10-05-2024,10-05-2024,09-06-2024,11-06-2024,5,20.0,12005.28,Paid
6263,517,5,Rep_26,28-06-2024,30-06-2024,30-07-2024,01-08-2024,9,10.0,8294.72,Paid
6264,878,53,Rep_10,20-12-2024,21-12-2024,20-01-2025,18-01-2025,6,15.0,22529.15,Paid
6265,982,25,Rep_23,29-05-2024,31-05-2024,30-06-2024,09-07-2024,9,0.0,4075.11,Paid
6266,992,53,Rep_3,01-07-2024,03-07-2024,02-08-2024,09-08-2024,6,15.0,22529.15,Paid
6267,105,2,Rep_1,08-01-2024,08-01-2024,07-02-2024,15-02-2024,10,5.0,80174.96,Paid
6268,951,79,Rep_3,08-06-2025,09-06-2025,09-07-2025,18-07-2025,8,15.0,11001.45,Paid
6269,806,43,Rep_10,29-01-2025,29-01-2025,28-02-2025,,4,20.0,665.86,BadDebt
6270,868,91,Rep_20,23-09-2025,23-09-2025,23-10-2025,15-01-2026,6,15.0,44732.51,Late
6271,891,85,Rep_25,08-01-2024,10-01-2024,09-02-2024,16-02-2024,9,0.0,21216.24,Paid
6272,367,49,Rep_2,19-01-2024,19-01-2024,18-02-2024,13-04-2024,7,5.0,50431.07,Late
6273,373,32,Rep_6,26-01-2024,28-01-2024,27-02-2024,25-02-2024,4,5.0,10575.51,Paid
6274,496,62,Rep_14,04-03-2025,06-03-2025,05-04-2025,09-04-2025,9,20.0,51064.42,Paid
6275,92,8,Rep_5,04-06-2025,04-06-2025,04-07-2025,,10,0.0,82381.2,BadDebt
6276,629,94,Rep_28,20-03-2025,21-03-2025,20-04-2025,22-04-2025,9,10.0,22492.08,Paid
6277,37,26,Rep_3,21-09-2024,21-09-2024,21-10-2024,,10,0.0,86171.4,BadDebt
6278,55,30,Rep_8,30-10-2025,01-11-2025,01-12-2025,,8,0.0,15893.36,Pending
6279,988,83,Rep_2,11-11-2024,13-11-2024,13-12-2024,,4,15.0,7607.36,BadDebt
6280,412,72,Rep_13,11-12-2024,11-12-2024,10-01-2025,19-01-2025,3,20.0,12966.98,Paid
6281,668,88,Rep_14,26-08-2024,27-08-2024,26-09-2024,,2,0.0,12488.4,BadDebt
6282,104,84,Rep_27,12-02-2025,13-02-2025,15-03-2025,,7,10.0,5902.03,Pending
6283,354,38,Rep_13,03-03-2024,05-03-2024,04-04-2024,08-04-2024,6,0.0,23144.16,Paid
6284,572,23,Rep_19,12-04-2025,12-04-2025,12-05-2025,22-05-2025,4,20.0,9344.86,Paid
6285,152,88,Rep_12,07-06-2024,08-06-2024,08-07-2024,,2,0.0,12488.4,Pending
6286,197,55,Rep_5,17-05-2025,17-05-2025,16-06-2025,21-06-2025,5,5.0,27175.98,Paid
6287,712,75,Rep_19,03-10-2025,03-10-2025,02-11-2025,19-01-2026,10,5.0,71824.46,Late
6288,482,25,Rep_21,23-09-2025,25-09-2025,25-10-2025,24-10-2025,4,0.0,1811.16,Paid
6289,552,55,Rep_4,08-07-2025,10-07-2025,09-08-2025,,7,5.0,38046.38,Pending
6290,10,86,Rep_24,28-04-2025,29-04-2025,29-05-2025,03-06-2025,5,10.0,21972.1,Paid
6291,623,51,Rep_1,16-09-2024,16-09-2024,16-10-2024,20-10-2024,4,20.0,31103.84,Paid
6292,113,20,Rep_18,06-03-2024,08-03-2024,07-04-2024,,5,10.0,9180.04,BadDebt
6293,320,43,Rep_9,09-10-2024,09-10-2024,08-11-2024,13-11-2024,5,0.0,1040.4,Paid
6294,373,48,Rep_1,04-08-2025,04-08-2025,03-09-2025,,8,0.0,40431.68,Pending
6295,282,11,Rep_7,17-11-2025,17-11-2025,17-12-2025,23-12-2025,7,5.0,13417.24,Paid
6296,653,65,Rep_14,19-10-2024,20-10-2024,19-11-2024,18-11-2024,3,20.0,7626.17,Paid
6297,59,35,Rep_18,14-12-2025,14-12-2025,13-01-2026,,1,20.0,4794.76,Pending
6298,43,9,Rep_29,26-04-2025,26-04-2025,26-05-2025,29-05-2025,2,20.0,332.19,Paid
6299,478,97,Rep_8,16-10-2024,17-10-2024,16-11-2024,20-12-2024,1,10.0,6877.22,Late
6300,998,86,Rep_15,14-06-2024,14-06-2024,14-07-2024,18-07-2024,5,20.0,19530.76,Paid
6301,650,40,Rep_14,03-12-2025,05-12-2025,04-01-2026,02-01-2026,4,20.0,17637.31,Paid
6302,982,80,Rep_16,21-08-2025,22-08-2025,21-09-2025,22-09-2025,3,10.0,10131.08,Paid
6303,795,24,Rep_8,10-06-2024,12-06-2024,12-07-2024,17-07-2024,2,15.0,6157.79,Paid
6304,125,37,Rep_8,02-01-2025,03-01-2025,02-02-2025,30-03-2025,3,15.0,17267.35,Late
6305,372,46,Rep_30,24-12-2024,26-12-2024,25-01-2025,01-02-2025,10,0.0,8339.3,Paid
6306,954,35,Rep_18,28-04-2025,29-04-2025,29-05-2025,31-05-2025,5,20.0,23973.8,Paid
6307,722,78,Rep_27,17-04-2024,17-04-2024,17-05-2024,06-08-2024,2,5.0,12728.58,Late
6308,755,11,Rep_12,09-07-2024,09-07-2024,08-08-2024,,7,0.0,14123.41,Pending
6309,778,74,Rep_8,11-04-2025,11-04-2025,11-05-2025,17-06-2025,1,5.0,8319.84,Late
6310,97,19,Rep_2,23-03-2025,24-03-2025,23-04-2025,,3,20.0,22506.74,Pending
6311,291,98,Rep_12,17-09-2025,19-09-2025,19-10-2025,27-10-2025,9,15.0,9072.9,Paid
6312,299,5,Rep_13,07-10-2024,07-10-2024,06-11-2024,,9,0.0,9216.36,Pending
6313,339,67,Rep_29,02-11-2025,02-11-2025,02-12-2025,03-12-2025,10,5.0,33490.35,Paid
6314,790,31,Rep_22,21-09-2025,21-09-2025,21-10-2025,31-10-2025,7,20.0,26039.94,Paid
6315,949,47,Rep_18,13-12-2025,15-12-2025,14-01-2026,,3,0.0,8074.86,Pending
6316,53,60,Rep_20,05-08-2024,05-08-2024,04-09-2024,11-09-2024,2,15.0,7887.05,Paid
6317,890,62,Rep_2,03-05-2025,03-05-2025,02-06-2025,02-06-2025,6,5.0,40426.0,Paid
6318,667,52,Rep_5,03-03-2025,03-03-2025,02-04-2025,02-04-2025,6,0.0,43903.32,Paid
6319,13,71,Rep_5,18-10-2024,18-10-2024,17-11-2024,23-11-2024,9,5.0,3996.01,Paid
6320,525,42,Rep_17,29-08-2025,31-08-2025,30-09-2025,29-09-2025,8,20.0,66988.54,Paid
6321,953,62,Rep_23,29-07-2024,30-07-2024,29-08-2024,01-09-2024,4,20.0,22695.3,Paid
6322,467,2,Rep_27,23-11-2025,23-11-2025,23-12-2025,,4,15.0,28694.2,Pending
6323,851,6,Rep_24,26-07-2024,27-07-2024,26-08-2024,25-08-2024,10,20.0,78251.84,Paid
6324,34,12,Rep_7,09-07-2024,09-07-2024,08-08-2024,,8,20.0,65473.47,BadDebt
6325,279,79,Rep_13,17-04-2025,17-04-2025,17-05-2025,,4,10.0,5824.3,Pending
6326,378,87,Rep_15,25-08-2024,26-08-2024,25-09-2024,24-09-2024,5,20.0,6600.12,Paid
6327,301,44,Rep_25,06-08-2025,08-08-2025,07-09-2025,06-09-2025,9,20.0,35321.04,Paid
6328,555,75,Rep_15,22-06-2025,24-06-2025,24-07-2025,,1,20.0,6048.38,Pending
6329,292,38,Rep_8,23-06-2025,23-06-2025,23-07-2025,26-07-2025,6,5.0,21986.95,Paid
6330,68,81,Rep_19,05-07-2024,06-07-2024,05-08-2024,08-08-2024,1,0.0,1267.03,Paid
6331,478,26,Rep_7,02-05-2025,03-05-2025,02-06-2025,02-06-2025,8,20.0,55149.7,Paid
6332,256,18,Rep_23,26-04-2024,28-04-2024,28-05-2024,03-06-2024,4,15.0,7439.4,Paid
6333,129,66,Rep_13,19-12-2024,21-12-2024,20-01-2025,19-03-2025,8,10.0,79667.64,Late
6334,516,88,Rep_4,26-09-2025,28-09-2025,28-10-2025,29-10-2025,7,5.0,41523.93,Paid
6335,450,94,Rep_3,20-11-2024,20-11-2024,20-12-2024,18-12-2024,10,10.0,24991.2,Paid
6336,524,67,Rep_8,14-01-2024,16-01-2024,15-02-2024,23-02-2024,10,10.0,31727.7,Paid
6337,125,99,Rep_26,09-10-2024,09-10-2024,08-11-2024,13-11-2024,4,0.0,7091.32,Paid
6338,745,50,Rep_24,28-07-2024,30-07-2024,29-08-2024,,5,15.0,6911.69,BadDebt
6339,707,97,Rep_11,11-04-2024,11-04-2024,11-05-2024,18-05-2024,5,20.0,30565.44,Paid
6340,328,66,Rep_16,17-09-2025,19-09-2025,19-10-2025,20-10-2025,10,0.0,110649.5,Paid
6341,640,13,Rep_29,18-10-2024,20-10-2024,19-11-2024,29-11-2024,6,15.0,34278.94,Paid
6342,862,87,Rep_5,30-08-2024,30-08-2024,29-09-2024,29-09-2024,10,0.0,16500.3,Paid
6343,697,40,Rep_12,19-10-2025,20-10-2025,19-11-2025,,10,10.0,49604.94,Pending
6344,201,7,Rep_20,15-05-2025,16-05-2025,15-06-2025,15-06-2025,10,0.0,7020.3,Paid
6345,656,3,Rep_5,10-01-2025,11-01-2025,10-02-2025,08-02-2025,9,5.0,70843.42,Paid
6346,817,93,Rep_14,03-01-2024,03-01-2024,02-02-2024,08-02-2024,4,15.0,6159.0,Paid
6347,152,94,Rep_16,13-09-2025,14-09-2025,14-10-2025,09-12-2025,2,5.0,5275.92,Late
6348,549,85,Rep_1,07-11-2025,07-11-2025,07-12-2025,17-01-2026,4,5.0,8957.97,Late
6349,53,70,Rep_3,31-12-2025,02-01-2026,01-02-2026,09-02-2026,6,15.0,43652.28,Paid
6350,299,3,Rep_2,23-06-2024,25-06-2024,25-07-2024,26-07-2024,1,20.0,6628.62,Paid
6351,864,53,Rep_30,14-03-2024,15-03-2024,14-04-2024,,9,0.0,39757.32,Pending
6352,256,32,Rep_7,15-05-2024,15-05-2024,14-06-2024,17-06-2024,5,5.0,13219.39,Paid
6353,88,96,Rep_6,03-05-2025,05-05-2025,04-06-2025,03-06-2025,7,5.0,53048.51,Paid
6354,372,84,Rep_9,18-03-2025,19-03-2025,18-04-2025,16-04-2025,8,15.0,6370.44,Paid
6355,419,28,Rep_13,16-11-2024,16-11-2024,16-12-2024,15-12-2024,5,5.0,19116.99,Paid
6356,125,34,,11-03-2024,11-03-2024,10-04-2024,04-06-2024,5,10.0,17939.16,Late
6357,700,74,Rep_4,17-09-2024,17-09-2024,17-10-2024,27-10-2024,5,10.0,39409.78,Paid
6358,315,53,Rep_22,06-12-2024,06-12-2024,05-01-2025,05-02-2025,10,5.0,41966.06,Late
6359,830,67,Rep_1,28-08-2024,28-08-2024,27-09-2024,27-09-2024,4,15.0,11986.02,Paid
6360,582,48,Rep_7,27-07-2024,28-07-2024,27-08-2024,,6,0.0,30323.76,BadDebt
6361,325,65,Rep_9,30-06-2025,30-06-2025,30-07-2025,29-07-2025,6,10.0,17158.88,Paid
6362,634,32,Rep_18,02-01-2024,04-01-2024,03-02-2024,04-02-2024,1,0.0,2783.03,Paid
6363,28,40,Rep_19,11-03-2024,11-03-2024,10-04-2024,22-05-2024,2,5.0,10472.15,Late
6364,655,1,Rep_14,11-03-2025,13-03-2025,12-04-2025,21-04-2025,3,20.0,13012.13,Paid
6365,609,61,Rep_8,25-03-2025,27-03-2025,26-04-2025,28-04-2025,10,5.0,7083.86,Paid
6366,221,90,Rep_15,07-11-2024,09-11-2024,09-12-2024,12-12-2024,8,10.0,40702.25,Paid
6367,910,63,Rep_23,26-03-2024,27-03-2024,26-04-2024,29-04-2024,6,15.0,8518.68,Paid
6368,242,20,Rep_18,03-06-2024,05-06-2024,05-07-2024,09-07-2024,10,15.0,17340.08,Paid
6369,104,42,Rep_21,29-06-2025,01-07-2025,31-07-2025,29-07-2025,10,20.0,83735.68,Paid
6370,398,26,Rep_17,14-09-2024,14-09-2024,14-10-2024,14-10-2024,7,5.0,57303.98,Paid
6371,21,15,Rep_22,21-12-2024,21-12-2024,20-01-2025,30-01-2025,4,20.0,19764.54,Paid
6372,630,57,Rep_22,01-09-2024,03-09-2024,03-10-2024,11-10-2024,3,10.0,1971.0,Paid
6373,571,75,Rep_25,22-09-2025,24-09-2025,24-10-2025,19-12-2025,8,5.0,57459.57,Late
6374,457,100,Rep_15,29-06-2024,01-07-2024,31-07-2024,06-08-2024,9,10.0,27123.74,Paid
6375,879,38,Rep_9,22-08-2024,22-08-2024,21-09-2024,01-10-2024,9,10.0,31244.62,Paid
6376,993,97,Rep_11,12-06-2025,14-06-2025,14-07-2025,19-07-2025,6,20.0,36678.53,Paid
6377,748,37,Rep_15,04-06-2024,06-06-2024,06-07-2024,14-07-2024,8,0.0,54172.08,Paid
6378,829,21,Rep_24,05-02-2024,05-02-2024,06-03-2024,20-05-2024,4,15.0,15883.03,Late
6379,54,71,Rep_18,13-08-2025,14-08-2025,13-09-2025,16-09-2025,4,20.0,1495.58,Paid
6380,423,58,Rep_29,13-12-2025,13-12-2025,12-01-2026,22-01-2026,10,10.0,24207.66,Paid
6381,227,81,Rep_13,03-01-2024,05-01-2024,04-02-2024,13-02-2024,8,0.0,10136.24,Paid
6382,53,53,Rep_19,23-10-2025,23-10-2025,22-11-2025,24-11-2025,5,15.0,18774.29,Paid
6383,975,55,Rep_5,26-04-2025,27-04-2025,27-05-2025,01-06-2025,2,15.0,9726.14,Paid
6384,366,18,Rep_30,21-03-2025,23-03-2025,22-04-2025,02-05-2025,6,10.0,11815.52,Paid
6385,912,86,Rep_22,10-06-2025,10-06-2025,10-07-2025,08-07-2025,1,10.0,4394.42,Paid
6386,959,32,Rep_20,19-02-2024,21-02-2024,22-03-2024,20-03-2024,8,10.0,20037.82,Paid
6387,470,21,Rep_20,08-11-2025,09-11-2025,09-12-2025,,8,10.0,33634.66,Pending
6388,181,37,Rep_18,20-06-2024,20-06-2024,20-07-2024,22-07-2024,9,5.0,57896.41,Paid
6389,100,96,Rep_4,27-04-2025,27-04-2025,27-05-2025,28-05-2025,8,20.0,51054.21,Paid
6390,535,76,Rep_11,05-09-2024,07-09-2024,07-10-2024,15-10-2024,6,10.0,54212.44,Paid
6391,512,89,Rep_9,07-12-2025,07-12-2025,06-01-2026,12-01-2026,5,0.0,9415.65,Paid
6392,890,48,Rep_26,19-07-2025,21-07-2025,20-08-2025,18-08-2025,5,20.0,20215.84,Paid
6393,668,60,Rep_14,12-08-2024,12-08-2024,11-09-2024,12-09-2024,6,0.0,27836.64,Paid
6394,194,32,Rep_7,08-11-2024,09-11-2024,09-12-2024,12-12-2024,10,5.0,26438.78,Paid
6395,696,67,Rep_29,13-05-2025,13-05-2025,12-06-2025,13-06-2025,6,20.0,16921.44,Paid
6396,628,81,Rep_17,22-08-2025,24-08-2025,23-09-2025,26-09-2025,10,20.0,10136.24,Paid
6397,332,79,Rep_28,08-12-2024,08-12-2024,07-01-2025,11-01-2025,8,10.0,11648.59,Paid
6398,188,60,Rep_26,22-07-2024,22-07-2024,21-08-2024,22-08-2024,7,10.0,29228.47,Paid
6399,62,38,Rep_20,23-05-2024,25-05-2024,24-06-2024,,1,10.0,3471.62,Pending
6400,145,80,Rep_20,25-10-2024,27-10-2024,26-11-2024,30-11-2024,4,5.0,14258.55,Paid
6401,246,66,Rep_7,20-01-2024,21-01-2024,20-02-2024,11-05-2024,1,0.0,11064.95,Late
6402,441,2,Rep_11,03-10-2024,05-10-2024,04-11-2024,03-11-2024,8,20.0,54012.61,Paid
6403,917,87,Rep_8,03-04-2025,03-04-2025,03-05-2025,09-05-2025,1,5.0,1567.53,Paid
6404,171,24,Rep_5,21-11-2024,22-11-2024,22-12-2024,24-12-2024,2,20.0,5795.57,Paid
6405,120,29,Rep_1,15-12-2025,17-12-2025,16-01-2026,23-01-2026,2,20.0,8435.94,Paid
6406,15,79,Rep_3,11-11-2024,11-11-2024,11-12-2024,18-12-2024,6,15.0,8251.09,Paid
6407,571,44,Rep_3,03-06-2025,05-06-2025,05-07-2025,08-07-2025,4,15.0,16679.38,Paid
6408,996,45,Rep_27,23-07-2024,25-07-2024,24-08-2024,,1,10.0,3629.48,Pending
6409,188,82,Rep_13,05-08-2024,05-08-2024,04-09-2024,03-09-2024,1,15.0,3369.52,Paid
6410,890,29,Rep_28,26-08-2025,28-08-2025,27-09-2025,02-10-2025,3,15.0,13444.77,Paid
6411,331,32,Rep_18,18-08-2024,20-08-2024,19-09-2024,22-09-2024,10,20.0,22264.24,Paid
6412,670,92,Rep_28,05-07-2024,06-07-2024,05-08-2024,05-08-2024,3,15.0,11069.96,Paid
6413,749,18,Rep_15,27-02-2025,27-02-2025,29-03-2025,,9,15.0,16738.66,Pending
6414,576,9,Rep_1,16-07-2024,18-07-2024,17-08-2024,08-10-2024,9,0.0,1868.58,Late
6415,158,39,Rep_6,21-10-2025,22-10-2025,21-11-2025,24-11-2025,8,20.0,46604.22,Paid
6416,120,91,Rep_9,23-07-2024,25-07-2024,24-08-2024,15-10-2024,8,20.0,56134.91,Late
6417,62,43,Rep_11,13-04-2025,15-04-2025,15-05-2025,22-05-2025,9,10.0,1685.45,Paid
6418,497,91,Rep_30,28-09-2025,28-09-2025,28-10-2025,05-11-2025,8,10.0,63151.78,Paid
6419,379,98,Rep_26,30-08-2024,30-08-2024,29-09-2024,27-09-2024,1,15.0,1008.1,Paid
6420,167,25,Rep_15,09-06-2024,09-06-2024,09-07-2024,07-07-2024,5,5.0,2150.75,Paid
6421,10,34,Rep_3,09-06-2024,11-06-2024,11-07-2024,,5,20.0,15945.92,Pending
6422,495,18,Rep_17,29-10-2024,30-10-2024,29-11-2024,06-12-2024,4,5.0,8314.63,Paid
6423,760,89,Rep_8,17-07-2025,19-07-2025,18-08-2025,16-10-2025,6,5.0,10733.84,Late
6424,621,39,Rep_24,10-10-2024,12-10-2024,11-11-2024,12-11-2024,2,0.0,14563.82,Paid
6425,138,4,Rep_21,31-07-2025,01-08-2025,31-08-2025,03-09-2025,9,5.0,25103.14,Paid
6426,988,61,Rep_16,17-06-2025,18-06-2025,18-07-2025,24-07-2025,10,5.0,7083.86,Paid
6427,257,72,Rep_17,06-08-2024,06-08-2024,05-09-2024,11-09-2024,1,15.0,4592.47,Paid
6428,123,58,Rep_2,26-12-2024,26-12-2024,25-01-2025,30-01-2025,6,10.0,14524.6,Paid
6429,78,54,Rep_14,09-10-2025,11-10-2025,10-11-2025,12-01-2026,2,10.0,12002.69,Late
6430,15,86,Rep_19,15-09-2025,17-09-2025,17-10-2025,15-10-2025,2,5.0,9277.11,Paid
6431,885,68,Rep_20,28-10-2025,28-10-2025,27-11-2025,26-01-2026,1,10.0,8625.01,Late
6432,896,37,Rep_6,08-02-2024,10-02-2024,11-03-2024,17-03-2024,6,0.0,40629.06,Paid
6433,818,74,Rep_18,28-07-2024,28-07-2024,27-08-2024,26-08-2024,9,0.0,78819.57,Paid
6434,789,53,Rep_18,18-01-2024,20-01-2024,19-02-2024,16-04-2024,3,0.0,13252.44,Late
6435,143,22,Rep_17,12-04-2024,13-04-2024,13-05-2024,27-06-2024,5,5.0,4001.16,Late
6436,359,17,Rep_23,06-09-2024,08-09-2024,08-10-2024,18-10-2024,5,15.0,32862.87,Paid
6437,661,78,Rep_27,05-09-2025,06-09-2025,06-10-2025,,8,10.0,48234.6,Pending
6438,372,4,Rep_16,22-03-2025,23-03-2025,22-04-2025,24-04-2025,2,5.0,5578.48,Paid
6439,281,33,Rep_5,11-09-2024,11-09-2024,11-10-2024,18-10-2024,3,0.0,4430.01,Paid
6440,127,99,Rep_21,27-05-2024,27-05-2024,26-06-2024,01-07-2024,1,5.0,1684.19,Paid
6441,538,65,Rep_21,30-06-2025,02-07-2025,01-08-2025,21-10-2025,1,5.0,3018.69,Late
6442,63,55,Rep_13,27-04-2024,27-04-2024,27-05-2024,30-07-2024,5,0.0,28606.3,Late
6443,932,85,Rep_8,08-12-2025,09-12-2025,08-01-2026,16-01-2026,8,10.0,16972.99,Paid
6444,197,86,Rep_11,17-10-2025,18-10-2025,17-11-2025,21-11-2025,5,5.0,23192.78,Paid
6445,895,85,Rep_8,27-04-2025,27-04-2025,27-05-2025,,9,0.0,21216.24,Pending
6446,92,57,Rep_3,28-10-2024,28-10-2024,27-11-2024,01-02-2025,1,20.0,584.0,Late
6447,85,67,Rep_23,24-02-2024,26-02-2024,27-03-2024,,2,15.0,5993.01,Pending
6448,461,99,Rep_6,23-11-2024,25-11-2024,25-12-2024,23-12-2024,1,10.0,1595.55,Paid
6449,225,50,Rep_21,12-06-2024,14-06-2024,14-07-2024,13-07-2024,2,15.0,2764.68,Paid
6450,969,71,Rep_26,31-08-2025,31-08-2025,30-09-2025,29-09-2025,4,15.0,1589.06,Paid
6451,730,42,Rep_8,06-04-2025,06-04-2025,06-05-2025,12-05-2025,10,15.0,88969.16,Paid
6452,31,10,Rep_25,09-02-2024,09-02-2024,10-03-2024,13-03-2024,5,0.0,25446.9,Paid
6453,529,63,Rep_9,24-01-2024,24-01-2024,23-02-2024,,2,15.0,2839.56,Pending
6454,616,3,Rep_16,30-04-2025,02-05-2025,01-06-2025,01-06-2025,9,10.0,67114.82,Paid
6455,150,26,Rep_15,26-01-2024,28-01-2024,27-02-2024,03-03-2024,7,5.0,57303.98,Paid
6456,937,53,Rep_23,09-09-2025,09-09-2025,09-10-2025,15-10-2025,6,20.0,21203.9,Paid
6457,963,67,Rep_22,21-03-2025,21-03-2025,20-04-2025,27-04-2025,6,15.0,17979.03,Paid
6458,289,24,Rep_5,16-05-2024,17-05-2024,16-06-2024,18-06-2024,10,0.0,36222.3,Paid
6459,786,75,Rep_4,09-06-2024,10-06-2024,10-07-2024,12-07-2024,5,10.0,34022.12,Paid
6460,868,48,Rep_8,11-11-2024,12-11-2024,12-12-2024,18-12-2024,10,15.0,42958.66,Paid
6461,503,22,Rep_1,18-07-2025,19-07-2025,18-08-2025,,6,15.0,4295.99,BadDebt
6462,200,40,Rep_17,12-12-2024,14-12-2024,13-01-2025,18-01-2025,2,0.0,11023.32,Paid
6463,361,42,Rep_29,08-02-2024,08-02-2024,09-03-2024,14-03-2024,3,5.0,29830.84,Paid
6464,301,20,Rep_13,17-02-2024,17-02-2024,18-03-2024,23-03-2024,7,10.0,12852.06,Paid
6465,358,67,Rep_15,23-03-2024,25-03-2024,24-04-2024,25-04-2024,5,10.0,15863.85,Paid
6466,390,96,Rep_15,21-06-2024,21-06-2024,21-07-2024,30-07-2024,10,15.0,67806.37,Paid
6467,992,55,Rep_16,02-05-2024,02-05-2024,01-06-2024,,1,10.0,5149.13,Pending
6468,420,62,Rep_30,19-10-2025,20-10-2025,19-11-2025,26-11-2025,6,0.0,42553.68,Paid
6469,171,45,Rep_14,28-03-2024,30-03-2024,29-04-2024,,2,0.0,8065.5,Pending
6470,815,23,Rep_22,23-09-2025,23-09-2025,23-10-2025,29-10-2025,2,5.0,5548.51,Paid
6471,791,91,Rep_26,29-09-2024,30-09-2024,30-10-2024,06-11-2024,4,5.0,33330.1,Paid
6472,155,81,Rep_28,19-04-2025,21-04-2025,21-05-2025,29-05-2025,3,15.0,3230.93,Paid
6473,936,12,Rep_28,21-08-2024,22-08-2024,21-09-2024,24-10-2024,4,20.0,32736.74,Late
6474,307,10,Rep_16,29-06-2024,29-06-2024,29-07-2024,02-09-2024,2,20.0,8143.01,Late
6475,428,70,Rep_11,22-11-2024,22-11-2024,22-12-2024,27-12-2024,5,15.0,36376.9,Paid
6476,752,37,Rep_17,21-08-2025,23-08-2025,22-09-2025,11-12-2025,4,20.0,21668.83,Late
6477,849,8,Rep_16,31-12-2024,31-12-2024,30-01-2025,01-02-2025,1,15.0,7002.4,Paid
6478,719,13,Rep_7,20-09-2025,22-09-2025,22-10-2025,26-10-2025,5,10.0,30246.12,Paid
6479,209,16,Rep_7,16-02-2024,17-02-2024,18-03-2024,09-06-2024,5,15.0,5648.72,Late
6480,481,57,Rep_9,13-04-2025,13-04-2025,13-05-2025,14-05-2025,4,20.0,2336.0,Paid
6481,93,22,Rep_25,07-05-2025,08-05-2025,07-06-2025,14-06-2025,9,20.0,6064.92,Paid
6482,629,78,Rep_17,01-12-2025,01-12-2025,31-12-2025,03-01-2026,2,5.0,12728.58,Paid
6483,851,46,Rep_16,14-12-2024,15-12-2024,14-01-2025,,7,15.0,4961.88,Pending
6484,561,59,Rep_9,14-02-2024,14-02-2024,15-03-2024,,9,0.0,26684.55,BadDebt
6485,902,16,Rep_2,05-02-2025,05-02-2025,07-03-2025,06-03-2025,1,0.0,1329.11,Paid
6486,199,44,Rep_24,21-11-2025,23-11-2025,23-12-2025,02-01-2026,8,20.0,31396.48,Paid
6487,915,5,Rep_13,05-06-2025,07-06-2025,07-07-2025,17-07-2025,9,10.0,8294.72,Paid
6488,558,40,Rep_16,18-04-2024,20-04-2024,20-05-2024,25-05-2024,5,15.0,23424.56,Paid
6489,255,22,Rep_23,09-11-2025,11-11-2025,11-12-2025,17-12-2025,4,20.0,2695.52,Paid
6490,913,45,Rep_4,20-07-2024,22-07-2024,21-08-2024,22-08-2024,6,15.0,20567.02,Paid
6491,85,60,Rep_20,22-07-2025,23-07-2025,22-08-2025,28-08-2025,10,5.0,44074.68,Paid
6492,661,47,Rep_20,26-02-2025,28-02-2025,30-03-2025,06-04-2025,7,15.0,16015.14,Paid
6493,628,47,Rep_5,27-01-2025,29-01-2025,28-02-2025,26-02-2025,9,10.0,21802.12,Paid
6494,391,28,Rep_28,05-12-2025,07-12-2025,06-01-2026,12-01-2026,8,20.0,25757.63,Paid
6495,534,4,Rep_5,07-05-2024,07-05-2024,06-06-2024,05-06-2024,2,20.0,4697.66,Paid
6496,824,49,Rep_11,07-11-2024,07-11-2024,07-12-2024,17-01-2025,3,0.0,22750.86,Late
6497,331,82,Rep_28,02-05-2025,04-05-2025,03-06-2025,12-06-2025,9,5.0,33893.4,Paid
6498,998,58,Rep_1,07-09-2024,09-09-2024,09-10-2024,,3,15.0,6858.84,Pending
6499,712,59,Rep_20,06-02-2024,07-02-2024,08-03-2024,06-03-2024,10,0.0,29649.5,Paid
6500,414,13,Rep_23,06-04-2024,08-04-2024,08-05-2024,,9,0.0,60492.24,Pending
6501,386,83,Rep_23,09-08-2025,11-08-2025,10-09-2025,10-09-2025,4,5.0,8502.35,Paid
6502,410,90,Rep_3,14-12-2024,16-12-2024,15-01-2025,13-01-2025,2,20.0,9044.94,Paid
6503,175,3,Rep_22,25-05-2024,26-05-2024,25-06-2024,24-06-2024,7,5.0,55100.44,Paid
6504,98,80,Rep_9,31-08-2025,31-08-2025,30-09-2025,,10,5.0,35646.38,BadDebt
6505,17,78,Rep_8,29-12-2025,30-12-2025,29-01-2026,30-01-2026,6,10.0,36175.95,Paid
6506,393,100,Rep_19,15-03-2025,15-03-2025,14-04-2025,21-04-2025,10,15.0,28463.18,Paid
6507,867,58,Rep_20,10-10-2024,10-10-2024,09-11-2024,13-11-2024,4,5.0,10221.01,Paid
6508,152,68,Rep_26,28-01-2024,28-01-2024,27-02-2024,28-02-2024,8,0.0,76666.72,Paid
6509,908,100,Rep_6,02-12-2025,02-12-2025,01-01-2026,31-12-2025,8,5.0,25449.44,Paid
6510,223,26,Rep_3,14-07-2025,14-07-2025,13-08-2025,15-08-2025,6,10.0,46532.56,Paid
6511,698,44,Rep_1,10-06-2024,10-06-2024,10-07-2024,22-09-2024,6,20.0,23547.36,Late
6512,792,49,Rep_23,12-04-2025,14-04-2025,14-05-2025,14-05-2025,3,5.0,21613.32,Paid
6513,17,75,,17-01-2024,17-01-2024,16-02-2024,18-02-2024,7,10.0,47630.96,Paid
6514,86,43,Rep_27,23-11-2025,23-11-2025,23-12-2025,26-12-2025,9,5.0,1779.08,Paid
6515,370,6,Rep_18,20-09-2025,20-09-2025,20-10-2025,26-10-2025,2,20.0,15650.37,Paid
6516,652,50,Rep_13,02-11-2024,03-11-2024,03-12-2024,13-12-2024,1,5.0,1544.97,Paid
6517,936,74,Rep_26,29-08-2025,29-08-2025,28-09-2025,29-09-2025,5,15.0,37220.35,Paid
6518,356,51,Rep_16,07-03-2024,07-03-2024,06-04-2024,11-04-2024,5,15.0,41309.79,Paid
6519,312,5,Rep_29,20-03-2025,22-03-2025,21-04-2025,30-04-2025,8,15.0,6963.47,Paid
6520,656,26,Rep_24,15-07-2025,16-07-2025,15-08-2025,22-08-2025,8,0.0,68937.12,Paid
6521,129,14,Rep_30,04-07-2025,04-07-2025,03-08-2025,05-10-2025,10,5.0,28512.54,Late
6522,139,26,Rep_10,25-05-2025,27-05-2025,26-06-2025,,10,10.0,77554.26,Pending
6523,651,4,Rep_6,03-12-2024,04-12-2024,03-01-2025,01-01-2025,8,5.0,22313.9,Paid
6524,325,50,Rep_30,27-12-2024,27-12-2024,26-01-2025,05-02-2025,9,0.0,14636.52,Paid
6525,200,51,Rep_11,01-05-2024,01-05-2024,31-05-2024,27-08-2024,5,15.0,41309.79,Late
6526,964,3,Rep_9,09-04-2024,11-04-2024,11-05-2024,02-07-2024,1,0.0,8285.78,Late
6527,147,58,Rep_8,14-04-2024,15-04-2024,15-05-2024,,6,5.0,15331.52,Pending
6528,749,43,Rep_9,26-09-2024,26-09-2024,26-10-2024,31-10-2024,3,5.0,593.03,Paid
6529,290,20,Rep_29,27-10-2025,28-10-2025,27-11-2025,26-11-2025,10,20.0,16320.08,Paid
6530,317,55,Rep_24,29-11-2024,29-11-2024,29-12-2024,31-12-2024,7,10.0,36043.94,Paid
6531,406,4,Rep_19,27-07-2024,27-07-2024,26-08-2024,03-09-2024,9,20.0,21139.49,Paid
6532,849,79,Rep_12,06-11-2024,06-11-2024,06-12-2024,11-12-2024,3,15.0,4125.54,Paid
6533,565,18,Rep_22,29-05-2025,29-05-2025,28-06-2025,04-07-2025,3,5.0,6235.97,Paid
6534,40,85,Rep_10,04-06-2024,05-06-2024,05-07-2024,03-07-2024,3,20.0,5657.66,Paid
6535,425,74,Rep_13,12-12-2025,14-12-2025,13-01-2026,18-01-2026,9,5.0,74878.59,Paid
6536,1,76,Rep_3,22-08-2025,23-08-2025,22-09-2025,,9,10.0,81318.65,Pending
6537,256,16,Rep_27,28-10-2025,28-10-2025,27-11-2025,,8,20.0,8506.3,Pending
6538,533,87,Rep_16,03-10-2025,03-10-2025,02-11-2025,02-11-2025,7,15.0,9817.68,Paid
6539,909,18,Rep_10,13-06-2024,13-06-2024,13-07-2024,,4,20.0,7001.79,Pending
6540,94,59,Rep_15,04-08-2025,06-08-2025,05-09-2025,26-10-2025,5,20.0,11859.8,Late
6541,697,11,Rep_13,27-03-2025,27-03-2025,26-04-2025,28-04-2025,5,0.0,10088.15,Paid
6542,264,43,Rep_27,14-03-2024,16-03-2024,15-04-2024,21-04-2024,4,0.0,832.32,Paid
6543,113,90,Rep_4,21-01-2025,22-01-2025,21-02-2025,12-04-2025,10,0.0,56530.9,Late
6544,60,63,Rep_10,10-05-2024,11-05-2024,10-06-2024,14-06-2024,9,10.0,13529.67,Paid
6545,908,8,Rep_12,18-10-2025,19-10-2025,18-11-2025,16-11-2025,6,20.0,39542.98,Paid
6546,822,18,Rep_29,29-05-2025,29-05-2025,28-06-2025,,3,20.0,5251.34,BadDebt
6547,558,10,Rep_9,22-04-2024,23-04-2024,23-05-2024,,7,10.0,32063.09,Pending
6548,253,20,Rep_8,19-11-2024,21-11-2024,21-12-2024,23-12-2024,9,10.0,16524.08,Paid
6549,512,46,Rep_7,17-08-2025,19-08-2025,18-09-2025,02-11-2025,5,10.0,3752.68,Late
6550,91,65,Rep_29,15-05-2025,15-05-2025,14-06-2025,16-06-2025,7,15.0,18906.54,Paid
6551,684,97,Rep_16,19-05-2024,21-05-2024,20-06-2024,20-06-2024,5,15.0,32475.78,Paid
6552,481,85,Rep_9,07-08-2025,08-08-2025,07-09-2025,15-09-2025,2,5.0,4478.98,Paid
6553,434,64,Rep_14,02-11-2025,03-11-2025,03-12-2025,,2,5.0,7778.03,Pending
6554,292,91,Rep_12,27-08-2025,28-08-2025,27-09-2025,,8,5.0,66660.21,Pending
6555,499,50,Rep_10,05-09-2025,07-09-2025,07-10-2025,17-10-2025,8,10.0,11709.22,Paid
6556,880,32,Rep_3,21-11-2025,21-11-2025,21-12-2025,15-02-2026,4,20.0,8905.7,Late
6557,279,64,Rep_27,26-04-2024,27-04-2024,27-05-2024,,10,20.0,32749.6,Pending
6558,265,81,Rep_29,06-10-2024,07-10-2024,06-11-2024,15-11-2024,10,15.0,10769.76,Paid
6559,879,59,Rep_9,09-04-2025,10-04-2025,10-05-2025,16-05-2025,5,0.0,14824.75,Paid
6560,334,32,Rep_13,05-01-2025,05-01-2025,04-02-2025,,4,5.0,10575.51,BadDebt
6561,498,25,Rep_9,13-12-2025,15-12-2025,14-01-2026,24-01-2026,8,5.0,3441.2,Paid
6562,976,87,Rep_26,14-08-2024,14-08-2024,13-09-2024,12-09-2024,7,20.0,9240.17,Paid
6563,579,29,Rep_19,16-10-2025,18-10-2025,17-11-2025,20-11-2025,3,5.0,15026.51,Paid
6564,530,2,Rep_14,28-12-2024,29-12-2024,28-01-2025,23-04-2025,8,0.0,67515.76,Late
6565,863,97,Rep_1,26-07-2025,28-07-2025,27-08-2025,28-08-2025,1,5.0,7259.29,Paid
6566,755,53,Rep_25,25-10-2025,25-10-2025,24-11-2025,28-11-2025,5,0.0,22087.4,Paid
6567,165,57,Rep_27,28-03-2024,30-03-2024,29-04-2024,09-05-2024,9,20.0,5256.0,Paid
6568,251,16,Rep_10,21-01-2024,23-01-2024,22-02-2024,03-03-2024,9,15.0,10167.69,Paid
6569,505,99,Rep_5,15-09-2024,17-09-2024,17-10-2024,,9,0.0,15955.47,Pending
6570,286,28,Rep_25,16-06-2024,18-06-2024,18-07-2024,23-07-2024,8,5.0,30587.19,Paid
6571,696,22,Rep_18,25-11-2025,26-11-2025,26-12-2025,03-01-2026,5,5.0,4001.16,Paid
6572,277,18,Rep_2,17-04-2025,18-04-2025,18-05-2025,17-05-2025,5,0.0,10940.3,Paid
6573,560,2,Rep_20,08-08-2025,10-08-2025,09-09-2025,08-09-2025,7,10.0,53168.66,Paid
6574,270,71,Rep_21,22-07-2025,23-07-2025,22-08-2025,31-08-2025,5,0.0,2336.85,Paid
6575,185,69,Rep_27,12-10-2025,13-10-2025,12-11-2025,18-11-2025,9,20.0,60381.36,Paid
6576,67,82,Rep_27,06-05-2025,06-05-2025,05-06-2025,08-07-2025,9,5.0,33893.4,Late
6577,580,35,Rep_21,27-02-2024,27-02-2024,28-03-2024,04-04-2024,8,15.0,40755.46,Paid
6578,902,32,Rep_10,04-08-2024,05-08-2024,04-09-2024,10-09-2024,4,10.0,10018.91,Paid
6579,596,5,Rep_26,19-11-2025,21-11-2025,21-12-2025,29-12-2025,9,0.0,9216.36,Paid
6580,769,30,Rep_16,07-12-2025,09-12-2025,08-01-2026,17-01-2026,2,20.0,3178.67,Paid
6581,407,86,Rep_8,14-10-2024,15-10-2024,14-11-2024,20-11-2024,4,5.0,18554.22,Paid
6582,688,98,Rep_16,19-06-2024,21-06-2024,21-07-2024,26-07-2024,1,15.0,1008.1,Paid
6583,546,40,Rep_5,03-07-2024,05-07-2024,04-08-2024,24-09-2024,1,15.0,4684.91,Late
6584,553,12,Rep_5,19-11-2025,19-11-2025,19-12-2025,04-02-2026,7,5.0,68031.03,Late
6585,90,45,Rep_21,02-11-2024,03-11-2024,03-12-2024,02-12-2024,5,20.0,16131.0,Paid
6586,669,82,Rep_21,28-02-2025,02-03-2025,01-04-2025,31-03-2025,10,10.0,35677.26,Paid
6587,263,74,Rep_23,01-06-2024,03-06-2024,03-07-2024,12-07-2024,6,0.0,52546.38,Paid
6588,517,8,Rep_23,30-06-2024,30-06-2024,30-07-2024,31-07-2024,2,10.0,14828.62,Paid
6589,560,2,Rep_18,06-08-2025,07-08-2025,06-09-2025,08-09-2025,10,5.0,80174.96,Paid
6590,917,39,Rep_17,24-08-2024,25-08-2024,24-09-2024,02-12-2024,8,5.0,55342.52,Late
6591,328,61,Rep_11,29-05-2024,30-05-2024,29-06-2024,,9,0.0,6711.03,Pending
6592,872,47,Rep_8,04-03-2025,04-03-2025,03-04-2025,05-04-2025,6,10.0,14534.75,Paid
6593,410,42,Rep_12,08-03-2025,10-03-2025,09-04-2025,12-04-2025,5,0.0,52334.8,Paid
6594,99,58,Rep_8,21-12-2025,22-12-2025,21-01-2026,28-01-2026,7,5.0,17886.77,Paid
6595,290,96,Rep_7,26-02-2025,27-02-2025,29-03-2025,31-03-2025,5,15.0,33903.18,Paid
6596,305,32,Rep_1,26-01-2024,28-01-2024,27-02-2024,07-03-2024,7,15.0,16559.03,Paid
6597,532,93,Rep_19,03-11-2024,04-11-2024,04-12-2024,28-02-2025,7,15.0,10778.25,Late
6598,455,12,Rep_13,29-05-2024,30-05-2024,29-06-2024,,1,20.0,8184.18,Pending
6599,159,4,Rep_7,22-11-2025,23-11-2025,23-12-2025,23-12-2025,5,15.0,12478.17,Paid
6600,804,67,Rep_29,24-06-2025,24-06-2025,24-07-2025,16-10-2025,5,5.0,16745.18,Late
6601,907,41,Rep_1,20-10-2025,22-10-2025,21-11-2025,19-11-2025,10,15.0,30252.1,Paid
6602,323,8,Rep_15,15-04-2025,17-04-2025,17-05-2025,16-07-2025,6,5.0,46957.28,Late
6603,423,53,Rep_7,20-05-2025,21-05-2025,20-06-2025,13-09-2025,9,0.0,39757.32,Late
6604,642,9,Rep_28,12-02-2025,12-02-2025,14-03-2025,24-03-2025,7,20.0,1162.67,Paid
6605,901,31,Rep_20,04-08-2024,05-08-2024,04-09-2024,11-09-2024,2,5.0,8834.98,Paid
6606,740,56,Rep_17,07-01-2025,08-01-2025,07-02-2025,07-02-2025,9,15.0,19236.46,Paid
6607,262,87,Rep_6,27-04-2024,29-04-2024,29-05-2024,03-06-2024,7,5.0,10972.7,Paid
6608,781,63,Rep_3,29-02-2024,02-03-2024,01-04-2024,31-03-2024,9,15.0,12778.02,Paid
6609,417,98,Rep_22,12-10-2024,12-10-2024,11-11-2024,13-11-2024,7,0.0,8302.0,Paid
6610,90,20,Rep_1,23-08-2025,25-08-2025,24-09-2025,,7,5.0,13566.07,Pending
6611,678,22,Rep_16,13-09-2025,14-09-2025,14-10-2025,20-10-2025,1,0.0,842.35,Paid
6612,847,6,Rep_3,01-08-2025,02-08-2025,01-09-2025,02-09-2025,9,15.0,74828.32,Paid
6613,384,27,Rep_20,30-03-2025,31-03-2025,30-04-2025,,1,5.0,1437.62,BadDebt
6614,88,39,Rep_1,25-08-2024,27-08-2024,26-09-2024,01-10-2024,6,0.0,43691.46,Paid
6615,641,25,Rep_27,05-08-2024,06-08-2024,05-09-2024,30-11-2024,1,0.0,452.79,Late
6616,941,15,Rep_23,24-12-2024,24-12-2024,23-01-2025,31-01-2025,9,20.0,44470.22,Paid
6617,500,7,Rep_2,03-09-2024,03-09-2024,03-10-2024,13-11-2024,5,20.0,2808.12,Late
6618,200,58,Rep_10,01-10-2024,02-10-2024,01-11-2024,09-11-2024,7,15.0,16003.95,Paid
6619,88,74,Rep_12,13-05-2024,14-05-2024,13-06-2024,19-06-2024,5,20.0,35030.92,Paid
6620,926,58,Rep_13,10-09-2025,10-09-2025,10-10-2025,09-12-2025,1,0.0,2689.74,Late
6621,627,41,Rep_23,10-05-2025,12-05-2025,11-06-2025,12-06-2025,4,15.0,12100.84,Paid
6622,206,41,Rep_17,01-05-2024,02-05-2024,01-06-2024,07-06-2024,8,0.0,28472.56,Paid
6623,113,60,Rep_10,20-02-2024,20-02-2024,21-03-2024,19-05-2024,7,0.0,32476.08,Late
6624,992,14,Rep_11,14-03-2025,16-03-2025,15-04-2025,,6,5.0,17107.52,Pending
6625,651,82,Rep_27,22-10-2025,23-10-2025,22-11-2025,24-11-2025,8,10.0,28541.81,Paid
6626,459,81,Rep_17,25-10-2025,27-10-2025,26-11-2025,26-11-2025,1,0.0,1267.03,Paid
6627,919,79,Rep_24,20-06-2024,20-06-2024,20-07-2024,,10,5.0,15369.67,Pending
6628,615,49,Rep_4,30-06-2025,01-07-2025,31-07-2025,,6,0.0,45501.72,BadDebt
6629,88,52,Rep_30,19-12-2024,20-12-2024,19-01-2025,23-01-2025,6,0.0,43903.32,Paid
6630,332,47,Rep_1,13-01-2025,15-01-2025,14-02-2025,20-02-2025,1,0.0,2691.62,Paid
6631,870,88,Rep_18,10-05-2025,11-05-2025,10-06-2025,10-06-2025,2,5.0,11863.98,Paid
6632,751,93,Rep_5,06-08-2024,08-08-2024,07-09-2024,05-09-2024,7,5.0,12046.28,Paid
6633,875,32,Rep_15,08-03-2025,10-03-2025,09-04-2025,17-05-2025,1,20.0,2226.42,Late
6634,897,9,Rep_3,13-08-2025,13-08-2025,12-09-2025,25-10-2025,1,20.0,166.1,Late
6635,43,4,Rep_2,03-10-2024,04-10-2024,03-11-2024,06-11-2024,4,10.0,10569.74,Paid
6636,213,43,Rep_22,04-06-2025,05-06-2025,05-07-2025,,8,0.0,1664.64,Pending
6637,962,42,Rep_30,07-11-2025,08-11-2025,08-12-2025,07-12-2025,9,15.0,80072.24,Paid
6638,669,42,Rep_22,10-07-2024,12-07-2024,11-08-2024,13-08-2024,3,5.0,29830.84,Paid
6639,822,26,Rep_22,23-10-2025,23-10-2025,22-11-2025,22-11-2025,4,5.0,32745.13,Paid
6640,815,1,Rep_21,24-05-2024,25-05-2024,24-06-2024,02-07-2024,4,5.0,20602.54,Paid
6641,139,18,Rep_29,18-05-2025,19-05-2025,18-06-2025,19-07-2025,5,15.0,9299.25,Late
6642,236,2,Rep_24,11-09-2025,13-09-2025,13-10-2025,19-11-2025,2,0.0,16878.94,Late
6643,827,94,Rep_30,25-07-2025,26-07-2025,25-08-2025,29-08-2025,8,20.0,17771.52,Paid
6644,654,84,Rep_2,14-07-2024,16-07-2024,15-08-2024,23-08-2024,8,20.0,5995.71,Paid
6645,696,10,Rep_16,03-06-2025,05-06-2025,05-07-2025,06-07-2025,7,0.0,35625.66,Paid
6646,335,4,Rep_26,07-03-2025,07-03-2025,06-04-2025,07-04-2025,4,10.0,10569.74,Paid
6647,405,31,Rep_28,07-11-2025,08-11-2025,08-12-2025,10-12-2025,6,15.0,23714.95,Paid
6648,910,31,Rep_27,14-01-2024,14-01-2024,13-02-2024,21-02-2024,3,15.0,11857.47,Paid
6649,947,17,Rep_6,15-02-2025,17-02-2025,19-03-2025,24-03-2025,3,20.0,18557.86,Paid
6650,763,2,Rep_19,17-01-2024,19-01-2024,18-02-2024,10-04-2024,2,0.0,16878.94,Late
6651,646,90,Rep_28,27-09-2024,27-09-2024,27-10-2024,06-11-2024,10,15.0,48051.26,Paid
6652,582,46,Rep_25,08-10-2025,09-10-2025,08-11-2025,17-11-2025,6,20.0,4002.86,Paid
6653,66,27,Rep_24,08-02-2024,08-02-2024,09-03-2024,16-03-2024,3,20.0,3631.87,Paid
6654,218,70,Rep_29,26-10-2024,28-10-2024,27-11-2024,27-11-2024,2,5.0,16262.61,Paid
6655,52,38,,18-06-2024,20-06-2024,20-07-2024,18-07-2024,4,0.0,15429.44,Paid
6656,347,65,Rep_1,17-05-2025,19-05-2025,18-06-2025,18-06-2025,1,15.0,2700.93,Paid
6657,177,42,Rep_6,31-12-2024,01-01-2025,31-01-2025,30-01-2025,9,15.0,80072.24,Paid
6658,654,15,Rep_1,29-09-2024,29-09-2024,29-10-2024,31-10-2024,5,5.0,29338.0,Paid
6659,999,46,Rep_19,22-09-2025,23-09-2025,23-10-2025,28-10-2025,7,5.0,5545.63,Paid
6660,502,49,Rep_16,22-08-2024,24-08-2024,23-09-2024,23-09-2024,8,5.0,57635.51,Paid
6661,265,71,Rep_8,15-07-2025,15-07-2025,14-08-2025,21-08-2025,2,10.0,841.27,Paid
6662,372,100,Rep_10,06-02-2025,08-02-2025,10-03-2025,,2,10.0,6027.5,Pending
6663,241,76,Rep_25,24-06-2025,26-06-2025,26-07-2025,01-08-2025,5,5.0,47686.86,Paid
6664,943,60,Rep_1,15-04-2024,17-04-2024,17-05-2024,,5,5.0,22037.34,Pending
6665,715,81,Rep_18,29-06-2025,01-07-2025,31-07-2025,08-08-2025,4,20.0,4054.5,Paid
6666,153,9,Rep_29,04-06-2024,04-06-2024,04-07-2024,06-07-2024,2,15.0,352.95,Paid
6667,369,91,Rep_7,05-04-2024,06-04-2024,06-05-2024,10-05-2024,5,20.0,35084.32,Paid
6668,139,16,Rep_18,14-06-2025,15-06-2025,15-07-2025,22-07-2025,6,0.0,7974.66,Paid
6669,287,22,Rep_26,25-08-2024,27-08-2024,26-09-2024,,10,10.0,7581.15,Pending
6670,590,70,Rep_13,11-12-2025,11-12-2025,10-01-2026,,9,0.0,77033.43,Pending
6671,729,50,Rep_14,29-05-2024,29-05-2024,28-06-2024,30-06-2024,7,5.0,10814.76,Paid
6672,682,63,Rep_16,03-11-2025,04-11-2025,04-12-2025,14-12-2025,4,10.0,6013.19,Paid
6673,288,89,Rep_19,16-07-2025,17-07-2025,16-08-2025,23-08-2025,3,15.0,4801.98,Paid
6674,947,36,Rep_17,21-01-2025,21-01-2025,20-02-2025,23-02-2025,4,15.0,3038.89,Paid
6675,298,64,Rep_3,28-11-2025,28-11-2025,28-12-2025,06-01-2026,8,10.0,29474.64,Paid
6676,395,4,Rep_4,06-06-2024,08-06-2024,08-07-2024,16-07-2024,1,0.0,2936.04,Paid
6677,966,38,Rep_22,04-06-2025,04-06-2025,04-07-2025,,3,5.0,10993.48,Pending
6678,407,73,Rep_28,28-09-2025,30-09-2025,30-10-2025,,1,0.0,3617.04,Pending
6679,292,68,Rep_3,03-11-2024,05-11-2024,05-12-2024,07-12-2024,7,10.0,60375.04,Paid
6680,734,23,Rep_18,27-05-2024,29-05-2024,28-06-2024,26-06-2024,7,20.0,16353.51,Paid
6681,749,16,Rep_18,30-04-2025,02-05-2025,01-06-2025,11-06-2025,10,10.0,11961.99,Paid
6682,455,67,Rep_24,26-05-2024,26-05-2024,25-06-2024,06-09-2024,10,15.0,29965.05,Late
6683,726,48,Rep_27,21-08-2025,22-08-2025,21-09-2025,27-09-2025,7,5.0,33608.83,Paid
6684,543,45,Rep_16,08-12-2024,10-12-2024,09-01-2025,09-04-2025,2,0.0,8065.5,Late
6685,290,92,Rep_21,15-06-2025,15-06-2025,15-07-2025,20-07-2025,1,15.0,3689.99,Paid
6686,467,34,Rep_24,31-03-2025,31-03-2025,30-04-2025,19-07-2025,8,5.0,30297.25,Late
6687,240,54,Rep_16,08-03-2024,09-03-2024,08-04-2024,,10,5.0,63347.52,Pending
6688,137,6,Rep_21,16-12-2025,18-12-2025,17-01-2026,01-04-2026,9,5.0,83631.65,Late
6689,910,42,Rep_5,28-12-2025,30-12-2025,29-01-2026,07-02-2026,5,0.0,52334.8,Paid
6690,615,94,Rep_3,21-04-2024,23-04-2024,23-05-2024,31-05-2024,2,10.0,4998.24,Paid
6691,534,19,Rep_7,16-12-2024,17-12-2024,16-01-2025,,6,0.0,56266.86,Pending
6692,152,45,Rep_12,03-03-2024,03-03-2024,02-04-2024,11-04-2024,7,20.0,22583.4,Paid
6693,198,33,Rep_19,10-12-2025,10-12-2025,09-01-2026,11-01-2026,10,5.0,14028.36,Paid
6694,530,32,Rep_21,27-12-2024,27-12-2024,26-01-2025,30-01-2025,1,15.0,2365.58,Paid
6695,615,62,Rep_21,09-02-2025,10-02-2025,12-03-2025,16-03-2025,10,0.0,70922.8,Paid
6696,800,17,Rep_23,15-11-2024,15-11-2024,15-12-2024,17-12-2024,2,15.0,13145.15,Paid
6697,156,98,Rep_6,07-12-2025,09-12-2025,08-01-2026,16-01-2026,2,15.0,2016.2,Paid
6698,881,80,Rep_27,06-02-2025,06-02-2025,08-03-2025,07-03-2025,3,15.0,9568.24,Paid
6699,689,69,Rep_3,22-10-2024,22-10-2024,21-11-2024,01-12-2024,1,20.0,6709.04,Paid
6700,120,12,Rep_12,14-09-2025,16-09-2025,16-10-2025,23-11-2025,8,20.0,65473.47,Late
6701,996,52,Rep_9,12-12-2025,12-12-2025,11-01-2026,12-01-2026,7,20.0,40976.43,Paid
6702,396,82,Rep_24,11-11-2025,12-11-2025,12-12-2025,14-12-2025,6,15.0,20217.11,Paid
6703,975,21,Rep_26,14-06-2025,15-06-2025,15-07-2025,25-07-2025,8,10.0,33634.66,Paid
6704,982,61,Rep_7,19-03-2024,19-03-2024,18-04-2024,31-05-2024,7,5.0,4958.71,Late
6705,239,32,Rep_10,30-04-2024,30-04-2024,30-05-2024,07-06-2024,8,0.0,22264.24,Paid
6706,492,68,Rep_3,28-07-2024,30-07-2024,29-08-2024,04-11-2024,1,10.0,8625.01,Late
6707,41,94,Rep_17,02-08-2024,02-08-2024,01-09-2024,08-11-2024,10,0.0,27768.0,Late
6708,2,21,Rep_20,22-09-2025,23-09-2025,23-10-2025,21-10-2025,7,10.0,29430.32,Paid
6709,31,90,Rep_24,23-11-2024,24-11-2024,24-12-2024,02-01-2025,2,10.0,10175.56,Paid
6710,23,6,Rep_27,18-12-2024,19-12-2024,18-01-2025,22-01-2025,4,10.0,35213.33,Paid
6711,882,85,Rep_25,11-12-2024,11-12-2024,10-01-2025,12-01-2025,5,10.0,10608.12,Paid
6712,559,17,Rep_8,19-11-2024,21-11-2024,21-12-2024,30-12-2024,4,10.0,27836.78,Paid
6713,252,69,Rep_10,01-03-2024,02-03-2024,01-04-2024,02-06-2024,8,20.0,53672.32,Late
6714,214,69,Rep_11,11-12-2025,11-12-2025,10-01-2026,,1,15.0,7128.36,Pending
6715,648,95,Rep_17,26-12-2024,26-12-2024,25-01-2025,29-01-2025,2,10.0,1792.51,Paid
6716,479,15,Rep_2,06-11-2025,07-11-2025,07-12-2025,12-12-2025,4,5.0,23470.4,Paid
6717,55,6,Rep_13,28-09-2025,28-09-2025,28-10-2025,04-11-2025,9,20.0,70426.66,Paid
6718,902,3,Rep_27,10-08-2025,12-08-2025,11-09-2025,29-10-2025,8,20.0,53028.99,Late
6719,688,50,Rep_2,20-09-2024,21-09-2024,21-10-2024,29-10-2024,7,0.0,11383.96,Paid
6720,240,67,Rep_7,07-06-2024,07-06-2024,07-07-2024,08-07-2024,9,5.0,30141.32,Paid
6721,334,87,Rep_11,23-05-2025,23-05-2025,22-06-2025,20-06-2025,6,20.0,7920.14,Paid
6722,67,70,Rep_25,06-10-2025,08-10-2025,07-11-2025,05-11-2025,7,20.0,47931.91,Paid
6723,452,64,Rep_7,19-02-2025,20-02-2025,22-03-2025,,8,20.0,26199.68,Pending
6724,525,81,Rep_14,17-09-2024,19-09-2024,19-10-2024,24-10-2024,3,0.0,3801.09,Paid
6725,633,43,Rep_25,13-03-2025,15-03-2025,14-04-2025,18-04-2025,6,15.0,1061.21,Paid
6726,800,32,Rep_28,14-02-2025,15-02-2025,17-03-2025,,1,15.0,2365.58,Pending
6727,940,46,Rep_18,09-01-2024,09-01-2024,08-02-2024,07-02-2024,5,0.0,4169.65,Paid
6728,91,46,Rep_22,28-07-2024,28-07-2024,27-08-2024,25-08-2024,1,10.0,750.54,Paid
6729,705,70,Rep_3,24-11-2024,26-11-2024,26-12-2024,,5,5.0,40656.53,Pending
6730,939,9,Rep_17,28-03-2025,30-03-2025,29-04-2025,09-05-2025,8,15.0,1411.82,Paid
6731,203,24,Rep_25,02-01-2025,03-01-2025,02-02-2025,08-02-2025,2,15.0,6157.79,Paid
6732,836,47,Rep_25,02-06-2024,03-06-2024,03-07-2024,07-07-2024,10,5.0,25570.39,Paid
6733,336,74,Rep_26,18-08-2025,18-08-2025,17-09-2025,27-09-2025,1,0.0,8757.73,Paid
6734,826,72,Rep_9,11-08-2025,13-08-2025,12-09-2025,21-09-2025,9,10.0,43763.57,Paid
6735,315,47,Rep_21,23-05-2025,25-05-2025,24-06-2025,25-06-2025,5,5.0,12785.19,Paid
6736,964,20,Rep_24,24-07-2025,25-07-2025,24-08-2025,15-10-2025,3,20.0,4896.02,Late
6737,646,65,Rep_26,13-06-2024,13-06-2024,13-07-2024,,7,5.0,21130.84,BadDebt
6738,101,88,Rep_6,13-02-2024,13-02-2024,14-03-2024,28-04-2024,6,20.0,29972.16,Late
6739,655,46,Rep_5,17-04-2025,17-04-2025,17-05-2025,19-05-2025,5,0.0,4169.65,Paid
6740,215,3,Rep_27,06-07-2024,07-07-2024,06-08-2024,12-08-2024,9,20.0,59657.62,Paid
6741,455,27,Rep_12,31-08-2025,31-08-2025,30-09-2025,02-10-2025,3,15.0,3858.86,Paid
6742,680,51,Rep_25,10-06-2024,11-06-2024,11-07-2024,17-09-2024,10,0.0,97199.5,Late
6743,863,99,Rep_27,20-11-2024,20-11-2024,20-12-2024,13-03-2025,6,20.0,8509.58,Late
6744,166,2,Rep_7,27-04-2025,27-04-2025,27-05-2025,05-06-2025,8,20.0,54012.61,Paid
6745,399,29,Rep_15,19-02-2024,19-02-2024,20-03-2024,28-03-2024,3,15.0,13444.77,Paid
6746,556,12,Rep_19,05-05-2024,07-05-2024,06-06-2024,12-06-2024,8,20.0,65473.47,Paid
6747,870,37,Rep_15,23-10-2024,23-10-2024,22-11-2024,20-11-2024,3,10.0,18283.08,Paid
6748,332,60,Rep_1,22-07-2024,22-07-2024,21-08-2024,,1,5.0,4407.47,BadDebt
6749,464,98,Rep_9,08-09-2024,10-09-2024,10-10-2024,08-10-2024,6,5.0,6760.2,Paid
6750,1,13,Rep_27,03-03-2025,04-03-2025,03-04-2025,,8,20.0,43016.7,BadDebt
6751,958,5,Rep_17,01-10-2025,03-10-2025,02-11-2025,07-11-2025,2,20.0,1638.46,Paid
6752,73,3,Rep_18,13-05-2024,15-05-2024,14-06-2024,,2,10.0,14914.4,Pending
6753,578,99,Rep_3,14-11-2025,14-11-2025,14-12-2025,24-12-2025,3,0.0,5318.49,Paid
6754,701,41,Rep_19,31-01-2024,31-01-2024,01-03-2024,29-02-2024,8,15.0,24201.68,Paid
6755,868,39,Rep_27,22-04-2025,24-04-2025,24-05-2025,24-06-2025,7,5.0,48424.7,Late
6756,78,58,Rep_30,20-05-2025,21-05-2025,20-06-2025,25-06-2025,5,20.0,10758.96,Paid
6757,868,73,Rep_24,14-08-2024,15-08-2024,14-09-2024,,5,10.0,16276.68,Pending
6758,20,54,Rep_7,19-03-2025,19-03-2025,18-04-2025,19-06-2025,10,15.0,56679.36,Late
6759,808,72,Rep_5,09-09-2024,09-09-2024,09-10-2024,19-11-2024,6,20.0,25933.97,Late
6760,88,66,Rep_22,24-12-2025,26-12-2025,25-01-2026,04-02-2026,1,0.0,11064.95,Paid
6761,261,35,Rep_9,18-12-2024,18-12-2024,17-01-2025,21-01-2025,2,5.0,11387.55,Paid
6762,555,86,Rep_26,15-10-2024,17-10-2024,16-11-2024,19-11-2024,4,0.0,19530.76,Paid
6763,999,81,Rep_4,11-04-2025,13-04-2025,13-05-2025,20-05-2025,4,20.0,4054.5,Paid
6764,390,46,Rep_22,11-10-2024,12-10-2024,11-11-2024,17-11-2024,1,15.0,708.84,Paid
6765,135,95,Rep_2,21-05-2025,23-05-2025,22-06-2025,30-06-2025,7,0.0,6970.88,Paid
6766,917,77,Rep_14,13-07-2024,13-07-2024,12-08-2024,20-08-2024,4,0.0,3706.24,Paid
6767,191,19,Rep_18,14-01-2024,15-01-2024,14-02-2024,24-02-2024,9,10.0,75960.26,Paid
6768,257,74,Rep_13,24-04-2025,26-04-2025,26-05-2025,31-05-2025,6,5.0,49919.06,Paid
6769,34,27,Rep_26,17-07-2025,17-07-2025,16-08-2025,22-08-2025,7,5.0,10063.31,Paid
6770,689,17,Rep_20,15-01-2025,16-01-2025,15-02-2025,13-02-2025,10,20.0,61859.52,Paid
6771,802,86,Rep_10,21-02-2025,22-02-2025,24-03-2025,29-03-2025,8,0.0,39061.52,Paid
6772,179,10,Rep_30,30-12-2024,31-12-2024,30-01-2025,04-02-2025,5,5.0,24174.56,Paid
6773,903,46,Rep_9,11-05-2025,12-05-2025,11-06-2025,31-08-2025,5,0.0,4169.65,Late
6774,51,56,Rep_21,25-11-2024,26-11-2024,26-12-2024,26-02-2025,9,5.0,21499.57,Late
6775,536,50,Rep_28,13-03-2025,14-03-2025,13-04-2025,21-04-2025,2,20.0,2602.05,Paid
6776,276,79,Rep_2,21-07-2025,23-07-2025,22-08-2025,22-09-2025,7,0.0,11325.02,Late
6777,118,48,Rep_29,13-01-2025,14-01-2025,13-02-2025,,8,10.0,36388.51,Pending
6778,377,80,Rep_11,10-06-2024,12-06-2024,12-07-2024,14-07-2024,5,10.0,16885.12,Paid
6779,541,66,Rep_19,14-08-2025,14-08-2025,13-09-2025,03-12-2025,6,20.0,53111.76,Late
6780,967,47,Rep_24,28-11-2025,30-11-2025,30-12-2025,01-01-2026,3,10.0,7267.37,Paid
6781,163,15,Rep_4,14-06-2024,14-06-2024,14-07-2024,02-10-2024,8,5.0,46940.79,Late
6782,192,31,Rep_2,30-06-2024,30-06-2024,30-07-2024,06-08-2024,2,10.0,8369.98,Paid
6783,103,63,Rep_29,25-08-2025,25-08-2025,24-09-2025,14-11-2025,4,20.0,5345.06,Late
6784,707,66,Rep_9,07-11-2024,08-11-2024,08-12-2024,15-12-2024,1,5.0,10511.7,Paid
6785,670,27,Rep_24,11-08-2024,11-08-2024,10-09-2024,,4,20.0,4842.5,BadDebt
6786,823,46,Rep_12,15-12-2025,16-12-2025,15-01-2026,25-01-2026,1,15.0,708.84,Paid
6787,781,92,Rep_14,26-02-2025,27-02-2025,29-03-2025,,7,5.0,28868.71,Pending
6788,136,52,Rep_2,27-08-2024,27-08-2024,26-09-2024,11-12-2024,7,0.0,51220.54,Late
6789,688,28,Rep_30,20-06-2025,21-06-2025,21-07-2025,08-10-2025,5,5.0,19116.99,Late
6790,750,46,Rep_30,28-10-2024,29-10-2024,28-11-2024,27-11-2024,6,15.0,4253.04,Paid
6791,624,75,Rep_1,14-03-2024,16-03-2024,15-04-2024,12-07-2024,2,5.0,14364.89,Late
6792,70,73,Rep_16,27-03-2024,28-03-2024,27-04-2024,25-04-2024,2,20.0,5787.26,Paid
6793,985,15,Rep_14,12-04-2025,14-04-2025,14-05-2025,19-05-2025,9,10.0,50029.0,Paid
6794,83,92,Rep_27,06-04-2025,07-04-2025,07-05-2025,24-07-2025,5,10.0,19535.22,Late
6795,461,37,Rep_18,07-08-2024,08-08-2024,07-09-2024,,6,20.0,32503.25,Pending
6796,149,69,Rep_9,29-04-2024,01-05-2024,31-05-2024,,2,5.0,15933.97,Pending
6797,325,58,Rep_10,12-07-2024,13-07-2024,12-08-2024,14-08-2024,1,15.0,2286.28,Paid
6798,951,74,Rep_2,26-03-2024,26-03-2024,25-04-2024,27-04-2024,7,10.0,55173.7,Paid
6799,269,46,Rep_8,18-03-2025,19-03-2025,18-04-2025,28-04-2025,4,0.0,3335.72,Paid
6800,181,55,Rep_5,22-11-2024,22-11-2024,22-12-2024,29-12-2024,5,15.0,24315.36,Paid
6801,230,25,Rep_7,05-04-2025,05-04-2025,05-05-2025,,1,20.0,362.23,Pending
6802,622,11,Rep_9,26-11-2025,26-11-2025,26-12-2025,04-02-2026,8,15.0,13719.88,Late
6803,356,90,Rep_6,27-03-2024,27-03-2024,26-04-2024,,9,15.0,43246.14,Pending
6804,574,43,Rep_1,03-06-2025,03-06-2025,03-07-2025,,4,5.0,790.7,BadDebt
6805,943,4,Rep_12,29-09-2025,30-09-2025,30-10-2025,,9,0.0,26424.36,Pending
6806,972,52,Rep_7,28-05-2024,30-05-2024,29-06-2024,09-09-2024,5,20.0,29268.88,Late
6807,743,71,Rep_28,17-11-2024,17-11-2024,17-12-2024,21-12-2024,5,5.0,2220.01,Paid
6808,564,41,Rep_13,07-05-2024,09-05-2024,08-06-2024,07-06-2024,8,10.0,25625.3,Paid
6809,153,58,Rep_28,19-12-2025,21-12-2025,20-01-2026,28-01-2026,10,0.0,26897.4,Paid
6810,125,6,Rep_10,21-05-2024,23-05-2024,22-06-2024,21-06-2024,2,15.0,16628.52,Paid
6811,509,70,Rep_2,02-11-2025,04-11-2025,04-12-2025,,8,5.0,65050.45,BadDebt
6812,121,93,Rep_16,04-12-2025,05-12-2025,04-01-2026,12-02-2026,1,15.0,1539.75,Late
6813,58,81,Rep_3,22-03-2024,23-03-2024,22-04-2024,21-04-2024,7,5.0,8425.75,Paid
6814,851,58,Rep_9,05-05-2025,05-05-2025,04-06-2025,12-06-2025,8,15.0,18290.23,Paid
6815,413,50,Rep_26,22-02-2024,23-02-2024,24-03-2024,27-03-2024,9,20.0,11709.22,Paid
6816,320,35,Rep_10,12-11-2025,12-11-2025,12-12-2025,10-12-2025,5,20.0,23973.8,Paid
6817,228,65,Rep_11,09-03-2025,11-03-2025,10-04-2025,,5,10.0,14299.06,BadDebt
6818,506,54,Rep_11,07-03-2025,08-03-2025,07-04-2025,,4,0.0,26672.64,Pending
6819,95,89,Rep_18,22-04-2025,24-04-2025,24-05-2025,,3,0.0,5649.39,BadDebt
6820,567,53,Rep_17,13-06-2025,14-06-2025,14-07-2025,18-07-2025,4,10.0,15902.93,Paid
6821,427,96,Rep_13,05-12-2025,07-12-2025,06-01-2026,11-01-2026,2,0.0,15954.44,Paid
6822,858,96,Rep_6,21-07-2025,21-07-2025,20-08-2025,29-08-2025,4,10.0,28717.99,Paid
6823,632,24,Rep_26,27-06-2025,29-06-2025,29-07-2025,27-07-2025,1,10.0,3260.01,Paid
6824,187,61,Rep_21,29-06-2024,30-06-2024,30-07-2024,03-08-2024,2,20.0,1193.07,Paid
6825,727,71,Rep_26,06-10-2024,08-10-2024,07-11-2024,09-11-2024,3,15.0,1191.79,Paid
6826,120,22,Rep_8,11-03-2024,13-03-2024,12-04-2024,12-04-2024,8,10.0,6064.92,Paid
6827,189,5,Rep_12,26-01-2024,27-01-2024,26-02-2024,05-03-2024,10,5.0,9728.38,Paid
6828,629,89,Rep_7,14-11-2025,15-11-2025,15-12-2025,07-03-2026,9,0.0,16948.17,Late
6829,861,46,Rep_18,12-06-2024,12-06-2024,12-07-2024,18-07-2024,5,10.0,3752.68,Paid
6830,682,84,Rep_20,12-06-2025,13-06-2025,13-07-2025,18-07-2025,5,20.0,3747.32,Paid
6831,127,41,Rep_10,30-11-2024,01-12-2024,31-12-2024,01-01-2025,10,15.0,30252.1,Paid
6832,332,98,Rep_9,29-04-2024,01-05-2024,31-05-2024,31-05-2024,5,5.0,5633.5,Paid
6833,531,76,Rep_14,18-08-2025,18-08-2025,17-09-2025,27-09-2025,6,15.0,51200.63,Paid
6834,730,47,Rep_24,15-07-2024,17-07-2024,16-08-2024,10-11-2024,5,20.0,10766.48,Late
6835,759,58,Rep_5,20-04-2025,20-04-2025,20-05-2025,25-05-2025,3,20.0,6455.38,Paid
6836,469,96,Rep_16,16-03-2024,17-03-2024,16-04-2024,14-04-2024,5,15.0,33903.18,Paid
6837,103,61,Rep_29,29-08-2024,30-08-2024,29-09-2024,05-10-2024,6,15.0,3802.92,Paid
6838,934,15,Rep_2,03-02-2025,04-02-2025,06-03-2025,,1,0.0,6176.42,Pending
6839,793,88,Rep_30,01-11-2025,03-11-2025,03-12-2025,11-12-2025,9,10.0,50578.02,Paid
6840,141,15,Rep_4,11-12-2025,12-12-2025,11-01-2026,13-01-2026,7,5.0,41073.19,Paid
6841,763,61,Rep_15,05-08-2025,07-08-2025,06-09-2025,06-09-2025,8,15.0,5070.56,Paid
6842,385,80,Rep_4,20-10-2025,20-10-2025,19-11-2025,22-11-2025,4,5.0,14258.55,Paid
6843,242,49,Rep_29,20-08-2024,22-08-2024,21-09-2024,30-11-2024,9,15.0,58014.69,Late
6844,923,28,Rep_23,21-02-2025,22-02-2025,24-03-2025,31-03-2025,7,20.0,22537.93,Paid
6845,77,76,Rep_27,11-02-2024,13-02-2024,14-03-2024,19-03-2024,2,5.0,19074.75,Paid
6846,12,38,Rep_29,21-05-2025,22-05-2025,21-06-2025,23-08-2025,4,0.0,15429.44,Late
6847,50,2,Rep_25,14-05-2025,16-05-2025,15-06-2025,17-06-2025,1,15.0,7173.55,Paid
6848,265,97,Rep_18,31-08-2025,02-09-2025,02-10-2025,12-10-2025,6,20.0,36678.53,Paid
6849,391,73,Rep_22,22-11-2024,23-11-2024,23-12-2024,21-12-2024,1,5.0,3436.19,Paid
6850,433,36,Rep_5,03-02-2025,04-02-2025,06-03-2025,15-03-2025,8,10.0,6435.29,Paid
6851,646,61,Rep_8,27-09-2024,27-09-2024,27-10-2024,11-12-2024,5,0.0,3728.35,Late
6852,944,31,Rep_26,14-10-2025,15-10-2025,14-11-2025,19-11-2025,6,5.0,26504.94,Paid
6853,384,62,Rep_9,30-12-2024,30-12-2024,29-01-2025,,2,15.0,12056.88,Pending
6854,801,78,Rep_20,24-08-2024,24-08-2024,23-09-2024,27-09-2024,7,0.0,46894.75,Paid
6855,537,14,Rep_11,03-05-2024,04-05-2024,03-06-2024,13-06-2024,3,10.0,8103.56,Paid
6856,531,16,Rep_4,23-12-2024,23-12-2024,22-01-2025,26-01-2025,1,15.0,1129.74,Paid
6857,6,68,Rep_21,04-12-2024,05-12-2024,04-01-2025,02-01-2025,7,0.0,67083.38,Paid
6858,55,8,Rep_1,23-12-2025,24-12-2025,23-01-2026,01-02-2026,5,20.0,32952.48,Paid
6859,907,63,Rep_3,09-04-2025,09-04-2025,09-05-2025,,9,5.0,14281.32,Pending
6860,308,72,Rep_6,16-03-2025,17-03-2025,16-04-2025,,10,15.0,45924.74,BadDebt
6861,168,34,Rep_23,04-01-2024,04-01-2024,03-02-2024,11-02-2024,3,20.0,9567.55,Paid
6862,937,42,Rep_1,14-12-2025,15-12-2025,14-01-2026,13-01-2026,3,10.0,28260.79,Paid
6863,883,80,Rep_10,22-10-2024,22-10-2024,21-11-2024,,4,15.0,12757.65,BadDebt
6864,598,48,Rep_14,25-06-2025,26-06-2025,26-07-2025,18-10-2025,4,15.0,17183.46,Late
6865,238,34,Rep_15,10-02-2024,11-02-2024,12-03-2024,,2,5.0,7574.31,BadDebt
6866,579,48,Rep_27,29-07-2024,29-07-2024,28-08-2024,04-09-2024,2,20.0,8086.34,Paid
6867,498,16,Rep_25,04-03-2025,04-03-2025,03-04-2025,10-04-2025,7,20.0,7443.02,Paid
6868,570,12,Rep_30,21-10-2024,22-10-2024,21-11-2024,01-02-2025,4,5.0,38874.87,Late
6869,101,41,Rep_13,19-02-2025,19-02-2025,21-03-2025,29-03-2025,3,10.0,9609.49,Paid
6870,540,62,Rep_3,04-08-2025,04-08-2025,03-09-2025,,2,20.0,11347.65,Pending
6871,56,27,Rep_18,20-12-2025,21-12-2025,20-01-2026,08-04-2026,10,15.0,12862.88,Late
6872,931,3,Rep_29,26-07-2025,27-07-2025,26-08-2025,28-08-2025,2,15.0,14085.83,Paid
6873,666,29,Rep_6,22-09-2025,22-09-2025,22-10-2025,23-10-2025,10,10.0,47452.14,Paid
6874,53,27,Rep_9,20-11-2024,20-11-2024,20-12-2024,22-12-2024,9,0.0,13619.52,Paid
6875,542,81,Rep_17,01-04-2024,01-04-2024,01-05-2024,,10,5.0,12036.78,Pending
6876,702,85,Rep_16,22-10-2024,24-10-2024,23-11-2024,03-12-2024,6,5.0,13436.95,Paid
6877,115,6,Rep_8,12-10-2024,12-10-2024,11-11-2024,11-11-2024,9,10.0,79229.99,Paid
6878,960,10,Rep_23,25-02-2025,26-02-2025,28-03-2025,14-06-2025,5,0.0,25446.9,Late
6879,996,85,Rep_9,13-02-2025,13-02-2025,15-03-2025,21-03-2025,9,0.0,21216.24,Paid
6880,937,65,Rep_19,25-08-2025,25-08-2025,24-09-2025,02-10-2025,9,5.0,27168.22,Paid
6881,174,1,Rep_1,19-01-2025,19-01-2025,18-02-2025,06-04-2025,5,0.0,27108.6,Late
6882,926,54,Rep_12,05-03-2025,07-03-2025,06-04-2025,14-04-2025,2,10.0,12002.69,Paid
6883,760,43,Rep_8,30-01-2025,01-02-2025,03-03-2025,07-04-2025,4,10.0,749.09,Late
6884,616,29,Rep_7,06-04-2024,07-04-2024,07-05-2024,14-05-2024,3,20.0,12653.9,Paid
6885,625,52,Rep_9,05-09-2024,06-09-2024,06-10-2024,,8,5.0,55610.87,Pending
6886,107,77,Rep_30,27-08-2024,29-08-2024,28-09-2024,01-10-2024,3,15.0,2362.73,Paid
6887,558,61,Rep_29,19-12-2025,19-12-2025,18-01-2026,16-01-2026,4,15.0,2535.28,Paid
6888,907,89,Rep_29,18-06-2024,20-06-2024,20-07-2024,,5,0.0,9415.65,Pending
6889,979,81,Rep_16,17-11-2025,18-11-2025,18-12-2025,23-12-2025,7,10.0,7982.29,Paid
6890,938,91,Rep_11,16-11-2024,16-11-2024,16-12-2024,15-12-2024,3,5.0,24997.58,Paid
6891,265,14,Rep_18,23-09-2024,25-09-2024,25-10-2024,23-10-2024,2,10.0,5402.38,Paid
6892,972,2,Rep_9,31-08-2024,31-08-2024,30-09-2024,30-09-2024,9,5.0,72157.47,Paid
6893,379,50,Rep_18,10-03-2025,10-03-2025,09-04-2025,19-04-2025,1,15.0,1382.34,Paid
6894,768,37,Rep_12,18-09-2025,19-09-2025,19-10-2025,23-10-2025,7,10.0,42660.51,Paid
6895,475,13,Rep_17,12-05-2025,14-05-2025,13-06-2025,22-06-2025,4,0.0,26885.44,Paid
6896,963,36,Rep_29,14-08-2025,16-08-2025,15-09-2025,21-09-2025,5,10.0,4022.06,Paid
6897,318,83,Rep_19,24-06-2024,26-06-2024,26-07-2024,26-07-2024,9,0.0,20137.14,Paid
6898,275,4,Rep_2,23-02-2024,23-02-2024,24-03-2024,27-03-2024,7,20.0,16441.82,Paid
6899,982,93,Rep_22,18-03-2025,19-03-2025,18-04-2025,,10,15.0,15397.5,Pending
6900,967,15,Rep_14,16-02-2025,18-02-2025,20-03-2025,28-03-2025,9,20.0,44470.22,Paid
6901,598,59,Rep_7,17-08-2025,17-08-2025,16-09-2025,18-11-2025,6,20.0,14231.76,Late
6902,486,17,Rep_23,11-05-2024,13-05-2024,12-06-2024,11-06-2024,6,5.0,44074.91,Paid
6903,608,37,Rep_24,14-07-2025,14-07-2025,13-08-2025,16-08-2025,9,0.0,60943.59,Paid
6904,316,59,Rep_23,03-01-2025,03-01-2025,02-02-2025,05-02-2025,8,5.0,22533.62,Paid
6905,524,5,Rep_21,21-12-2025,21-12-2025,20-01-2026,18-01-2026,4,5.0,3891.35,Paid
6906,453,67,Rep_27,14-08-2025,15-08-2025,14-09-2025,14-11-2025,9,5.0,30141.32,Late
6907,682,8,Rep_5,04-09-2025,06-09-2025,06-10-2025,09-10-2025,6,15.0,42014.41,Paid
6908,720,18,Rep_24,15-02-2025,15-02-2025,17-03-2025,20-03-2025,5,5.0,10393.28,Paid
6909,534,100,Rep_7,30-07-2024,30-07-2024,29-08-2024,05-09-2024,10,0.0,33486.1,Paid
6910,193,84,Rep_11,27-09-2025,29-09-2025,29-10-2025,01-12-2025,7,0.0,6557.81,Late
6911,721,62,Rep_23,27-05-2024,28-05-2024,27-06-2024,02-07-2024,4,0.0,28369.12,Paid
6912,763,76,Rep_8,24-10-2024,26-10-2024,25-11-2024,04-12-2024,8,0.0,80314.72,Paid
6913,604,93,Rep_27,19-02-2024,21-02-2024,22-03-2024,23-03-2024,8,0.0,14491.76,Paid
6914,269,2,Rep_18,17-07-2024,17-07-2024,16-08-2024,18-08-2024,8,10.0,60764.18,Paid
6915,983,98,Rep_5,04-01-2025,06-01-2025,05-02-2025,09-02-2025,6,0.0,7116.0,Paid
6916,411,34,Rep_16,14-12-2024,16-12-2024,15-01-2025,14-01-2025,10,10.0,35878.32,Paid
6917,991,32,,07-06-2025,08-06-2025,08-07-2025,16-07-2025,10,0.0,27830.3,Paid
6918,815,29,Rep_20,04-03-2024,04-03-2024,03-04-2024,06-04-2024,4,10.0,18980.86,Paid
6919,201,77,Rep_14,04-04-2025,04-04-2025,04-05-2025,13-05-2025,6,15.0,4725.46,Paid
6920,984,38,Rep_20,23-05-2024,23-05-2024,22-06-2024,22-06-2024,6,20.0,18515.33,Paid
6921,475,7,Rep_21,01-04-2025,01-04-2025,01-05-2025,10-05-2025,1,0.0,702.03,Paid
6922,230,18,Rep_8,15-06-2024,15-06-2024,15-07-2024,,3,5.0,6235.97,BadDebt
6923,506,93,Rep_13,22-09-2024,23-09-2024,23-10-2024,27-10-2024,6,15.0,9238.5,Paid
6924,320,13,Rep_30,25-06-2024,25-06-2024,25-07-2024,08-09-2024,9,5.0,57467.63,Late
6925,192,22,Rep_14,20-08-2024,22-08-2024,21-09-2024,21-09-2024,5,20.0,3369.4,Paid
6926,718,93,Rep_19,20-02-2024,22-02-2024,23-03-2024,,7,0.0,12680.29,Pending
6927,5,45,Rep_17,07-04-2024,08-04-2024,08-05-2024,17-05-2024,8,0.0,32262.0,Paid
6928,423,97,Rep_3,14-01-2025,14-01-2025,13-02-2025,16-02-2025,10,20.0,61130.88,Paid
6929,659,26,Rep_8,02-10-2025,02-10-2025,01-11-2025,08-11-2025,3,20.0,20681.14,Paid
6930,667,36,Rep_22,16-10-2025,18-10-2025,17-11-2025,26-11-2025,2,10.0,1608.82,Paid
6931,15,7,Rep_15,02-03-2025,03-03-2025,02-04-2025,30-06-2025,7,0.0,4914.21,Late
6932,596,28,Rep_6,23-11-2025,23-11-2025,23-12-2025,01-01-2026,10,15.0,34209.36,Paid
6933,942,76,Rep_4,19-03-2025,19-03-2025,18-04-2025,27-06-2025,10,20.0,80314.72,Late
6934,432,49,Rep_9,06-08-2025,08-08-2025,07-09-2025,05-09-2025,1,10.0,6825.26,Paid
6935,810,22,Rep_17,21-10-2024,23-10-2024,22-11-2024,22-11-2024,9,5.0,7202.09,Paid
6936,159,44,Rep_18,07-01-2025,07-01-2025,06-02-2025,02-04-2025,7,20.0,27471.92,Late
6937,450,21,Rep_1,12-09-2025,13-09-2025,13-10-2025,,2,5.0,8875.81,Pending
6938,439,3,Rep_4,21-06-2024,21-06-2024,21-07-2024,22-07-2024,2,15.0,14085.83,Paid
6939,282,8,,29-10-2024,31-10-2024,30-11-2024,08-12-2024,4,10.0,29657.23,Paid
6940,690,79,Rep_10,14-05-2025,14-05-2025,13-06-2025,18-06-2025,8,15.0,11001.45,Paid
6941,477,4,Rep_17,05-10-2024,05-10-2024,04-11-2024,10-11-2024,7,15.0,17469.44,Paid
6942,373,90,Rep_10,30-08-2025,01-09-2025,01-10-2025,29-09-2025,2,5.0,10740.87,Paid
6943,250,85,Rep_21,27-11-2024,28-11-2024,28-12-2024,04-02-2025,9,15.0,18033.8,Late
6944,42,80,Rep_30,16-07-2025,16-07-2025,15-08-2025,,2,15.0,6378.82,Pending
6945,228,23,Rep_16,04-07-2024,05-07-2024,04-08-2024,14-08-2024,9,10.0,23654.19,Paid
6946,204,68,Rep_5,05-09-2024,06-09-2024,06-10-2024,,7,5.0,63729.21,Pending
6947,773,18,Rep_7,06-06-2025,07-06-2025,07-07-2025,05-07-2025,3,20.0,5251.34,Paid
6948,491,55,Rep_30,21-01-2024,21-01-2024,20-02-2024,20-02-2024,2,20.0,9154.02,Paid
6949,335,65,Rep_5,08-02-2024,09-02-2024,10-03-2024,11-03-2024,9,10.0,25738.32,Paid
6950,520,55,Rep_8,17-02-2025,19-02-2025,21-03-2025,20-03-2025,9,0.0,51491.34,Paid
6951,9,79,Rep_1,07-04-2025,08-04-2025,08-05-2025,18-05-2025,5,15.0,6875.9,Paid
6952,239,96,Rep_8,21-04-2024,23-04-2024,23-05-2024,14-07-2024,10,5.0,75783.59,Late
6953,610,86,Rep_21,11-12-2025,12-12-2025,11-01-2026,18-01-2026,6,5.0,27831.33,Paid
6954,643,95,Rep_17,10-09-2024,10-09-2024,10-10-2024,,6,0.0,5975.04,Pending
6955,885,39,Rep_16,06-09-2024,06-09-2024,06-10-2024,15-12-2024,1,5.0,6917.81,Late
6956,680,23,Rep_18,29-04-2025,01-05-2025,31-05-2025,10-06-2025,7,15.0,17375.61,Paid
6957,658,53,Rep_17,09-05-2025,11-05-2025,10-06-2025,14-06-2025,9,20.0,31805.86,Paid
6958,324,15,Rep_14,30-05-2024,31-05-2024,30-06-2024,03-08-2024,2,0.0,12352.84,Late
6959,974,29,Rep_23,23-05-2025,23-05-2025,22-06-2025,02-09-2025,6,10.0,28471.28,Late
6960,343,35,Rep_10,02-10-2025,02-10-2025,01-11-2025,13-12-2025,4,20.0,19179.04,Late
6961,623,40,Rep_3,07-05-2024,07-05-2024,06-06-2024,12-06-2024,3,5.0,15708.23,Paid
6962,35,11,Rep_22,13-10-2025,13-10-2025,12-11-2025,,2,20.0,3228.21,BadDebt
6963,316,94,Rep_2,23-06-2024,25-06-2024,25-07-2024,29-07-2024,5,10.0,12495.6,Paid
6964,541,14,Rep_16,05-02-2024,07-02-2024,08-03-2024,22-05-2024,4,10.0,10804.75,Late
6965,409,25,Rep_14,25-10-2024,27-10-2024,26-11-2024,29-11-2024,7,10.0,2852.58,Paid
6966,707,93,Rep_2,19-11-2024,21-11-2024,21-12-2024,,6,20.0,8695.06,Pending
6967,124,88,Rep_14,28-03-2024,29-03-2024,28-04-2024,28-04-2024,7,20.0,34967.52,Paid
6968,899,64,Rep_15,19-03-2025,21-03-2025,20-04-2025,20-04-2025,1,5.0,3889.02,Paid
6969,356,47,Rep_13,10-11-2025,11-11-2025,11-12-2025,13-12-2025,4,0.0,10766.48,Paid
6970,95,12,Rep_27,13-02-2025,13-02-2025,15-03-2025,27-04-2025,6,5.0,58312.31,Late
6971,782,72,Rep_19,11-02-2025,11-02-2025,13-03-2025,,10,0.0,54029.1,Pending
6972,675,95,Rep_16,18-10-2025,20-10-2025,19-11-2025,10-01-2026,10,5.0,9460.48,Late
6973,102,28,Rep_7,20-03-2024,21-03-2024,20-04-2024,24-04-2024,3,0.0,12073.89,Paid
6974,586,33,Rep_2,02-05-2025,04-05-2025,03-06-2025,11-06-2025,9,10.0,11961.03,Paid
6975,267,45,Rep_10,09-09-2024,11-09-2024,11-10-2024,10-10-2024,2,5.0,7662.22,Paid
6976,710,24,Rep_24,24-10-2025,26-10-2025,25-11-2025,29-11-2025,10,15.0,30788.96,Paid
6977,407,98,Rep_11,29-09-2024,30-09-2024,30-10-2024,08-11-2024,6,10.0,6404.4,Paid
6978,920,95,Rep_15,23-02-2025,23-02-2025,25-03-2025,30-03-2025,1,10.0,896.26,Paid
6979,938,17,Rep_13,25-08-2024,26-08-2024,25-09-2024,06-11-2024,9,15.0,59153.17,Late
6980,532,46,Rep_10,20-03-2025,21-03-2025,20-04-2025,24-04-2025,6,5.0,4753.4,Paid
6981,509,89,Rep_10,25-03-2025,26-03-2025,25-04-2025,,2,15.0,3201.32,Pending
6982,539,73,Rep_1,26-09-2025,27-09-2025,27-10-2025,30-10-2025,2,15.0,6148.97,Paid
6983,972,27,Rep_27,07-01-2025,09-01-2025,08-02-2025,11-02-2025,2,0.0,3026.56,Paid
6984,810,93,Rep_21,02-04-2025,04-04-2025,04-05-2025,05-05-2025,5,10.0,8151.62,Paid
6985,470,82,Rep_5,12-07-2024,13-07-2024,12-08-2024,12-08-2024,8,10.0,28541.81,Paid
6986,252,26,Rep_18,01-03-2024,03-03-2024,02-04-2024,,4,20.0,27574.85,Pending
6987,554,63,Rep_1,24-12-2025,25-12-2025,24-01-2026,25-03-2026,5,0.0,8351.65,Late
6988,166,55,Rep_19,09-10-2025,11-10-2025,10-11-2025,13-11-2025,9,15.0,43767.64,Paid
6989,264,17,Rep_29,31-01-2024,01-02-2024,02-03-2024,04-03-2024,9,20.0,55673.57,Paid
6990,32,21,Rep_1,28-07-2025,28-07-2025,27-08-2025,28-08-2025,7,10.0,29430.32,Paid
6991,830,69,Rep_25,20-10-2024,22-10-2024,21-11-2024,19-11-2024,3,10.0,22643.01,Paid
6992,849,9,Rep_25,08-09-2025,09-09-2025,09-10-2025,05-12-2025,8,5.0,1577.91,Late
6993,296,39,Rep_7,18-04-2024,20-04-2024,20-05-2024,18-05-2024,8,0.0,58255.28,Paid
6994,687,45,Rep_9,09-03-2024,10-03-2024,09-04-2024,12-04-2024,5,15.0,17139.19,Paid
6995,743,95,Rep_19,21-07-2025,22-07-2025,21-08-2025,,8,15.0,6771.71,Pending
6996,724,83,Rep_22,17-10-2024,19-10-2024,18-11-2024,,8,5.0,17004.7,Pending
6997,724,77,Rep_10,03-05-2025,04-05-2025,03-06-2025,03-08-2025,5,5.0,4401.16,Late
6998,86,62,Rep_30,12-06-2024,14-06-2024,14-07-2024,17-07-2024,2,10.0,12766.1,Paid
6999,23,16,Rep_4,09-07-2025,09-07-2025,08-08-2025,15-08-2025,1,20.0,1063.29,Paid
7000,388,32,Rep_8,19-08-2025,21-08-2025,20-09-2025,28-09-2025,2,20.0,4452.85,Paid
7001,279,72,Rep_15,24-07-2025,24-07-2025,23-08-2025,24-08-2025,10,0.0,54029.1,Paid
7002,856,9,Rep_2,29-06-2025,30-06-2025,30-07-2025,06-08-2025,8,0.0,1660.96,Paid
7003,559,98,Rep_13,06-10-2025,08-10-2025,07-11-2025,19-01-2026,1,5.0,1126.7,Late
7004,604,37,Rep_16,05-10-2025,05-10-2025,04-11-2025,14-11-2025,8,10.0,48754.87,Paid
7005,746,66,Rep_17,14-08-2024,14-08-2024,13-09-2024,21-09-2024,3,0.0,33194.85,Paid
7006,823,26,Rep_13,02-09-2024,02-09-2024,02-10-2024,11-10-2024,1,0.0,8617.14,Paid
7007,652,66,Rep_20,15-06-2024,15-06-2024,15-07-2024,15-07-2024,4,10.0,39833.82,Paid
7008,197,53,Rep_5,10-04-2024,11-04-2024,11-05-2024,14-05-2024,7,5.0,29376.24,Paid
7009,348,27,Rep_13,13-03-2024,15-03-2024,14-04-2024,,5,10.0,6809.76,Pending
7010,307,66,Rep_14,22-06-2025,22-06-2025,22-07-2025,23-07-2025,5,15.0,47026.04,Paid
7011,540,8,Rep_2,18-04-2024,19-04-2024,19-05-2024,17-05-2024,9,15.0,63021.62,Paid
7012,949,4,Rep_16,22-02-2024,22-02-2024,23-03-2024,27-03-2024,5,0.0,14680.2,Paid
7013,861,33,Rep_26,26-05-2024,26-05-2024,25-06-2024,27-07-2024,6,10.0,7974.02,Late
7014,196,57,Rep_20,12-04-2024,14-04-2024,14-05-2024,16-05-2024,10,15.0,6205.0,Paid
7015,736,70,Rep_6,13-02-2024,14-02-2024,15-03-2024,18-03-2024,9,10.0,69330.09,Paid
7016,692,87,Rep_30,01-06-2024,01-06-2024,01-07-2024,30-08-2024,7,20.0,9240.17,Late
7017,994,69,Rep_26,29-08-2024,30-08-2024,29-09-2024,05-10-2024,7,5.0,55768.89,Paid
7018,406,16,Rep_8,05-12-2024,07-12-2024,06-01-2025,05-01-2025,9,15.0,10167.69,Paid
7019,36,94,Rep_28,30-09-2025,30-09-2025,30-10-2025,,8,20.0,17771.52,Pending
7020,984,33,Rep_15,23-01-2024,25-01-2024,24-02-2024,29-02-2024,1,5.0,1402.84,Paid
7021,519,17,Rep_22,08-02-2025,08-02-2025,10-03-2025,12-03-2025,7,10.0,48714.37,Paid
7022,45,83,Rep_24,03-04-2025,04-04-2025,04-05-2025,04-05-2025,2,20.0,3579.94,Paid
7023,757,70,Rep_26,09-08-2024,11-08-2024,10-09-2024,17-09-2024,4,0.0,34237.08,Paid
7024,454,8,Rep_15,28-03-2025,28-03-2025,27-04-2025,27-04-2025,6,15.0,42014.41,Paid
7025,303,89,Rep_29,26-01-2024,26-01-2024,25-02-2024,02-03-2024,8,10.0,13558.54,Paid
7026,749,14,Rep_22,18-02-2024,18-02-2024,19-03-2024,23-03-2024,1,5.0,2851.25,Paid
7027,425,10,,18-12-2024,19-12-2024,18-01-2025,25-01-2025,9,10.0,41223.98,Paid
7028,605,26,Rep_7,01-11-2024,03-11-2024,03-12-2024,01-12-2024,4,5.0,32745.13,Paid
7029,194,15,Rep_19,12-10-2025,13-10-2025,12-11-2025,12-11-2025,3,0.0,18529.26,Paid
7030,87,47,Rep_11,03-05-2025,05-05-2025,04-06-2025,17-07-2025,7,15.0,16015.14,Late
7031,868,57,Rep_13,13-09-2025,13-09-2025,13-10-2025,,1,15.0,620.5,BadDebt
7032,137,34,Rep_3,18-06-2025,18-06-2025,18-07-2025,28-07-2025,3,20.0,9567.55,Paid
7033,336,96,Rep_3,11-06-2025,11-06-2025,11-07-2025,17-07-2025,5,5.0,37891.8,Paid
7034,121,21,Rep_6,07-04-2024,09-04-2024,09-05-2024,18-05-2024,3,20.0,11211.55,Paid
7035,266,45,Rep_3,14-11-2024,15-11-2024,15-12-2024,23-12-2024,6,10.0,21776.85,Paid
7036,604,90,Rep_7,02-01-2025,04-01-2025,03-02-2025,24-03-2025,4,5.0,21481.74,Late
7037,188,23,Rep_1,02-03-2024,03-03-2024,02-04-2024,10-04-2024,2,0.0,5840.54,Paid
7038,598,72,Rep_15,10-12-2025,12-12-2025,11-01-2026,13-01-2026,1,20.0,4322.33,Paid
7039,955,98,Rep_12,07-08-2024,08-08-2024,07-09-2024,10-09-2024,2,0.0,2372.0,Paid
7040,830,28,Rep_10,22-10-2024,24-10-2024,23-11-2024,27-11-2024,8,20.0,25757.63,Paid
7041,7,79,Rep_16,04-11-2024,05-11-2024,05-12-2024,07-12-2024,6,10.0,8736.44,Paid
7042,40,16,,16-06-2025,17-06-2025,17-07-2025,,6,0.0,7974.66,BadDebt
7043,194,38,Rep_5,06-02-2024,08-02-2024,09-03-2024,08-03-2024,3,20.0,9257.66,Paid
7044,809,30,Rep_10,31-01-2025,31-01-2025,02-03-2025,01-03-2025,6,15.0,10132.02,Paid
7045,207,60,Rep_30,27-06-2025,29-06-2025,29-07-2025,27-07-2025,8,20.0,29692.42,Paid
7046,384,45,Rep_1,09-06-2024,09-06-2024,09-07-2024,09-08-2024,4,5.0,15324.45,Late
7047,234,22,Rep_20,05-08-2025,05-08-2025,04-09-2025,24-11-2025,2,0.0,1684.7,Late
7048,109,81,Rep_25,29-12-2024,31-12-2024,30-01-2025,30-01-2025,3,0.0,3801.09,Paid
7049,78,14,Rep_13,14-02-2024,16-02-2024,17-03-2024,15-03-2024,10,20.0,24010.56,Paid
7050,382,77,Rep_4,22-12-2025,22-12-2025,21-01-2026,20-01-2026,5,0.0,4632.8,Paid
7051,359,17,Rep_16,19-10-2025,21-10-2025,20-11-2025,24-11-2025,9,20.0,55673.57,Paid
7052,269,63,Rep_30,17-01-2024,18-01-2024,17-02-2024,25-02-2024,6,5.0,9520.88,Paid
7053,677,78,Rep_2,24-10-2025,26-10-2025,25-11-2025,29-11-2025,4,20.0,21437.6,Paid
7054,583,37,Rep_3,25-03-2024,27-03-2024,26-04-2024,04-05-2024,9,15.0,51802.05,Paid
7055,949,80,Rep_27,22-12-2024,22-12-2024,21-01-2025,19-03-2025,4,10.0,13508.1,Late
7056,444,57,Rep_25,22-06-2025,24-06-2025,24-07-2025,22-07-2025,5,10.0,3285.0,Paid
7057,913,45,Rep_5,22-10-2025,24-10-2025,23-11-2025,01-12-2025,2,20.0,6452.4,Paid
7058,776,93,Rep_15,02-08-2024,02-08-2024,01-09-2024,07-09-2024,6,0.0,10868.82,Paid
7059,525,84,Rep_30,29-12-2025,29-12-2025,28-01-2026,01-02-2026,10,20.0,7494.64,Paid
7060,438,86,Rep_21,27-02-2025,27-02-2025,29-03-2025,05-04-2025,10,20.0,39061.52,Paid
7061,474,99,Rep_20,05-10-2024,06-10-2024,05-11-2024,09-11-2024,4,20.0,5673.06,Paid
7062,792,68,Rep_3,30-03-2025,01-04-2025,01-05-2025,11-05-2025,10,15.0,81458.39,Paid
7063,578,15,Rep_18,23-01-2024,23-01-2024,22-02-2024,28-02-2024,8,10.0,44470.22,Paid
7064,239,54,Rep_15,06-12-2024,08-12-2024,07-01-2025,09-02-2025,4,0.0,26672.64,Late
7065,879,72,Rep_13,11-06-2024,12-06-2024,12-07-2024,12-07-2024,3,0.0,16208.73,Paid
7066,826,7,Rep_14,09-04-2025,10-04-2025,10-05-2025,16-05-2025,7,0.0,4914.21,Paid
7067,487,66,Rep_15,05-04-2024,05-04-2024,05-05-2024,17-07-2024,7,20.0,61963.72,Late
7068,453,32,Rep_30,25-06-2024,27-06-2024,27-07-2024,30-07-2024,8,15.0,18924.6,Paid
7069,877,1,Rep_17,18-06-2025,19-06-2025,19-07-2025,19-07-2025,9,15.0,41476.16,Paid
7070,151,53,Rep_17,07-01-2024,08-01-2024,07-02-2024,11-02-2024,9,5.0,37769.45,Paid
7071,884,40,Rep_2,17-04-2024,19-04-2024,19-05-2024,26-05-2024,8,20.0,35274.62,Paid
7072,540,69,Rep_15,16-05-2025,18-05-2025,17-06-2025,17-06-2025,6,20.0,40254.24,Paid
7073,711,38,Rep_6,04-05-2024,06-05-2024,05-06-2024,04-06-2024,6,15.0,19672.54,Paid
7074,390,60,Rep_25,28-06-2024,30-06-2024,30-07-2024,,3,10.0,12526.49,BadDebt
7075,876,44,Rep_9,08-03-2024,09-03-2024,08-04-2024,11-04-2024,10,20.0,39245.6,Paid
7076,59,77,Rep_21,31-08-2025,01-09-2025,01-10-2025,30-09-2025,9,20.0,6671.23,Paid
7077,703,32,Rep_27,17-02-2024,18-02-2024,19-03-2024,28-03-2024,7,10.0,17533.09,Paid
7078,516,72,Rep_3,15-02-2024,16-02-2024,17-03-2024,24-03-2024,2,15.0,9184.95,Paid
7079,675,55,Rep_29,30-09-2025,01-10-2025,31-10-2025,12-01-2026,7,15.0,34041.5,Late
7080,672,47,Rep_17,08-05-2024,09-05-2024,08-06-2024,,1,20.0,2153.3,Pending
7081,981,32,Rep_2,01-11-2025,03-11-2025,03-12-2025,08-12-2025,5,20.0,11132.12,Paid
7082,305,40,Rep_1,06-03-2024,08-03-2024,07-04-2024,17-06-2024,1,0.0,5511.66,Late
7083,967,100,Rep_17,02-11-2025,04-11-2025,04-12-2025,06-12-2025,4,15.0,11385.27,Paid
7084,331,93,Rep_29,14-03-2025,15-03-2025,14-04-2025,19-04-2025,10,5.0,17208.96,Paid
7085,568,51,Rep_16,11-09-2025,13-09-2025,13-10-2025,22-10-2025,5,0.0,48599.75,Paid
7086,535,61,Rep_4,30-01-2024,30-01-2024,29-02-2024,,4,0.0,2982.68,Pending
7087,933,50,Rep_24,08-10-2025,08-10-2025,07-11-2025,05-11-2025,7,20.0,9107.17,Paid
7088,635,57,Rep_11,05-03-2025,06-03-2025,05-04-2025,16-06-2025,7,15.0,4343.5,Late
7089,817,39,Rep_2,21-06-2024,21-06-2024,21-07-2024,29-07-2024,1,20.0,5825.53,Paid
7090,670,20,Rep_1,04-03-2025,04-03-2025,03-04-2025,03-04-2025,1,0.0,2040.01,Paid
7091,853,69,Rep_6,25-07-2025,26-07-2025,25-08-2025,,10,0.0,83863.0,Pending
7092,975,53,Rep_21,15-10-2025,16-10-2025,15-11-2025,17-11-2025,6,15.0,22529.15,Paid
7093,793,5,Rep_6,21-12-2025,22-12-2025,21-01-2026,23-01-2026,3,10.0,2764.91,Paid
7094,234,80,Rep_28,20-10-2025,21-10-2025,20-11-2025,22-12-2025,8,15.0,25515.3,Late
7095,582,28,Rep_26,04-06-2024,05-06-2024,05-07-2024,04-07-2024,9,5.0,34410.59,Paid
7096,862,62,Rep_11,09-11-2024,10-11-2024,10-12-2024,14-12-2024,7,5.0,47163.66,Paid
7097,527,40,Rep_25,26-11-2025,28-11-2025,28-12-2025,06-01-2026,5,15.0,23424.56,Paid
7098,709,29,Rep_21,07-03-2025,09-03-2025,08-04-2025,16-04-2025,6,15.0,26889.55,Paid
7099,867,99,Rep_11,06-03-2024,07-03-2024,06-04-2024,09-04-2024,6,0.0,10636.98,Paid
7100,15,2,Rep_19,15-10-2024,17-10-2024,16-11-2024,15-11-2024,8,5.0,64139.97,Paid
7101,106,82,Rep_17,23-06-2024,25-06-2024,25-07-2024,03-08-2024,2,5.0,7531.87,Paid
7102,626,44,Rep_20,03-12-2024,04-12-2024,03-01-2025,07-01-2025,1,0.0,4905.7,Paid
7103,732,93,Rep_28,13-01-2025,15-01-2025,14-02-2025,14-02-2025,6,5.0,10325.38,Paid
7104,461,2,Rep_9,19-09-2025,20-09-2025,20-10-2025,29-10-2025,7,10.0,53168.66,Paid
7105,4,71,Rep_17,13-01-2024,15-01-2024,14-02-2024,17-02-2024,9,20.0,3365.06,Paid
7106,119,83,Rep_17,08-12-2024,09-12-2024,08-01-2025,,10,15.0,19018.41,Pending
7107,714,89,Rep_18,05-05-2025,06-05-2025,05-06-2025,08-06-2025,2,20.0,3013.01,Paid
7108,605,43,Rep_18,06-09-2024,07-09-2024,07-10-2024,12-11-2024,1,5.0,197.68,Late
7109,295,76,Rep_28,12-08-2024,13-08-2024,12-09-2024,19-09-2024,10,15.0,85334.39,Paid
7110,371,25,Rep_4,30-06-2025,02-07-2025,01-08-2025,,3,5.0,1290.45,Pending
7111,794,65,Rep_16,11-12-2025,13-12-2025,12-01-2026,17-01-2026,5,5.0,15093.46,Paid
7112,573,21,Rep_15,27-03-2025,28-03-2025,27-04-2025,03-05-2025,8,15.0,31766.06,Paid
7113,781,9,Rep_6,16-02-2024,17-02-2024,18-03-2024,19-03-2024,2,10.0,373.72,Paid
7114,640,29,Rep_6,27-07-2024,29-07-2024,28-08-2024,06-09-2024,4,10.0,18980.86,Paid
7115,806,32,Rep_27,31-10-2025,01-11-2025,01-12-2025,04-12-2025,9,10.0,22542.54,Paid
7116,864,48,Rep_17,13-05-2025,14-05-2025,13-06-2025,18-06-2025,4,20.0,16172.67,Paid
7117,50,89,Rep_3,14-04-2025,15-04-2025,15-05-2025,14-05-2025,6,5.0,10733.84,Paid
7118,759,57,Rep_22,27-03-2024,27-03-2024,26-04-2024,24-04-2024,4,0.0,2920.0,Paid
7119,675,61,Rep_20,28-11-2024,28-11-2024,28-12-2024,28-12-2024,9,15.0,5704.38,Paid
7120,861,71,Rep_20,19-05-2025,21-05-2025,20-06-2025,21-06-2025,7,0.0,3271.59,Paid
7121,738,83,Rep_25,17-12-2025,18-12-2025,17-01-2026,26-01-2026,9,5.0,19130.28,Paid
7122,104,60,Rep_16,20-06-2024,21-06-2024,21-07-2024,27-07-2024,10,0.0,46394.4,Paid
7123,129,15,Rep_13,11-05-2025,13-05-2025,12-06-2025,18-06-2025,4,15.0,20999.83,Paid
7124,552,65,Rep_7,06-10-2024,07-10-2024,06-11-2024,13-11-2024,5,20.0,12710.28,Paid
7125,138,17,Rep_6,30-01-2024,31-01-2024,01-03-2024,,5,20.0,30929.76,Pending
7126,292,28,Rep_16,09-12-2024,11-12-2024,10-01-2025,14-01-2025,10,5.0,38233.98,Paid
7127,997,34,Rep_11,20-12-2025,20-12-2025,19-01-2026,,5,5.0,18935.78,Pending
7128,294,8,Rep_28,20-08-2025,20-08-2025,19-09-2025,25-09-2025,4,10.0,29657.23,Paid
7129,831,30,Rep_30,16-01-2025,16-01-2025,15-02-2025,23-02-2025,7,20.0,11125.35,Paid
7130,873,83,Rep_30,14-06-2024,15-06-2024,15-07-2024,18-07-2024,2,10.0,4027.43,Paid
7131,140,91,Rep_14,01-07-2024,03-07-2024,02-08-2024,31-07-2024,1,5.0,8332.53,Paid
7132,91,28,Rep_17,09-09-2025,11-09-2025,11-10-2025,11-10-2025,4,5.0,15293.59,Paid
7133,851,92,Rep_21,13-10-2024,15-10-2024,14-11-2024,17-11-2024,2,5.0,8248.2,Paid
7134,3,58,Rep_5,01-07-2025,02-07-2025,01-08-2025,06-08-2025,7,10.0,16945.36,Paid
7135,935,59,Rep_30,08-02-2024,09-02-2024,10-03-2024,11-03-2024,6,20.0,14231.76,Paid
7136,180,71,,27-09-2025,29-09-2025,29-10-2025,28-10-2025,2,20.0,747.79,Paid
7137,276,17,Rep_15,23-07-2024,23-07-2024,22-08-2024,,3,15.0,19717.72,Pending
7138,526,77,Rep_12,14-10-2024,15-10-2024,14-11-2024,19-11-2024,5,15.0,3937.88,Paid
7139,673,9,Rep_11,05-08-2025,06-08-2025,05-09-2025,05-09-2025,6,10.0,1121.15,Paid
7140,970,69,Rep_30,08-01-2025,10-01-2025,09-02-2025,16-03-2025,2,10.0,15095.34,Late
7141,708,48,Rep_21,09-01-2024,11-01-2024,10-02-2024,13-02-2024,4,10.0,18194.26,Paid
7142,155,98,Rep_16,28-05-2025,30-05-2025,29-06-2025,30-06-2025,3,15.0,3024.3,Paid
7143,719,96,Rep_28,23-10-2024,25-10-2024,24-11-2024,27-11-2024,8,20.0,51054.21,Paid
7144,461,86,Rep_15,21-07-2024,21-07-2024,20-08-2024,30-09-2024,1,0.0,4882.69,Late
7145,93,11,Rep_6,23-02-2024,25-02-2024,26-03-2024,,8,15.0,13719.88,Pending
7146,917,55,Rep_22,10-03-2025,12-03-2025,11-04-2025,07-07-2025,6,5.0,32611.18,Late
7147,564,75,Rep_6,16-07-2025,17-07-2025,16-08-2025,13-11-2025,8,20.0,48387.01,Late
7148,533,52,Rep_12,24-07-2025,26-07-2025,25-08-2025,26-08-2025,9,10.0,59269.48,Paid
7149,796,86,Rep_17,21-08-2025,21-08-2025,20-09-2025,,7,15.0,29052.01,Pending
7150,964,1,Rep_5,23-09-2024,25-09-2024,25-10-2024,31-10-2024,2,5.0,10301.27,Paid
7151,713,36,Rep_30,16-03-2025,16-03-2025,15-04-2025,25-04-2025,2,0.0,1787.58,Paid
7152,242,81,Rep_15,03-05-2024,05-05-2024,04-06-2024,06-07-2024,9,10.0,10262.94,Late
7153,663,25,Rep_9,09-09-2025,11-09-2025,11-10-2025,06-01-2026,4,20.0,1448.93,Late
7154,816,37,Rep_27,17-05-2025,18-05-2025,17-06-2025,21-06-2025,5,20.0,27086.04,Paid
7155,109,4,,26-04-2024,27-04-2024,27-05-2024,03-06-2024,8,0.0,23488.32,Paid
7156,193,87,Rep_1,10-04-2024,10-04-2024,10-05-2024,15-05-2024,6,0.0,9900.18,Paid
7157,732,14,Rep_16,08-05-2025,08-05-2025,07-06-2025,10-06-2025,10,20.0,24010.56,Paid
7158,161,15,Rep_11,15-03-2025,16-03-2025,15-04-2025,,1,0.0,6176.42,BadDebt
7159,201,33,Rep_22,03-01-2025,04-01-2025,03-02-2025,13-02-2025,8,5.0,11222.69,Paid
7160,858,77,Rep_18,18-07-2024,19-07-2024,18-08-2024,25-08-2024,6,15.0,4725.46,Paid
7161,848,72,Rep_2,24-07-2024,25-07-2024,24-08-2024,22-08-2024,2,10.0,9725.24,Paid
7162,174,64,Rep_24,29-01-2024,31-01-2024,01-03-2024,03-03-2024,7,10.0,25790.31,Paid
7163,45,47,Rep_29,23-05-2024,24-05-2024,23-06-2024,01-07-2024,8,10.0,19379.66,Paid
7164,484,62,Rep_18,22-07-2025,24-07-2025,23-08-2025,26-08-2025,3,15.0,18085.31,Paid
7165,732,80,Rep_25,09-08-2024,10-08-2024,09-09-2024,15-09-2024,4,20.0,12007.2,Paid
7166,614,15,Rep_9,29-12-2025,31-12-2025,30-01-2026,03-02-2026,6,20.0,29646.82,Paid
7167,878,29,Rep_27,02-07-2024,04-07-2024,03-08-2024,03-08-2024,5,20.0,21089.84,Paid
7168,271,17,Rep_11,27-11-2025,28-11-2025,28-12-2025,27-12-2025,6,20.0,37115.71,Paid
7169,556,20,Rep_26,08-05-2025,08-05-2025,07-06-2025,07-06-2025,1,10.0,1836.01,Paid
7170,624,89,Rep_28,30-09-2024,30-09-2024,30-10-2024,05-11-2024,6,0.0,11298.78,Paid
7171,397,3,Rep_17,08-02-2025,09-02-2025,11-03-2025,17-03-2025,8,15.0,56343.3,Paid
7172,573,28,Rep_8,08-08-2024,10-08-2024,09-09-2024,,1,20.0,3219.7,Pending
7173,157,72,Rep_6,07-09-2025,07-09-2025,07-10-2025,08-12-2025,1,5.0,5132.76,Late
7174,172,46,Rep_11,16-05-2025,16-05-2025,15-06-2025,13-08-2025,8,5.0,6337.87,Late
7175,416,30,Rep_27,15-09-2025,16-09-2025,16-10-2025,20-10-2025,10,0.0,19866.7,Paid
7176,896,36,Rep_7,02-09-2024,04-09-2024,04-10-2024,08-12-2024,3,5.0,2547.3,Late
7177,76,76,Rep_1,10-12-2024,11-12-2024,10-01-2025,16-01-2025,4,0.0,40157.36,Paid
7178,389,40,Rep_17,14-09-2024,14-09-2024,14-10-2024,21-10-2024,7,20.0,30865.3,Paid
7179,839,70,Rep_4,09-04-2025,10-04-2025,10-05-2025,,9,5.0,73181.76,Pending
7180,909,84,Rep_8,06-09-2024,08-09-2024,08-10-2024,17-10-2024,3,0.0,2810.49,Paid
7181,947,20,Rep_5,07-01-2024,09-01-2024,08-02-2024,,7,0.0,14280.07,Pending
7182,604,37,Rep_2,28-04-2025,28-04-2025,28-05-2025,,2,0.0,13543.02,BadDebt
7183,534,15,Rep_24,20-02-2025,20-02-2025,22-03-2025,23-03-2025,7,5.0,41073.19,Paid
7184,490,83,Rep_14,04-03-2024,04-03-2024,03-04-2024,12-04-2024,10,15.0,19018.41,Paid
7185,660,56,Rep_14,30-10-2025,30-10-2025,29-11-2025,,1,5.0,2388.84,Pending
7186,48,27,Rep_6,21-05-2024,23-05-2024,22-06-2024,01-07-2024,4,20.0,4842.5,Paid
7187,592,9,Rep_24,27-07-2024,28-07-2024,27-08-2024,,2,5.0,394.48,Pending
7188,700,10,Rep_11,03-11-2025,04-11-2025,04-12-2025,14-12-2025,7,15.0,30281.81,Paid
7189,547,23,Rep_19,13-05-2024,15-05-2024,14-06-2024,,5,15.0,12411.15,Pending
7190,590,87,Rep_18,29-01-2024,30-01-2024,29-02-2024,06-03-2024,9,5.0,14107.76,Paid
7191,657,28,Rep_23,27-12-2024,28-12-2024,27-01-2025,25-01-2025,8,0.0,32197.04,Paid
7192,751,36,Rep_1,23-05-2024,24-05-2024,23-06-2024,23-06-2024,1,20.0,715.03,Paid
7193,673,14,Rep_5,04-01-2025,04-01-2025,03-02-2025,05-02-2025,9,20.0,21609.5,Paid
7194,418,69,Rep_12,05-03-2025,06-03-2025,05-04-2025,07-04-2025,4,20.0,26836.16,Paid
7195,367,76,Rep_13,17-06-2025,17-06-2025,17-07-2025,,1,5.0,9537.37,BadDebt
7196,411,48,Rep_10,18-04-2024,19-04-2024,19-05-2024,21-05-2024,8,15.0,34366.93,Paid
7197,701,56,Rep_30,06-02-2025,08-02-2025,10-03-2025,15-03-2025,10,20.0,20116.56,Paid
7198,668,1,Rep_27,10-08-2024,10-08-2024,09-09-2024,11-09-2024,7,20.0,30361.63,Paid
7199,709,18,Rep_27,03-04-2025,04-04-2025,04-05-2025,11-05-2025,7,0.0,15316.42,Paid
7200,898,89,Rep_29,28-05-2025,29-05-2025,28-06-2025,06-07-2025,4,20.0,6026.02,Paid
7201,837,23,Rep_29,25-08-2025,27-08-2025,26-09-2025,,10,10.0,26282.43,Pending
7202,665,33,Rep_8,11-08-2024,11-08-2024,10-09-2024,20-09-2024,8,0.0,11813.36,Paid
7203,447,16,Rep_20,13-09-2025,13-09-2025,13-10-2025,,8,15.0,9037.95,Pending
7204,488,69,Rep_19,18-02-2024,20-02-2024,21-03-2024,26-03-2024,2,15.0,14256.71,Paid
7205,274,84,Rep_15,30-03-2024,30-03-2024,29-04-2024,02-05-2024,7,15.0,5574.14,Paid
7206,135,5,Rep_4,17-10-2025,19-10-2025,18-11-2025,28-11-2025,9,10.0,8294.72,Paid
7207,954,86,Rep_24,05-03-2024,05-03-2024,04-04-2024,07-04-2024,7,10.0,30760.95,Paid
7208,270,29,Rep_15,26-02-2025,27-02-2025,29-03-2025,,10,5.0,50088.37,Pending
7209,944,77,Rep_30,12-01-2024,14-01-2024,13-02-2024,18-02-2024,1,0.0,926.56,Paid
7210,952,22,Rep_30,25-07-2025,25-07-2025,24-08-2025,,7,0.0,5896.45,Pending
7211,269,38,Rep_19,11-03-2024,11-03-2024,10-04-2024,,3,5.0,10993.48,Pending
7212,422,4,Rep_24,09-10-2025,11-10-2025,10-11-2025,,3,20.0,7046.5,Pending
7213,749,80,Rep_30,13-05-2025,13-05-2025,12-06-2025,,4,5.0,14258.55,Pending
7214,681,7,,13-01-2024,13-01-2024,12-02-2024,24-03-2024,9,10.0,5686.44,Late
7215,399,18,Rep_9,13-05-2024,14-05-2024,13-06-2024,15-06-2024,9,15.0,16738.66,Paid
7216,607,88,Rep_6,08-06-2025,10-06-2025,10-07-2025,26-08-2025,8,15.0,42460.56,Late
7217,886,95,Rep_27,28-06-2024,29-06-2024,29-07-2024,07-08-2024,10,20.0,7966.72,Paid
7218,323,6,Rep_6,19-11-2025,21-11-2025,21-12-2025,29-12-2025,3,15.0,24942.77,Paid
7219,634,63,Rep_29,14-06-2024,16-06-2024,16-07-2024,,4,20.0,5345.06,Pending
7220,324,29,Rep_20,30-03-2025,31-03-2025,30-04-2025,09-05-2025,3,15.0,13444.77,Paid
7221,952,69,Rep_8,18-12-2024,19-12-2024,18-01-2025,18-01-2025,1,15.0,7128.36,Paid
7222,270,67,Rep_11,01-09-2024,03-09-2024,03-10-2024,,3,15.0,8989.52,Pending
7223,861,100,Rep_27,07-11-2024,08-11-2024,08-12-2024,10-12-2024,9,10.0,27123.74,Paid
7224,239,56,Rep_25,25-01-2025,25-01-2025,24-02-2025,27-02-2025,3,5.0,7166.52,Paid
7225,566,9,Rep_25,03-09-2025,05-09-2025,05-10-2025,13-10-2025,4,10.0,747.43,Paid
7226,365,100,Rep_7,31-05-2024,01-06-2024,01-07-2024,29-06-2024,6,5.0,19087.08,Paid
7227,791,66,Rep_23,17-09-2025,17-09-2025,17-10-2025,27-10-2025,7,0.0,77454.65,Paid
7228,487,90,Rep_1,27-01-2025,27-01-2025,26-02-2025,06-03-2025,10,10.0,50877.81,Paid
7229,923,22,Rep_4,20-05-2024,20-05-2024,19-06-2024,14-09-2024,7,15.0,5011.98,Late
7230,756,1,Rep_8,17-11-2024,18-11-2024,18-12-2024,18-12-2024,8,5.0,41205.07,Paid
7231,188,8,Rep_18,25-02-2024,25-02-2024,26-03-2024,27-03-2024,10,0.0,82381.2,Paid
7232,581,23,Rep_4,26-07-2025,26-07-2025,25-08-2025,23-08-2025,4,20.0,9344.86,Paid
7233,913,38,Rep_26,17-04-2024,18-04-2024,18-05-2024,18-05-2024,7,10.0,24301.37,Paid
7234,828,51,Rep_8,29-06-2024,01-07-2024,31-07-2024,31-07-2024,10,10.0,87479.55,Paid
7235,51,74,Rep_24,04-05-2025,06-05-2025,05-06-2025,13-06-2025,5,5.0,41599.22,Paid
7236,369,71,Rep_12,08-11-2025,08-11-2025,08-12-2025,,9,5.0,3996.01,Pending
7237,938,62,Rep_5,03-12-2024,04-12-2024,03-01-2025,10-01-2025,7,5.0,47163.66,Paid
7238,946,51,Rep_6,18-02-2025,18-02-2025,20-03-2025,20-03-2025,10,10.0,87479.55,Paid
7239,858,79,Rep_14,24-01-2024,24-01-2024,23-02-2024,25-02-2024,4,0.0,6471.44,Paid
7240,618,57,Rep_9,27-01-2024,29-01-2024,28-02-2024,07-03-2024,1,10.0,657.0,Paid
7241,983,79,Rep_7,08-08-2024,09-08-2024,08-09-2024,17-09-2024,1,10.0,1456.07,Paid
7242,359,64,Rep_22,17-10-2024,17-10-2024,16-11-2024,22-11-2024,2,5.0,7778.03,Paid
7243,527,15,Rep_15,05-01-2025,05-01-2025,04-02-2025,09-02-2025,4,20.0,19764.54,Paid
7244,669,92,Rep_23,12-10-2025,14-10-2025,13-11-2025,22-11-2025,6,10.0,23442.26,Paid
7245,564,39,Rep_26,25-10-2025,25-10-2025,24-11-2025,23-11-2025,7,5.0,48424.7,Paid
7246,876,51,Rep_22,25-05-2024,26-05-2024,25-06-2024,27-06-2024,2,20.0,15551.92,Paid
7247,720,98,Rep_30,10-08-2025,11-08-2025,10-09-2025,10-09-2025,10,10.0,10674.0,Paid
7248,344,94,Rep_15,23-11-2024,24-11-2024,24-12-2024,17-02-2025,4,5.0,10551.84,Late
7249,882,98,Rep_2,04-02-2025,06-02-2025,08-03-2025,,3,15.0,3024.3,Pending
7250,798,100,Rep_20,02-11-2024,03-11-2024,03-12-2024,,7,0.0,23440.27,Pending
7251,598,68,Rep_7,30-07-2025,31-07-2025,30-08-2025,30-08-2025,9,15.0,73312.55,Paid
7252,848,92,Rep_25,25-09-2025,27-09-2025,27-10-2025,,10,20.0,34729.28,Pending
7253,777,72,Rep_24,08-06-2025,08-06-2025,08-07-2025,16-07-2025,7,5.0,35929.35,Paid
7254,571,4,Rep_3,10-09-2024,12-09-2024,12-10-2024,15-10-2024,4,20.0,9395.33,Paid
7255,200,10,Rep_11,05-08-2024,06-08-2024,05-09-2024,10-10-2024,5,20.0,20357.52,Late
7256,274,31,Rep_15,06-03-2024,08-03-2024,07-04-2024,06-07-2024,7,5.0,30922.43,Late
7257,913,32,Rep_30,17-04-2024,18-04-2024,18-05-2024,18-05-2024,7,10.0,17533.09,Paid
7258,435,95,Rep_1,06-02-2025,06-02-2025,08-03-2025,14-05-2025,5,15.0,4232.32,Late
7259,835,3,Rep_13,11-05-2025,12-05-2025,11-06-2025,11-06-2025,6,10.0,44743.21,Paid
7260,992,98,Rep_28,03-12-2024,03-12-2024,02-01-2025,,6,10.0,6404.4,Pending
7261,800,69,Rep_2,19-01-2024,19-01-2024,18-02-2024,26-02-2024,2,10.0,15095.34,Paid
7262,475,69,Rep_25,21-04-2025,21-04-2025,21-05-2025,26-05-2025,2,5.0,15933.97,Paid
7263,655,18,Rep_30,10-12-2025,11-12-2025,10-01-2026,08-01-2026,4,15.0,7439.4,Paid
7264,445,27,Rep_19,04-06-2024,06-06-2024,06-07-2024,05-09-2024,10,20.0,12106.24,Late
7265,916,86,Rep_21,10-12-2024,11-12-2024,10-01-2025,,1,15.0,4150.29,Pending
7266,607,73,Rep_20,20-04-2024,21-04-2024,21-05-2024,23-05-2024,3,15.0,9223.45,Paid
7267,386,82,Rep_25,16-04-2024,17-04-2024,17-05-2024,25-05-2024,7,10.0,24974.08,Paid
7268,169,29,Rep_6,16-01-2024,16-01-2024,15-02-2024,17-03-2024,1,10.0,4745.21,Late
7269,45,68,Rep_17,11-06-2024,11-06-2024,11-07-2024,18-07-2024,7,20.0,53666.7,Paid
7270,562,94,Rep_14,23-08-2024,23-08-2024,22-09-2024,29-09-2024,7,5.0,18465.72,Paid
7271,934,34,Rep_2,07-10-2024,07-10-2024,06-11-2024,06-11-2024,2,20.0,6378.37,Paid
7272,892,19,Rep_7,02-10-2025,02-10-2025,01-11-2025,08-11-2025,5,5.0,44544.6,Paid
7273,8,97,Rep_12,04-08-2024,06-08-2024,05-09-2024,05-09-2024,10,0.0,76413.6,Paid
7274,718,20,Rep_2,03-06-2025,03-06-2025,03-07-2025,16-09-2025,9,0.0,18360.09,Late
7275,505,2,Rep_23,28-03-2024,28-03-2024,27-04-2024,05-05-2024,5,5.0,40087.48,Paid
7276,426,63,Rep_24,28-08-2024,28-08-2024,27-09-2024,04-10-2024,2,15.0,2839.56,Paid
7277,901,77,Rep_29,27-11-2024,28-11-2024,28-12-2024,,1,20.0,741.25,Pending
7278,523,82,Rep_26,07-07-2025,08-07-2025,07-08-2025,09-08-2025,9,0.0,35677.26,Paid
7279,881,51,Rep_22,04-12-2025,06-12-2025,05-01-2026,14-01-2026,1,20.0,7775.96,Paid
7280,657,43,Rep_8,01-03-2025,02-03-2025,01-04-2025,31-03-2025,4,10.0,749.09,Paid
7281,281,35,Rep_24,28-08-2024,28-08-2024,27-09-2024,02-10-2024,2,10.0,10788.21,Paid
7282,356,11,Rep_4,16-07-2024,18-07-2024,17-08-2024,,5,0.0,10088.15,BadDebt
7283,121,83,Rep_20,01-04-2024,01-04-2024,01-05-2024,03-05-2024,3,10.0,6041.14,Paid
7284,178,31,Rep_7,17-05-2024,19-05-2024,18-06-2024,24-06-2024,7,5.0,30922.43,Paid
7285,147,61,Rep_10,09-02-2025,11-02-2025,13-03-2025,16-03-2025,6,10.0,4026.62,Paid
7286,212,14,Rep_30,16-01-2024,16-01-2024,15-02-2024,,5,15.0,12755.61,Pending
7287,959,77,Rep_5,29-05-2025,31-05-2025,30-06-2025,28-06-2025,10,15.0,7875.76,Paid
7288,514,67,Rep_20,28-12-2025,30-12-2025,29-01-2026,01-03-2026,2,5.0,6698.07,Late
7289,91,78,Rep_6,22-02-2024,23-02-2024,24-03-2024,03-04-2024,5,10.0,30146.62,Paid
7290,840,26,Rep_12,08-02-2024,09-02-2024,10-03-2024,05-06-2024,8,0.0,68937.12,Late
7291,224,86,Rep_14,22-10-2024,24-10-2024,23-11-2024,03-12-2024,9,0.0,43944.21,Paid
7292,839,40,Rep_9,30-07-2025,31-07-2025,30-08-2025,08-09-2025,3,0.0,16534.98,Paid
7293,839,95,Rep_15,03-07-2025,03-07-2025,02-08-2025,08-08-2025,10,20.0,7966.72,Paid
7294,598,23,Rep_1,22-06-2024,24-06-2024,24-07-2024,27-07-2024,9,10.0,23654.19,Paid
7295,160,15,Rep_12,26-04-2025,27-04-2025,27-05-2025,25-08-2025,10,20.0,49411.36,Late
7296,269,35,Rep_29,15-08-2024,15-08-2024,14-09-2024,21-09-2024,8,10.0,43152.84,Paid
7297,864,80,Rep_30,04-01-2025,06-01-2025,05-02-2025,,8,0.0,30018.0,BadDebt
7298,479,32,Rep_25,02-09-2024,04-09-2024,04-10-2024,,4,10.0,10018.91,Pending
7299,924,75,Rep_22,23-07-2024,25-07-2024,24-08-2024,23-08-2024,9,15.0,57837.6,Paid
7300,702,42,Rep_13,12-08-2025,12-08-2025,11-09-2025,,7,20.0,58614.98,Pending
7301,732,50,Rep_17,24-08-2024,26-08-2024,25-09-2024,01-10-2024,10,0.0,16262.8,Paid
7302,910,62,Rep_21,27-08-2024,29-08-2024,28-09-2024,27-09-2024,9,20.0,51064.42,Paid
7303,629,63,Rep_3,09-12-2025,09-12-2025,08-01-2026,14-01-2026,7,0.0,11692.31,Paid
7304,752,63,Rep_13,16-11-2024,17-11-2024,17-12-2024,27-12-2024,1,15.0,1419.78,Paid
7305,438,71,Rep_21,28-01-2024,29-01-2024,28-02-2024,30-04-2024,10,0.0,4673.7,Late
7306,810,89,Rep_28,29-06-2025,30-06-2025,30-07-2025,07-08-2025,9,15.0,14405.94,Paid
7307,256,80,Rep_19,10-07-2024,10-07-2024,09-08-2024,14-08-2024,1,10.0,3377.02,Paid
7308,998,34,Rep_13,18-11-2025,19-11-2025,19-12-2025,24-12-2025,10,5.0,37871.56,Paid
7309,538,12,Rep_27,19-08-2024,21-08-2024,20-09-2024,23-09-2024,3,20.0,24552.55,Paid
7310,60,81,Rep_29,08-11-2025,08-11-2025,08-12-2025,10-12-2025,6,5.0,7222.07,Paid
7311,738,93,Rep_19,03-09-2024,03-09-2024,03-10-2024,07-10-2024,7,10.0,11412.26,Paid
7312,792,80,Rep_27,17-09-2024,17-09-2024,17-10-2024,25-10-2024,5,0.0,18761.25,Paid
7313,519,63,Rep_8,25-07-2025,27-07-2025,26-08-2025,26-08-2025,7,5.0,11107.69,Paid
7314,553,44,Rep_11,04-06-2025,06-06-2025,06-07-2025,06-07-2025,10,0.0,49057.0,Paid
7315,108,76,Rep_21,25-06-2025,25-06-2025,25-07-2025,25-07-2025,4,0.0,40157.36,Paid
7316,728,51,Rep_3,18-01-2024,19-01-2024,18-02-2024,18-02-2024,5,5.0,46169.76,Paid
7317,556,88,Rep_20,19-05-2024,21-05-2024,20-06-2024,18-06-2024,8,5.0,47455.92,Paid
7318,651,73,Rep_17,27-10-2024,29-10-2024,28-11-2024,30-11-2024,1,0.0,3617.04,Paid
7319,179,50,Rep_2,10-03-2025,10-03-2025,09-04-2025,,10,5.0,15449.66,Pending
7320,426,48,Rep_30,23-02-2025,25-02-2025,27-03-2025,06-04-2025,3,5.0,14403.79,Paid
7321,26,29,Rep_4,01-11-2024,03-11-2024,03-12-2024,,4,10.0,18980.86,Pending
7322,61,62,Rep_24,05-09-2025,07-09-2025,07-10-2025,11-10-2025,8,20.0,45390.59,Paid
7323,625,16,Rep_8,06-09-2025,07-09-2025,07-10-2025,14-10-2025,9,10.0,10765.79,Paid
7324,504,57,Rep_10,23-04-2025,24-04-2025,24-05-2025,26-05-2025,7,5.0,4854.5,Paid
7325,126,79,Rep_27,07-02-2024,07-02-2024,08-03-2024,06-03-2024,3,20.0,3882.86,Paid
7326,983,19,Rep_6,25-02-2024,26-02-2024,27-03-2024,25-03-2024,2,10.0,16880.06,Paid
7327,395,41,Rep_1,19-05-2024,19-05-2024,18-06-2024,17-06-2024,10,5.0,33811.16,Paid
7328,37,84,Rep_7,25-02-2024,27-02-2024,28-03-2024,,8,0.0,7494.64,BadDebt
7329,541,91,Rep_17,23-06-2025,23-06-2025,23-07-2025,02-08-2025,8,5.0,66660.21,Paid
7330,704,79,Rep_11,15-10-2025,17-10-2025,16-11-2025,15-11-2025,8,5.0,12295.74,Paid
7331,572,96,Rep_4,04-07-2025,04-07-2025,03-08-2025,02-08-2025,4,15.0,27122.55,Paid
7332,26,4,Rep_3,02-07-2024,02-07-2024,01-08-2024,08-10-2024,8,15.0,19965.07,Late
7333,364,100,Rep_6,12-12-2025,13-12-2025,12-01-2026,13-01-2026,9,20.0,24109.99,Paid
7334,1000,79,Rep_23,28-03-2025,30-03-2025,29-04-2025,06-06-2025,1,10.0,1456.07,Late
7335,830,10,Rep_27,28-04-2024,28-04-2024,28-05-2024,28-06-2024,10,20.0,40715.04,Late
7336,10,93,Rep_4,12-07-2025,14-07-2025,13-08-2025,21-08-2025,10,0.0,18114.7,Paid
7337,496,13,Rep_21,29-09-2024,29-09-2024,29-10-2024,31-10-2024,1,0.0,6721.36,Paid
7338,930,88,Rep_28,25-07-2024,25-07-2024,24-08-2024,,10,15.0,53075.7,Pending
7339,337,41,Rep_19,27-07-2024,27-07-2024,26-08-2024,26-08-2024,8,15.0,24201.68,Paid
7340,549,26,Rep_9,01-03-2024,01-03-2024,31-03-2024,04-04-2024,3,15.0,21973.71,Paid
7341,150,92,Rep_13,06-05-2025,08-05-2025,07-06-2025,08-06-2025,8,20.0,27783.42,Paid
7342,427,71,Rep_25,18-06-2024,19-06-2024,19-07-2024,02-10-2024,1,15.0,397.26,Late
7343,122,58,Rep_2,23-09-2025,25-09-2025,25-10-2025,31-10-2025,4,0.0,10758.96,Paid
7344,221,57,Rep_18,28-01-2025,29-01-2025,28-02-2025,28-02-2025,9,10.0,5913.0,Paid
7345,287,87,Rep_3,25-03-2025,25-03-2025,24-04-2025,28-04-2025,9,20.0,11880.22,Paid
7346,254,56,Rep_30,03-04-2025,03-04-2025,03-05-2025,02-05-2025,1,0.0,2514.57,Paid
7347,964,74,Rep_16,20-04-2025,21-04-2025,21-05-2025,22-05-2025,1,0.0,8757.73,Paid
7348,858,70,Rep_11,20-03-2024,21-03-2024,20-04-2024,22-04-2024,9,0.0,77033.43,Paid
7349,791,60,Rep_20,20-06-2024,21-06-2024,21-07-2024,31-07-2024,8,5.0,35259.74,Paid
7350,729,40,Rep_26,05-09-2024,06-09-2024,06-10-2024,06-10-2024,8,5.0,41888.62,Paid
7351,151,38,Rep_17,18-07-2024,19-07-2024,18-08-2024,18-08-2024,3,20.0,9257.66,Paid
7352,390,22,Rep_26,08-11-2025,08-11-2025,08-12-2025,09-12-2025,10,0.0,8423.5,Paid
7353,761,44,Rep_13,03-01-2024,03-01-2024,02-02-2024,10-02-2024,6,10.0,26490.78,Paid
7354,457,89,Rep_16,04-10-2025,04-10-2025,03-11-2025,01-11-2025,7,5.0,12522.81,Paid
7355,816,75,Rep_15,30-05-2025,01-06-2025,01-07-2025,01-07-2025,1,10.0,6804.42,Paid
7356,755,23,Rep_8,13-07-2025,13-07-2025,12-08-2025,12-08-2025,8,0.0,23362.16,Paid
7357,412,80,Rep_25,08-12-2024,10-12-2024,09-01-2025,07-01-2025,1,15.0,3189.41,Paid
7358,825,55,Rep_25,04-02-2024,04-02-2024,05-03-2024,14-03-2024,2,5.0,10870.39,Paid
7359,553,40,Rep_29,17-05-2025,17-05-2025,16-06-2025,21-06-2025,5,20.0,22046.64,Paid
7360,233,98,Rep_2,24-10-2025,25-10-2025,24-11-2025,30-11-2025,1,5.0,1126.7,Paid
7361,223,48,Rep_9,07-11-2025,09-11-2025,09-12-2025,17-12-2025,9,0.0,45485.64,Paid
7362,846,14,Rep_4,07-11-2024,07-11-2024,07-12-2024,12-12-2024,1,20.0,2401.06,Paid
7363,273,52,Rep_1,05-01-2024,06-01-2024,05-02-2024,12-02-2024,10,5.0,69513.59,Paid
7364,850,38,Rep_1,12-05-2025,14-05-2025,13-06-2025,21-06-2025,2,10.0,6943.25,Paid
7365,82,30,Rep_26,01-03-2025,03-03-2025,02-04-2025,09-04-2025,5,10.0,8940.02,Paid
7366,713,47,Rep_26,21-06-2024,21-06-2024,21-07-2024,31-07-2024,9,20.0,19379.66,Paid
7367,4,45,Rep_3,08-01-2025,08-01-2025,07-02-2025,06-02-2025,1,20.0,3226.2,Paid
7368,11,79,Rep_20,31-07-2025,31-07-2025,30-08-2025,07-09-2025,4,10.0,5824.3,Paid
7369,376,93,Rep_14,28-10-2024,30-10-2024,29-11-2024,01-12-2024,6,20.0,8695.06,Paid
7370,532,96,Rep_21,18-01-2025,19-01-2025,18-02-2025,16-02-2025,3,5.0,22735.08,Paid
7371,163,77,Rep_19,22-01-2025,24-01-2025,23-02-2025,01-03-2025,3,20.0,2223.74,Paid
7372,902,66,Rep_10,01-12-2024,03-12-2024,02-01-2025,31-12-2024,7,5.0,73581.92,Paid
7373,225,37,Rep_7,27-04-2024,27-04-2024,27-05-2024,,4,0.0,27086.04,Pending
7374,113,9,Rep_17,07-09-2024,07-09-2024,07-10-2024,08-10-2024,4,20.0,664.38,Paid
7375,418,55,Rep_22,02-03-2025,04-03-2025,03-04-2025,04-04-2025,5,20.0,22885.04,Paid
7376,586,12,Rep_23,06-07-2024,06-07-2024,05-08-2024,,2,20.0,16368.37,Pending
7377,674,52,Rep_23,03-02-2024,04-02-2024,05-03-2024,03-03-2024,5,5.0,34756.8,Paid
7378,751,33,Rep_21,20-09-2024,22-09-2024,22-10-2024,03-01-2025,7,20.0,8269.35,Late
7379,78,2,Rep_2,24-02-2025,25-02-2025,27-03-2025,03-04-2025,1,10.0,7595.52,Paid
7380,420,100,Rep_9,03-10-2025,03-10-2025,02-11-2025,,2,20.0,5357.78,Pending
7381,851,40,Rep_19,10-10-2024,11-10-2024,10-11-2024,20-11-2024,7,5.0,36652.54,Paid
7382,530,40,Rep_23,09-02-2024,09-02-2024,10-03-2024,,5,20.0,22046.64,Pending
7383,674,44,Rep_9,11-10-2025,12-10-2025,11-11-2025,,4,10.0,17660.52,Pending
7384,250,14,Rep_14,07-06-2025,09-06-2025,09-07-2025,05-10-2025,8,10.0,21609.5,Late
7385,580,21,Rep_23,15-04-2024,16-04-2024,16-05-2024,24-05-2024,1,0.0,4671.48,Paid
7386,727,62,Rep_25,31-12-2025,02-01-2026,01-02-2026,,9,0.0,63830.52,BadDebt
7387,582,8,Rep_25,25-07-2024,27-07-2024,26-08-2024,24-08-2024,4,20.0,26361.98,Paid
7388,849,95,Rep_1,07-06-2025,07-06-2025,07-07-2025,20-09-2025,1,0.0,995.84,Late
7389,722,37,Rep_4,17-10-2024,19-10-2024,18-11-2024,23-11-2024,2,20.0,10834.42,Paid
7390,881,77,Rep_29,28-01-2024,29-01-2024,28-02-2024,03-03-2024,10,0.0,9265.6,Paid
7391,218,54,Rep_1,19-03-2024,19-03-2024,18-04-2024,16-04-2024,8,15.0,45343.49,Paid
7392,725,68,Rep_26,28-09-2025,28-09-2025,28-10-2025,28-12-2025,2,15.0,16291.68,Late
7393,552,84,Rep_12,30-11-2024,02-12-2024,01-01-2025,,8,20.0,5995.71,Pending
7394,515,76,Rep_17,24-10-2024,24-10-2024,23-11-2024,01-12-2024,9,15.0,76800.95,Paid
7395,365,48,Rep_22,09-05-2024,11-05-2024,10-06-2024,15-06-2024,7,15.0,30071.06,Paid
7396,330,95,Rep_12,03-11-2024,03-11-2024,03-12-2024,,7,15.0,5925.25,Pending
7397,22,82,Rep_19,20-11-2024,20-11-2024,20-12-2024,28-01-2025,7,20.0,22199.18,Late
7398,584,58,Rep_18,25-02-2025,27-02-2025,29-03-2025,08-04-2025,10,0.0,26897.4,Paid
7399,826,16,Rep_2,13-02-2025,13-02-2025,15-03-2025,25-03-2025,4,15.0,4518.97,Paid
7400,580,62,Rep_4,13-02-2024,13-02-2024,14-03-2024,16-03-2024,2,0.0,14184.56,Paid
7401,365,63,Rep_20,14-10-2025,15-10-2025,14-11-2025,20-11-2025,4,0.0,6681.32,Paid
7402,517,24,Rep_1,13-09-2024,14-09-2024,14-10-2024,22-10-2024,10,10.0,32600.07,Paid
7403,202,6,Rep_12,03-06-2024,03-06-2024,03-07-2024,13-07-2024,4,10.0,35213.33,Paid
7404,239,26,Rep_18,27-07-2025,28-07-2025,27-08-2025,,5,15.0,36622.84,Pending
7405,816,15,Rep_30,02-09-2025,03-09-2025,03-10-2025,,6,15.0,31499.74,Pending
7406,673,37,Rep_14,03-08-2025,04-08-2025,03-09-2025,07-09-2025,7,0.0,47400.57,Paid
7407,497,12,Rep_11,30-05-2024,31-05-2024,30-06-2024,09-07-2024,7,20.0,57289.29,Paid
7408,467,44,Rep_27,19-04-2024,21-04-2024,21-05-2024,26-05-2024,10,20.0,39245.6,Paid
7409,152,55,Rep_8,18-10-2025,20-10-2025,19-11-2025,20-11-2025,7,0.0,40048.82,Paid
7410,923,8,Rep_20,13-03-2024,14-03-2024,13-04-2024,21-06-2024,9,5.0,70435.93,Late
7411,182,64,Rep_24,21-07-2025,21-07-2025,20-08-2025,,4,5.0,15556.06,Pending
7412,844,72,Rep_13,23-08-2024,24-08-2024,23-09-2024,22-09-2024,7,0.0,37820.37,Paid
7413,322,84,Rep_25,06-04-2024,06-04-2024,06-05-2024,16-05-2024,3,5.0,2669.97,Paid
7414,782,44,Rep_11,07-06-2025,09-06-2025,09-07-2025,11-07-2025,10,20.0,39245.6,Paid
7415,35,93,Rep_3,05-11-2024,07-11-2024,07-12-2024,10-12-2024,3,15.0,4619.25,Paid
7416,822,65,Rep_20,28-05-2025,29-05-2025,28-06-2025,04-07-2025,7,20.0,17794.39,Paid
7417,528,60,,20-03-2024,22-03-2024,21-04-2024,21-04-2024,10,20.0,37115.52,Paid
7418,786,64,Rep_22,05-02-2025,06-02-2025,08-03-2025,11-03-2025,5,10.0,18421.65,Paid
7419,438,14,,16-06-2025,17-06-2025,17-07-2025,16-07-2025,4,15.0,10204.49,Paid
7420,432,26,Rep_6,04-01-2025,05-01-2025,04-02-2025,03-02-2025,4,15.0,29298.28,Paid
7421,830,43,Rep_23,30-08-2025,01-09-2025,01-10-2025,25-11-2025,9,10.0,1685.45,Late
7422,525,78,Rep_4,26-06-2025,27-06-2025,27-07-2025,30-07-2025,5,0.0,33496.25,Paid
7423,821,74,Rep_11,13-09-2024,13-09-2024,13-10-2024,18-10-2024,4,15.0,29776.28,Paid
7424,822,14,Rep_10,28-12-2024,28-12-2024,27-01-2025,05-02-2025,5,5.0,14256.27,Paid
7425,92,5,Rep_26,07-02-2024,07-02-2024,08-03-2024,06-03-2024,5,15.0,4352.17,Paid
7426,612,12,Rep_17,21-04-2025,21-04-2025,21-05-2025,,6,20.0,49105.1,Pending
7427,423,75,Rep_4,12-12-2025,12-12-2025,11-01-2026,17-01-2026,5,15.0,32132.0,Paid
7428,616,20,Rep_7,15-05-2025,15-05-2025,14-06-2025,20-07-2025,10,20.0,16320.08,Late
7429,240,28,Rep_12,26-02-2024,27-02-2024,28-03-2024,05-04-2024,10,15.0,34209.36,Paid
7430,724,18,Rep_16,05-01-2024,07-01-2024,06-02-2024,,3,15.0,5579.55,Pending
7431,683,4,Rep_27,04-02-2024,04-02-2024,05-03-2024,09-05-2024,1,20.0,2348.83,Late
7432,708,9,Rep_23,08-04-2025,08-04-2025,08-05-2025,10-05-2025,9,20.0,1494.86,Paid
7433,577,66,Rep_11,08-08-2025,09-08-2025,08-09-2025,11-09-2025,5,0.0,55324.75,Paid
7434,805,33,Rep_7,22-01-2024,24-01-2024,23-02-2024,,1,10.0,1329.0,Pending
7435,899,78,Rep_22,12-01-2024,12-01-2024,11-02-2024,18-02-2024,6,0.0,40195.5,Paid
7436,957,42,Rep_29,04-01-2024,05-01-2024,04-02-2024,02-05-2024,7,5.0,69605.28,Late
7437,787,21,Rep_7,02-12-2024,02-12-2024,01-01-2025,07-01-2025,7,10.0,29430.32,Paid
7438,273,67,Rep_10,09-12-2025,10-12-2025,09-01-2026,07-01-2026,10,10.0,31727.7,Paid
7439,442,92,Rep_19,09-06-2024,09-06-2024,09-07-2024,09-07-2024,5,10.0,19535.22,Paid
7440,459,25,Rep_17,30-03-2024,30-03-2024,29-04-2024,,10,5.0,4301.5,Pending
7441,887,100,Rep_17,21-10-2025,21-10-2025,20-11-2025,21-11-2025,9,0.0,30137.49,Paid
7442,785,83,Rep_4,14-04-2025,14-04-2025,14-05-2025,15-05-2025,3,0.0,6712.38,Paid
7443,325,47,Rep_3,13-03-2025,15-03-2025,14-04-2025,,8,5.0,20456.31,Pending
7444,142,57,Rep_24,24-04-2025,26-04-2025,26-05-2025,20-08-2025,8,15.0,4964.0,Late
7445,501,31,Rep_5,04-06-2024,05-06-2024,05-07-2024,08-07-2024,8,0.0,37199.92,Paid
7446,98,77,Rep_17,20-05-2024,21-05-2024,20-06-2024,30-06-2024,6,20.0,4447.49,Paid
7447,338,99,Rep_12,07-03-2024,08-03-2024,07-04-2024,17-06-2024,3,10.0,4786.64,Late
7448,816,19,Rep_10,19-01-2025,20-01-2025,19-02-2025,,7,20.0,52515.74,Pending
7449,776,17,Rep_16,14-06-2024,16-06-2024,16-07-2024,16-07-2024,2,5.0,14691.64,Paid
7450,129,4,Rep_10,04-11-2024,05-11-2024,05-12-2024,03-12-2024,1,0.0,2936.04,Paid
7451,403,24,Rep_5,22-06-2024,23-06-2024,23-07-2024,,10,5.0,34411.18,Pending
7452,283,99,Rep_18,05-09-2024,05-09-2024,05-10-2024,10-10-2024,3,0.0,5318.49,Paid
7453,270,37,Rep_12,02-09-2024,03-09-2024,03-10-2024,,3,20.0,16251.62,BadDebt
7454,315,72,Rep_20,22-10-2024,24-10-2024,23-11-2024,03-12-2024,8,10.0,38900.95,Paid
7455,445,99,Rep_30,08-10-2025,10-10-2025,09-11-2025,,10,10.0,15955.47,Pending
7456,519,98,Rep_21,27-11-2025,28-11-2025,28-12-2025,01-01-2026,3,5.0,3380.1,Paid
7457,578,28,Rep_28,20-04-2024,22-04-2024,22-05-2024,24-05-2024,5,15.0,17104.68,Paid
7458,904,90,Rep_1,27-01-2025,29-01-2025,28-02-2025,03-03-2025,7,15.0,33635.89,Paid
7459,663,19,Rep_25,13-10-2024,15-10-2024,14-11-2024,15-11-2024,1,20.0,7502.25,Paid
7460,751,29,Rep_10,26-10-2024,28-10-2024,27-11-2024,30-11-2024,8,20.0,33743.74,Paid
7461,571,37,Rep_30,05-12-2025,06-12-2025,05-01-2026,08-01-2026,5,20.0,27086.04,Paid
7462,483,45,Rep_4,05-10-2024,07-10-2024,06-11-2024,09-11-2024,9,15.0,30850.54,Paid
7463,13,23,Rep_18,24-05-2024,24-05-2024,23-06-2024,14-08-2024,2,20.0,4672.43,Late
7464,961,49,Rep_23,11-06-2025,11-06-2025,11-07-2025,20-07-2025,6,10.0,40951.55,Paid
7465,116,40,Rep_15,01-09-2025,01-09-2025,01-10-2025,29-11-2025,7,20.0,30865.3,Late
7466,774,4,Rep_1,02-03-2024,03-03-2024,02-04-2024,14-06-2024,7,20.0,16441.82,Late
7467,159,49,Rep_20,24-05-2025,26-05-2025,25-06-2025,25-06-2025,5,20.0,30334.48,Paid
7468,244,40,Rep_6,14-05-2024,15-05-2024,14-06-2024,21-06-2024,8,20.0,35274.62,Paid
7469,809,9,Rep_5,14-01-2025,15-01-2025,14-02-2025,18-02-2025,3,10.0,560.57,Paid
7470,324,93,Rep_10,07-12-2025,09-12-2025,08-01-2026,10-01-2026,4,0.0,7245.88,Paid
7471,425,30,Rep_21,21-05-2025,22-05-2025,21-06-2025,29-06-2025,8,5.0,15098.69,Paid
7472,372,66,Rep_20,15-12-2024,16-12-2024,15-01-2025,13-01-2025,6,0.0,66389.7,Paid
7473,590,61,Rep_25,04-01-2025,06-01-2025,05-02-2025,12-02-2025,3,20.0,1789.61,Paid
7474,667,86,Rep_12,19-04-2024,21-04-2024,21-05-2024,24-05-2024,5,20.0,19530.76,Paid
7475,595,11,Rep_29,20-12-2025,22-12-2025,21-01-2026,22-01-2026,6,20.0,9684.62,Paid
7476,455,50,Rep_5,11-07-2025,11-07-2025,10-08-2025,08-08-2025,6,10.0,8781.91,Paid
7477,283,17,Rep_5,24-12-2025,24-12-2025,23-01-2026,01-02-2026,4,20.0,24743.81,Paid
7478,269,32,Rep_1,31-12-2025,02-01-2026,01-02-2026,10-02-2026,5,20.0,11132.12,Paid
7479,967,90,Rep_23,05-11-2024,05-11-2024,05-12-2024,19-01-2025,6,10.0,30526.69,Late
7480,381,64,Rep_21,26-12-2025,26-12-2025,25-01-2026,,7,5.0,27223.1,Pending
7481,4,15,Rep_17,27-10-2025,27-10-2025,26-11-2025,,5,0.0,30882.1,Pending
7482,519,53,Rep_11,05-12-2025,05-12-2025,04-01-2026,12-01-2026,7,0.0,30922.36,Paid
7483,172,88,Rep_3,01-02-2024,01-02-2024,02-03-2024,08-03-2024,9,10.0,50578.02,Paid
7484,529,100,Rep_5,12-12-2025,12-12-2025,11-01-2026,11-01-2026,7,0.0,23440.27,Paid
7485,595,63,Rep_29,19-02-2025,19-02-2025,21-03-2025,21-03-2025,8,0.0,13362.64,Paid
7486,15,15,Rep_9,12-01-2024,12-01-2024,11-02-2024,13-02-2024,10,10.0,55587.78,Paid
7487,9,96,Rep_11,04-08-2024,05-08-2024,04-09-2024,03-09-2024,9,20.0,57435.98,Paid
7488,974,37,Rep_25,31-07-2025,01-08-2025,31-08-2025,08-09-2025,10,15.0,57557.84,Paid
7489,594,81,Rep_13,13-03-2024,13-03-2024,12-04-2024,22-04-2024,2,15.0,2153.95,Paid
7490,222,24,Rep_15,21-03-2025,22-03-2025,21-04-2025,30-04-2025,2,20.0,5795.57,Paid
7491,657,100,Rep_17,15-04-2025,16-04-2025,16-05-2025,16-05-2025,5,10.0,15068.74,Paid
7492,89,51,Rep_11,16-03-2025,16-03-2025,15-04-2025,,7,5.0,64637.67,Pending
7493,523,98,Rep_18,27-10-2024,28-10-2024,27-11-2024,25-11-2024,6,10.0,6404.4,Paid
7494,205,16,Rep_26,28-09-2024,28-09-2024,28-10-2024,06-11-2024,5,15.0,5648.72,Paid
7495,887,25,Rep_16,10-06-2024,11-06-2024,11-07-2024,14-07-2024,6,10.0,2445.07,Paid
7496,931,12,Rep_24,26-06-2024,27-06-2024,27-07-2024,25-07-2024,6,20.0,49105.1,Paid
7497,861,2,Rep_15,22-10-2025,23-10-2025,22-11-2025,26-11-2025,7,0.0,59076.29,Paid
7498,199,40,Rep_1,02-10-2025,04-10-2025,03-11-2025,09-11-2025,6,5.0,31416.46,Paid
7499,702,13,Rep_12,02-06-2024,02-06-2024,02-07-2024,11-07-2024,3,15.0,17139.47,Paid
7500,832,52,Rep_18,25-11-2024,27-11-2024,27-12-2024,05-01-2025,2,15.0,12439.27,Paid
7501,12,22,Rep_26,27-05-2025,27-05-2025,26-06-2025,,6,20.0,4043.28,Pending
7502,387,40,Rep_6,05-05-2024,06-05-2024,05-06-2024,15-06-2024,1,5.0,5236.08,Paid
7503,642,98,Rep_15,27-09-2025,27-09-2025,27-10-2025,29-12-2025,4,10.0,4269.6,Late
7504,137,45,Rep_19,23-11-2025,23-11-2025,23-12-2025,02-01-2026,1,20.0,3226.2,Paid
7505,649,56,Rep_27,05-12-2025,05-12-2025,04-01-2026,,5,5.0,11944.21,Pending
7506,250,48,Rep_25,14-07-2024,16-07-2024,15-08-2024,02-10-2024,2,0.0,10107.92,Late
7507,479,35,Rep_3,27-06-2024,29-06-2024,29-07-2024,08-08-2024,2,15.0,10188.86,Paid
7508,203,15,Rep_29,26-04-2024,27-04-2024,27-05-2024,31-05-2024,10,10.0,55587.78,Paid
7509,78,95,Rep_8,14-04-2025,16-04-2025,16-05-2025,22-05-2025,9,10.0,8066.3,Paid
7510,768,91,Rep_23,19-03-2025,19-03-2025,18-04-2025,17-04-2025,7,10.0,55257.8,Paid
7511,238,74,Rep_20,10-08-2024,10-08-2024,09-09-2024,02-11-2024,8,10.0,63055.66,Late
7512,570,55,Rep_9,22-01-2024,24-01-2024,23-02-2024,24-02-2024,8,15.0,38904.57,Paid
7513,802,29,Rep_4,26-03-2024,27-03-2024,26-04-2024,26-04-2024,8,15.0,35852.73,Paid
7514,645,94,Rep_17,29-11-2025,30-11-2025,30-12-2025,05-01-2026,8,5.0,21103.68,Paid
7515,786,50,Rep_12,14-12-2024,14-12-2024,13-01-2025,21-01-2025,4,0.0,6505.12,Paid
7516,526,96,Rep_18,24-08-2024,25-08-2024,24-09-2024,27-09-2024,4,20.0,25527.1,Paid
7517,985,19,Rep_12,08-08-2024,10-08-2024,09-09-2024,07-09-2024,3,0.0,28133.43,Paid
7518,219,76,Rep_12,04-10-2025,04-10-2025,03-11-2025,,6,20.0,48188.83,Pending
7519,558,94,Rep_4,09-12-2024,09-12-2024,08-01-2025,18-01-2025,10,15.0,23602.8,Paid
7520,572,75,Rep_30,24-04-2024,26-04-2024,26-05-2024,31-05-2024,1,20.0,6048.38,Paid
7521,541,71,Rep_1,07-10-2025,09-10-2025,08-11-2025,17-11-2025,4,5.0,1776.01,Paid
7522,30,25,Rep_1,20-08-2024,21-08-2024,20-09-2024,24-09-2024,2,5.0,860.3,Paid
7523,811,93,Rep_26,29-05-2025,29-05-2025,28-06-2025,,10,5.0,17208.96,Pending
7524,621,49,Rep_25,13-09-2025,13-09-2025,13-10-2025,12-10-2025,1,5.0,7204.44,Paid
7525,596,94,,14-10-2025,16-10-2025,15-11-2025,17-01-2026,1,10.0,2499.12,Late
7526,589,11,Rep_16,11-09-2025,12-09-2025,12-10-2025,13-10-2025,6,20.0,9684.62,Paid
7527,972,86,Rep_2,25-02-2024,26-02-2024,27-03-2024,,10,20.0,39061.52,Pending
7528,788,6,Rep_29,19-04-2024,20-04-2024,20-05-2024,,5,5.0,46462.03,Pending
7529,899,55,Rep_11,13-05-2025,13-05-2025,12-06-2025,07-09-2025,2,5.0,10870.39,Late
7530,330,26,Rep_7,28-12-2024,30-12-2024,29-01-2025,,3,5.0,24558.85,Pending
7531,491,45,Rep_27,16-01-2025,18-01-2025,17-02-2025,16-02-2025,3,20.0,9678.6,Paid
7532,313,73,Rep_10,24-03-2024,25-03-2024,24-04-2024,15-06-2024,10,15.0,30744.84,Late
7533,331,84,Rep_3,29-06-2025,30-06-2025,30-07-2025,04-08-2025,4,20.0,2997.86,Paid
7534,122,23,Rep_3,25-04-2025,27-04-2025,27-05-2025,27-05-2025,7,5.0,19419.8,Paid
7535,855,3,Rep_4,04-04-2025,04-04-2025,04-05-2025,11-05-2025,3,5.0,23614.47,Paid
7536,115,11,Rep_11,12-10-2024,13-10-2024,12-11-2024,,6,5.0,11500.49,Pending
7537,59,43,Rep_28,29-12-2024,30-12-2024,29-01-2025,23-04-2025,2,10.0,374.54,Late
7538,785,57,Rep_25,29-12-2025,30-12-2025,29-01-2026,05-02-2026,10,0.0,7300.0,Paid
7539,9,36,Rep_11,24-05-2024,26-05-2024,25-06-2024,25-06-2024,5,5.0,4245.5,Paid
7540,40,66,Rep_10,28-10-2024,28-10-2024,27-11-2024,04-02-2025,8,20.0,70815.68,Late
7541,256,93,Rep_6,22-08-2024,24-08-2024,23-09-2024,22-09-2024,4,5.0,6883.59,Paid
7542,178,81,Rep_14,21-04-2025,22-04-2025,22-05-2025,31-05-2025,5,0.0,6335.15,Paid
7543,792,17,Rep_22,11-09-2025,12-09-2025,12-10-2025,22-10-2025,3,20.0,18557.86,Paid
7544,781,54,Rep_29,25-08-2025,25-08-2025,24-09-2025,,5,20.0,26672.64,Pending
7545,259,71,Rep_19,07-04-2025,09-04-2025,09-05-2025,11-07-2025,3,0.0,1402.11,Late
7546,746,91,Rep_22,02-06-2024,02-06-2024,02-07-2024,07-07-2024,1,10.0,7893.97,Paid
7547,907,86,Rep_7,18-04-2025,18-04-2025,18-05-2025,,4,0.0,19530.76,Pending
7548,499,36,Rep_26,01-06-2025,01-06-2025,01-07-2025,,7,15.0,5318.05,BadDebt
7549,150,16,Rep_10,08-07-2025,08-07-2025,07-08-2025,10-08-2025,10,15.0,11297.43,Paid
7550,325,25,Rep_9,22-10-2025,22-10-2025,21-11-2025,27-11-2025,5,0.0,2263.95,Paid
7551,749,44,Rep_12,20-01-2025,20-01-2025,19-02-2025,29-04-2025,2,10.0,8830.26,Late
7552,108,48,Rep_5,10-04-2025,12-04-2025,12-05-2025,20-05-2025,5,5.0,24006.31,Paid
7553,174,8,Rep_28,27-09-2025,28-09-2025,28-10-2025,01-11-2025,3,5.0,23478.64,Paid
7554,284,93,Rep_16,02-07-2024,02-07-2024,01-08-2024,09-08-2024,3,20.0,4347.53,Paid
7555,676,64,Rep_26,11-08-2024,11-08-2024,10-09-2024,16-09-2024,10,15.0,34796.45,Paid
7556,249,100,Rep_8,04-09-2025,05-09-2025,05-10-2025,11-10-2025,6,20.0,16073.33,Paid
7557,245,20,Rep_20,11-06-2025,11-06-2025,11-07-2025,04-10-2025,2,20.0,3264.02,Late
7558,76,57,Rep_27,09-04-2025,11-04-2025,11-05-2025,10-05-2025,8,0.0,5840.0,Paid
7559,269,73,Rep_1,23-11-2024,23-11-2024,23-12-2024,31-12-2024,7,5.0,24053.32,Paid
7560,427,72,Rep_28,15-06-2024,16-06-2024,16-07-2024,18-07-2024,1,15.0,4592.47,Paid
7561,448,33,Rep_10,27-02-2025,28-02-2025,30-03-2025,20-06-2025,2,10.0,2658.01,Late
7562,340,49,Rep_17,06-02-2025,07-02-2025,09-03-2025,,7,10.0,47776.81,Pending
7563,579,75,Rep_14,25-04-2025,27-04-2025,27-05-2025,25-05-2025,8,0.0,60483.76,Paid
7564,737,99,Rep_16,11-12-2025,12-12-2025,11-01-2026,11-01-2026,7,0.0,12409.81,Paid
7565,902,3,Rep_3,04-12-2024,04-12-2024,03-01-2025,05-01-2025,1,20.0,6628.62,Paid
7566,846,58,Rep_23,15-01-2024,16-01-2024,15-02-2024,16-02-2024,6,10.0,14524.6,Paid
7567,886,21,Rep_26,30-12-2025,30-12-2025,29-01-2026,17-03-2026,1,20.0,3737.18,Late
7568,411,63,Rep_10,17-07-2024,19-07-2024,18-08-2024,25-08-2024,10,15.0,14197.8,Paid
7569,530,25,Rep_7,23-11-2024,24-11-2024,24-12-2024,,4,5.0,1720.6,Pending
7570,818,75,Rep_14,13-08-2024,13-08-2024,12-09-2024,22-09-2024,8,10.0,54435.38,Paid
7571,558,61,Rep_26,22-12-2024,24-12-2024,23-01-2025,25-01-2025,4,15.0,2535.28,Paid
7572,504,94,Rep_20,11-12-2024,11-12-2024,10-01-2025,10-01-2025,2,15.0,4720.56,Paid
7573,902,16,Rep_13,01-03-2025,03-03-2025,02-04-2025,09-04-2025,6,20.0,6379.73,Paid
7574,958,100,Rep_7,13-11-2024,15-11-2024,15-12-2024,23-12-2024,6,20.0,16073.33,Paid
7575,374,100,Rep_21,20-10-2025,22-10-2025,21-11-2025,08-01-2026,10,20.0,26788.88,Late
7576,123,98,Rep_27,08-03-2024,10-03-2024,09-04-2024,07-04-2024,2,0.0,2372.0,Paid
7577,385,74,Rep_7,30-11-2025,30-11-2025,30-12-2025,06-01-2026,5,15.0,37220.35,Paid
7578,891,49,Rep_17,09-12-2025,10-12-2025,09-01-2026,16-01-2026,6,20.0,36401.38,Paid
7579,484,92,Rep_21,05-01-2024,05-01-2024,04-02-2024,09-02-2024,4,0.0,17364.64,Paid
7580,287,80,Rep_10,22-05-2025,22-05-2025,21-06-2025,20-06-2025,5,20.0,15009.0,Paid
7581,972,20,Rep_8,29-06-2025,30-06-2025,30-07-2025,08-08-2025,2,15.0,3468.02,Paid
7582,598,67,Rep_12,03-01-2025,03-01-2025,02-02-2025,01-05-2025,8,20.0,22561.92,Late
7583,431,14,Rep_26,08-07-2024,10-07-2024,09-08-2024,09-08-2024,5,0.0,15006.6,Paid
7584,750,97,Rep_27,15-05-2024,16-05-2024,15-06-2024,17-06-2024,1,15.0,6495.16,Paid
7585,539,58,Rep_16,04-02-2024,05-02-2024,06-03-2024,,10,0.0,26897.4,BadDebt
7586,975,3,Rep_29,03-06-2024,04-06-2024,04-07-2024,07-07-2024,9,15.0,63386.22,Paid
7587,760,2,Rep_20,01-01-2025,01-01-2025,31-01-2025,29-01-2025,10,10.0,75955.23,Paid
7588,2,63,Rep_7,11-12-2024,12-12-2024,11-01-2025,01-04-2025,6,10.0,9019.78,Late
7589,9,54,Rep_14,17-12-2025,19-12-2025,18-01-2026,28-01-2026,5,15.0,28339.68,Paid
7590,678,29,Rep_13,10-06-2024,10-06-2024,10-07-2024,,3,20.0,12653.9,Pending
7591,821,58,Rep_23,03-10-2025,03-10-2025,02-11-2025,,9,10.0,21786.89,Pending
7592,524,18,Rep_6,18-03-2025,19-03-2025,18-04-2025,26-04-2025,1,20.0,1750.45,Paid
7593,315,62,Rep_23,22-05-2024,23-05-2024,22-06-2024,23-06-2024,1,5.0,6737.67,Paid
7594,852,1,Rep_10,24-08-2025,26-08-2025,25-09-2025,12-11-2025,4,0.0,21686.88,Late
7595,767,56,Rep_4,24-02-2025,25-02-2025,27-03-2025,28-05-2025,1,10.0,2263.11,Late
7596,594,74,Rep_2,12-02-2025,12-02-2025,14-03-2025,23-03-2025,1,15.0,7444.07,Paid
7597,229,3,Rep_16,29-05-2025,29-05-2025,28-06-2025,,9,15.0,63386.22,Pending
7598,742,35,Rep_3,14-11-2024,14-11-2024,14-12-2024,19-02-2025,6,5.0,34162.66,Late
7599,477,16,Rep_8,03-05-2024,05-05-2024,04-06-2024,04-06-2024,2,5.0,2525.31,Paid
7600,72,27,Rep_20,08-05-2024,10-05-2024,09-06-2024,13-08-2024,1,0.0,1513.28,Late
7601,901,39,Rep_7,05-01-2024,07-01-2024,06-02-2024,11-02-2024,5,20.0,29127.64,Paid
7602,455,4,Rep_10,11-01-2025,12-01-2025,11-02-2025,,4,15.0,9982.54,Pending
7603,180,24,Rep_27,01-02-2025,03-02-2025,05-03-2025,15-03-2025,3,0.0,10866.69,Paid
7604,657,51,Rep_19,22-03-2024,24-03-2024,23-04-2024,23-04-2024,9,20.0,69983.64,Paid
7605,783,38,Rep_30,16-07-2024,17-07-2024,16-08-2024,16-08-2024,2,0.0,7714.72,Paid
7606,569,89,Rep_22,17-12-2024,17-12-2024,16-01-2025,08-03-2025,4,0.0,7532.52,Late
7607,513,91,Rep_25,18-02-2025,20-02-2025,22-03-2025,22-03-2025,1,10.0,7893.97,Paid
7608,847,18,Rep_30,04-12-2024,04-12-2024,03-01-2025,,10,20.0,17504.48,Pending
7609,262,90,Rep_3,22-10-2025,24-10-2025,23-11-2025,01-12-2025,7,20.0,31657.3,Paid
7610,975,72,Rep_14,14-05-2025,14-05-2025,13-06-2025,12-06-2025,2,10.0,9725.24,Paid
7611,322,26,Rep_27,16-09-2025,16-09-2025,16-10-2025,20-12-2025,2,0.0,17234.28,Late
7612,673,67,Rep_26,06-11-2025,08-11-2025,08-12-2025,14-12-2025,9,20.0,25382.16,Paid
7613,241,3,Rep_5,14-08-2025,16-08-2025,15-09-2025,,10,5.0,78714.91,Pending
7614,980,1,Rep_27,21-05-2024,21-05-2024,20-06-2024,,6,5.0,30903.8,Pending
7615,898,16,Rep_6,13-04-2025,15-04-2025,15-05-2025,21-06-2025,10,5.0,12626.54,Late
7616,93,57,Rep_15,08-04-2025,10-04-2025,10-05-2025,13-05-2025,1,15.0,620.5,Paid
7617,231,17,Rep_27,25-01-2024,25-01-2024,24-02-2024,29-02-2024,2,10.0,13918.39,Paid
7618,854,68,Rep_4,27-09-2024,28-09-2024,28-10-2024,05-11-2024,7,15.0,57020.87,Paid
7619,124,90,Rep_24,01-08-2024,03-08-2024,02-09-2024,09-09-2024,3,20.0,13567.42,Paid
7620,307,96,Rep_25,19-05-2025,21-05-2025,20-06-2025,30-06-2025,1,0.0,7977.22,Paid
7621,118,47,Rep_22,19-01-2025,21-01-2025,20-02-2025,24-02-2025,9,10.0,21802.12,Paid
7622,65,5,Rep_9,15-08-2025,17-08-2025,16-09-2025,,10,20.0,8192.32,Pending
7623,191,80,Rep_21,18-02-2024,19-02-2024,20-03-2024,23-03-2024,8,5.0,28517.1,Paid
7624,61,46,Rep_30,01-03-2025,01-03-2025,31-03-2025,09-04-2025,10,15.0,7088.4,Paid
7625,25,75,Rep_27,06-04-2024,07-04-2024,07-05-2024,15-05-2024,9,20.0,54435.38,Paid
7626,217,12,Rep_1,01-12-2025,02-12-2025,01-01-2026,08-01-2026,7,0.0,71611.61,Paid
7627,507,60,Rep_30,24-06-2024,25-06-2024,25-07-2024,02-10-2024,3,20.0,11134.66,Late
7628,239,98,Rep_12,22-12-2025,24-12-2025,23-01-2026,01-02-2026,9,5.0,10140.3,Paid
7629,733,66,Rep_7,04-03-2024,04-03-2024,03-04-2024,02-06-2024,7,20.0,61963.72,Late
7630,489,20,Rep_15,20-12-2024,20-12-2024,19-01-2025,25-03-2025,10,15.0,17340.08,Late
7631,714,71,Rep_8,26-11-2024,28-11-2024,28-12-2024,27-12-2024,9,20.0,3365.06,Paid
7632,872,36,Rep_10,20-12-2024,20-12-2024,19-01-2025,19-01-2025,4,20.0,2860.13,Paid
7633,128,10,Rep_24,22-03-2024,22-03-2024,21-04-2024,,6,10.0,27482.65,BadDebt
7634,190,22,Rep_6,09-09-2024,10-09-2024,10-10-2024,10-10-2024,5,5.0,4001.16,Paid
7635,752,69,Rep_23,09-09-2025,11-09-2025,11-10-2025,14-10-2025,2,20.0,13418.08,Paid
7636,709,97,Rep_24,21-02-2025,21-02-2025,23-03-2025,27-03-2025,7,0.0,53489.52,Paid
7637,828,34,Rep_16,06-03-2024,07-03-2024,06-04-2024,,7,10.0,25114.82,Pending
7638,1000,77,Rep_17,28-09-2024,30-09-2024,30-10-2024,28-10-2024,1,5.0,880.23,Paid
7639,386,25,Rep_3,10-05-2025,10-05-2025,09-06-2025,13-06-2025,10,20.0,3622.32,Paid
7640,155,91,Rep_16,21-03-2025,22-03-2025,21-04-2025,20-04-2025,8,5.0,66660.21,Paid
7641,99,28,Rep_30,25-01-2024,25-01-2024,24-02-2024,29-02-2024,2,10.0,7244.33,Paid
7642,443,75,Rep_27,10-02-2024,10-02-2024,11-03-2024,19-03-2024,4,15.0,25705.6,Paid
7643,787,39,Rep_4,13-06-2024,13-06-2024,13-07-2024,17-07-2024,1,0.0,7281.91,Paid
7644,699,39,Rep_18,20-03-2024,21-03-2024,20-04-2024,22-04-2024,8,20.0,46604.22,Paid
7645,559,77,Rep_22,03-09-2024,03-09-2024,03-10-2024,02-10-2024,8,10.0,6671.23,Paid
7646,739,34,Rep_10,25-04-2024,26-04-2024,26-05-2024,24-05-2024,4,0.0,15945.92,Paid
7647,995,96,Rep_8,19-06-2025,19-06-2025,19-07-2025,24-08-2025,8,10.0,57435.98,Late
7648,803,55,Rep_17,01-10-2025,02-10-2025,01-11-2025,07-11-2025,4,10.0,20596.54,Paid
7649,898,38,Rep_1,19-04-2025,19-04-2025,19-05-2025,20-05-2025,7,10.0,24301.37,Paid
7650,602,97,Rep_25,30-06-2024,30-06-2024,30-07-2024,06-08-2024,3,10.0,20631.67,Paid
7651,888,30,Rep_27,21-12-2025,23-12-2025,22-01-2026,23-02-2026,7,20.0,11125.35,Late
7652,609,18,Rep_16,21-06-2025,22-06-2025,22-07-2025,24-07-2025,2,5.0,4157.31,Paid
7653,882,51,Rep_28,21-04-2025,21-04-2025,21-05-2025,24-05-2025,3,10.0,26243.86,Paid
7654,870,5,Rep_20,16-01-2024,18-01-2024,17-02-2024,27-02-2024,9,0.0,9216.36,Paid
7655,82,13,Rep_2,22-04-2024,22-04-2024,22-05-2024,17-08-2024,3,15.0,17139.47,Late
7656,985,65,Rep_23,23-05-2024,24-05-2024,23-06-2024,03-07-2024,6,20.0,15252.34,Paid
7657,598,69,Rep_11,20-08-2025,20-08-2025,19-09-2025,25-09-2025,6,20.0,40254.24,Paid
7658,930,2,Rep_27,11-07-2024,13-07-2024,12-08-2024,22-08-2024,4,0.0,33757.88,Paid
7659,355,77,Rep_23,24-08-2025,26-08-2025,25-09-2025,03-10-2025,6,0.0,5559.36,Paid
7660,738,45,Rep_23,26-07-2024,27-07-2024,26-08-2024,02-09-2024,9,10.0,32665.28,Paid
7661,689,34,Rep_2,02-04-2024,02-04-2024,02-05-2024,02-05-2024,1,15.0,3388.51,Paid
7662,766,81,Rep_16,20-12-2024,21-12-2024,20-01-2025,27-01-2025,2,20.0,2027.25,Paid
7663,642,64,Rep_26,25-01-2025,27-01-2025,26-02-2025,05-03-2025,4,5.0,15556.06,Paid
7664,34,86,Rep_23,26-05-2025,27-05-2025,26-06-2025,27-06-2025,3,20.0,11718.46,Paid
7665,588,98,Rep_7,28-07-2025,30-07-2025,29-08-2025,05-09-2025,5,10.0,5337.0,Paid
7666,142,10,Rep_6,09-11-2025,09-11-2025,09-12-2025,19-12-2025,2,10.0,9160.88,Paid
7667,603,56,Rep_20,08-09-2024,10-09-2024,10-10-2024,20-10-2024,7,20.0,14081.59,Paid
7668,465,41,Rep_12,11-01-2025,13-01-2025,12-02-2025,11-02-2025,4,5.0,13524.47,Paid
7669,71,84,Rep_26,21-08-2024,21-08-2024,20-09-2024,18-09-2024,6,20.0,4496.78,Paid
7670,262,29,Rep_11,02-11-2024,04-11-2024,04-12-2024,12-01-2025,5,20.0,21089.84,Late
7671,127,25,Rep_27,04-01-2025,05-01-2025,04-02-2025,31-03-2025,4,20.0,1448.93,Late
7672,345,56,Rep_10,17-11-2024,19-11-2024,19-12-2024,26-12-2024,2,0.0,5029.14,Paid
7673,731,74,Rep_10,06-01-2024,07-01-2024,06-02-2024,12-03-2024,3,15.0,22332.21,Late
7674,629,100,Rep_3,20-05-2025,21-05-2025,20-06-2025,26-06-2025,9,15.0,25616.87,Paid
7675,358,39,Rep_12,23-09-2025,25-09-2025,25-10-2025,,6,15.0,37137.74,BadDebt
7676,995,58,Rep_15,13-11-2025,14-11-2025,14-12-2025,15-12-2025,3,0.0,8069.22,Paid
7677,210,91,Rep_2,30-03-2025,30-03-2025,29-04-2025,03-05-2025,9,5.0,74992.73,Paid
7678,323,9,Rep_22,07-02-2025,08-02-2025,10-03-2025,17-03-2025,2,10.0,373.72,Paid
7679,739,19,Rep_6,26-03-2025,26-03-2025,25-04-2025,05-05-2025,6,0.0,56266.86,Paid
7680,138,12,Rep_15,23-09-2025,25-09-2025,25-10-2025,01-11-2025,9,5.0,87468.47,Paid
7681,263,17,Rep_4,07-06-2025,07-06-2025,07-07-2025,09-07-2025,5,5.0,36729.09,Paid
7682,149,94,Rep_16,01-09-2024,01-09-2024,01-10-2024,04-10-2024,4,0.0,11107.2,Paid
7683,231,19,Rep_11,18-10-2024,20-10-2024,19-11-2024,21-11-2024,5,10.0,42200.14,Paid
7684,679,58,Rep_30,15-10-2024,17-10-2024,16-11-2024,21-11-2024,1,10.0,2420.77,Paid
7685,47,46,Rep_8,24-04-2025,26-04-2025,26-05-2025,29-05-2025,3,20.0,2001.43,Paid
7686,586,90,Rep_12,06-08-2025,08-08-2025,07-09-2025,27-11-2025,4,5.0,21481.74,Late
7687,682,22,Rep_14,14-06-2025,14-06-2025,14-07-2025,27-08-2025,4,5.0,3200.93,Late
7688,970,97,Rep_2,19-01-2025,19-01-2025,18-02-2025,20-02-2025,6,15.0,38970.94,Paid
7689,452,17,Rep_27,28-10-2025,28-10-2025,27-11-2025,,4,20.0,24743.81,Pending
7690,56,24,Rep_23,20-06-2024,21-06-2024,21-07-2024,28-07-2024,4,0.0,14488.92,Paid
7691,681,21,Rep_3,23-09-2025,25-09-2025,25-10-2025,,6,5.0,26627.44,Pending
7692,742,60,Rep_15,19-10-2025,19-10-2025,18-11-2025,16-11-2025,4,20.0,14846.21,Paid
7693,996,54,Rep_19,04-01-2024,04-01-2024,03-02-2024,07-02-2024,1,15.0,5667.94,Paid
7694,620,4,Rep_25,27-01-2025,28-01-2025,27-02-2025,25-02-2025,3,5.0,8367.71,Paid
7695,901,68,Rep_6,11-04-2024,11-04-2024,11-05-2024,14-05-2024,3,0.0,28750.02,Paid
7696,591,53,Rep_10,31-12-2024,31-12-2024,30-01-2025,,2,0.0,8834.96,BadDebt
7697,487,11,Rep_23,17-07-2024,17-07-2024,16-08-2024,22-08-2024,2,5.0,3833.5,Paid
7698,555,52,Rep_4,22-02-2024,23-02-2024,24-03-2024,25-03-2024,7,0.0,51220.54,Paid
7699,532,35,Rep_1,10-06-2025,11-06-2025,11-07-2025,15-07-2025,8,15.0,40755.46,Paid
7700,881,6,Rep_6,27-11-2025,29-11-2025,29-12-2025,30-12-2025,3,0.0,29344.44,Paid
7701,494,28,Rep_23,29-03-2024,30-03-2024,29-04-2024,03-05-2024,3,20.0,9659.11,Paid
7702,416,79,Rep_1,11-03-2024,12-03-2024,11-04-2024,11-04-2024,1,20.0,1294.29,Paid
7703,969,55,Rep_8,18-03-2025,19-03-2025,18-04-2025,22-06-2025,1,20.0,4577.01,Late
7704,467,77,Rep_29,17-09-2025,18-09-2025,18-10-2025,16-01-2026,10,5.0,8802.32,Late
7705,632,93,Rep_11,13-07-2024,14-07-2024,13-08-2024,15-08-2024,9,10.0,14672.91,Paid
7706,483,90,Rep_26,21-08-2024,23-08-2024,22-09-2024,27-09-2024,5,10.0,25438.91,Paid
7707,890,20,Rep_19,13-07-2024,14-07-2024,13-08-2024,31-10-2024,5,5.0,9690.05,Late
7708,949,14,Rep_4,22-03-2024,24-03-2024,23-04-2024,09-07-2024,9,15.0,22960.1,Late
7709,244,63,Rep_16,07-01-2025,09-01-2025,08-02-2025,14-02-2025,9,15.0,12778.02,Paid
7710,477,85,Rep_22,20-06-2024,20-06-2024,20-07-2024,20-07-2024,9,0.0,21216.24,Paid
7711,374,87,Rep_8,22-10-2024,24-10-2024,23-11-2024,,1,0.0,1650.03,Pending
7712,922,2,Rep_10,12-04-2024,12-04-2024,12-05-2024,22-05-2024,10,5.0,80174.96,Paid
7713,214,26,Rep_21,01-03-2024,01-03-2024,31-03-2024,01-04-2024,10,20.0,68937.12,Paid
7714,814,63,Rep_8,08-11-2024,08-11-2024,08-12-2024,,4,20.0,5345.06,Pending
7715,214,78,Rep_25,21-11-2025,21-11-2025,21-12-2025,30-12-2025,9,10.0,54263.92,Paid
7716,335,50,Rep_10,28-07-2024,30-07-2024,29-08-2024,28-08-2024,4,0.0,6505.12,Paid
7717,143,94,Rep_10,13-02-2024,15-02-2024,16-03-2024,,4,5.0,10551.84,BadDebt
7718,556,74,Rep_12,11-08-2025,12-08-2025,11-09-2025,18-10-2025,9,5.0,74878.59,Late
7719,988,50,Rep_10,13-12-2024,13-12-2024,12-01-2025,02-03-2025,9,10.0,13172.87,Late
7720,786,97,Rep_12,03-01-2025,04-01-2025,03-02-2025,10-02-2025,1,5.0,7259.29,Paid
7721,252,16,Rep_10,14-10-2025,15-10-2025,14-11-2025,15-11-2025,5,15.0,5648.72,Paid
7722,159,61,Rep_28,27-07-2024,27-07-2024,26-08-2024,02-09-2024,10,20.0,5965.36,Paid
7723,62,83,Rep_7,09-03-2025,09-03-2025,08-04-2025,18-05-2025,2,15.0,3803.68,Late
7724,432,98,Rep_15,24-12-2024,24-12-2024,23-01-2025,,9,10.0,9606.6,Pending
7725,257,14,Rep_20,27-10-2025,28-10-2025,27-11-2025,25-11-2025,10,15.0,25511.22,Paid
7726,957,62,Rep_8,04-12-2025,04-12-2025,03-01-2026,05-01-2026,3,0.0,21276.84,Paid
7727,324,88,Rep_5,15-03-2024,17-03-2024,16-04-2024,26-04-2024,8,15.0,42460.56,Paid
7728,46,90,Rep_3,26-07-2025,26-07-2025,25-08-2025,02-09-2025,9,20.0,40702.25,Paid
7729,404,62,Rep_22,23-09-2024,25-09-2024,25-10-2024,30-10-2024,6,5.0,40426.0,Paid
7730,479,79,Rep_11,06-05-2025,06-05-2025,05-06-2025,09-06-2025,10,20.0,12942.88,Paid
7731,62,32,Rep_26,03-06-2024,05-06-2024,05-07-2024,09-07-2024,3,10.0,7514.18,Paid
7732,421,52,Rep_23,27-07-2025,29-07-2025,28-08-2025,,3,20.0,17561.33,Pending
7733,376,41,Rep_19,06-10-2024,07-10-2024,06-11-2024,,2,15.0,6050.42,Pending
7734,222,74,Rep_10,12-11-2025,14-11-2025,14-12-2025,17-12-2025,8,0.0,70061.84,Paid
7735,142,91,Rep_17,13-09-2025,14-09-2025,14-10-2025,,8,5.0,66660.21,BadDebt
7736,283,83,Rep_25,28-10-2024,28-10-2024,27-11-2024,15-02-2025,5,10.0,10068.57,Late
7737,496,75,Rep_17,13-01-2024,15-01-2024,14-02-2024,19-02-2024,7,20.0,42338.63,Paid
7738,688,93,Rep_28,03-10-2024,05-10-2024,04-11-2024,11-11-2024,8,0.0,14491.76,Paid
7739,718,19,Rep_29,28-07-2025,30-07-2025,29-08-2025,27-08-2025,7,5.0,62362.44,Paid
7740,823,100,Rep_18,21-06-2025,22-06-2025,22-07-2025,26-07-2025,5,15.0,14231.59,Paid
7741,941,27,Rep_2,28-12-2025,29-12-2025,28-01-2026,24-03-2026,7,0.0,10592.96,Late
7742,25,22,Rep_6,20-08-2024,22-08-2024,21-09-2024,,2,20.0,1347.76,Pending
7743,975,12,Rep_28,12-10-2024,13-10-2024,12-11-2024,22-11-2024,7,5.0,68031.03,Paid
7744,1,4,Rep_5,24-09-2025,24-09-2025,24-10-2025,24-10-2025,3,10.0,7927.31,Paid
7745,230,7,Rep_2,26-12-2024,27-12-2024,26-01-2025,,7,0.0,4914.21,Pending
7746,830,26,Rep_7,29-02-2024,29-02-2024,30-03-2024,06-04-2024,10,5.0,81862.83,Paid
7747,339,44,Rep_22,15-12-2024,16-12-2024,15-01-2025,15-01-2025,3,15.0,12509.53,Paid
7748,955,58,Rep_27,14-01-2025,16-01-2025,15-02-2025,13-02-2025,2,0.0,5379.48,Paid
7749,287,59,Rep_12,06-09-2025,08-09-2025,08-10-2025,,10,0.0,29649.5,Pending
7750,530,67,Rep_2,03-06-2025,03-06-2025,03-07-2025,,9,0.0,31727.7,Pending
7751,676,84,Rep_14,10-07-2024,11-07-2024,10-08-2024,20-08-2024,9,0.0,8431.47,Paid
7752,349,5,Rep_11,16-02-2025,17-02-2025,19-03-2025,,4,0.0,4096.16,Pending
7753,384,18,Rep_4,31-07-2025,01-08-2025,31-08-2025,31-08-2025,9,15.0,16738.66,Paid
7754,893,6,Rep_23,26-06-2024,26-06-2024,26-07-2024,,7,20.0,54776.29,BadDebt
7755,750,8,Rep_19,14-07-2025,16-07-2025,15-08-2025,,10,15.0,70024.02,Pending
7756,162,7,Rep_18,17-12-2024,17-12-2024,16-01-2025,25-01-2025,8,15.0,4773.8,Paid
7757,848,80,Rep_7,27-05-2024,28-05-2024,27-06-2024,01-07-2024,10,20.0,30018.0,Paid
7758,170,37,Rep_8,09-10-2025,09-10-2025,08-11-2025,17-11-2025,9,15.0,51802.05,Paid
7759,543,77,Rep_11,31-07-2025,01-08-2025,31-08-2025,02-09-2025,2,0.0,1853.12,Paid
7760,129,30,Rep_14,15-03-2024,16-03-2024,15-04-2024,,5,5.0,9436.68,Pending
7761,314,51,Rep_17,29-11-2025,01-12-2025,31-12-2025,29-12-2025,9,15.0,74357.62,Paid
7762,457,69,Rep_16,02-03-2025,02-03-2025,01-04-2025,,2,5.0,15933.97,BadDebt
7763,867,87,Rep_16,22-08-2025,22-08-2025,21-09-2025,,9,5.0,14107.76,Pending
7764,90,51,Rep_11,23-02-2024,24-02-2024,25-03-2024,19-06-2024,5,0.0,48599.75,Late
7765,700,45,Rep_12,06-04-2025,06-04-2025,06-05-2025,13-05-2025,8,10.0,29035.8,Paid
7766,533,30,Rep_13,02-11-2024,04-11-2024,04-12-2024,12-12-2024,2,0.0,3973.34,Paid
7767,239,28,Rep_5,02-11-2024,04-11-2024,04-12-2024,,10,10.0,36221.67,BadDebt
7768,14,14,Rep_26,18-08-2024,20-08-2024,19-09-2024,,6,20.0,14406.34,Pending
7769,541,37,Rep_6,17-06-2025,17-06-2025,17-07-2025,03-10-2025,6,5.0,38597.61,Late
7770,493,38,Rep_11,13-10-2025,13-10-2025,12-11-2025,16-11-2025,3,20.0,9257.66,Paid
7771,339,83,Rep_29,02-12-2024,02-12-2024,01-01-2025,11-01-2025,5,0.0,11187.3,Paid
7772,771,7,Rep_27,15-01-2024,17-01-2024,16-02-2024,21-02-2024,10,10.0,6318.27,Paid
7773,625,10,Rep_24,03-06-2024,03-06-2024,03-07-2024,09-08-2024,2,0.0,10178.76,Late
7774,849,67,Rep_20,10-07-2024,12-07-2024,11-08-2024,14-08-2024,6,15.0,17979.03,Paid
7775,672,1,Rep_26,29-10-2025,31-10-2025,30-11-2025,06-02-2026,8,0.0,43373.76,Late
7776,981,39,Rep_4,18-09-2025,18-09-2025,18-10-2025,16-10-2025,6,15.0,37137.74,Paid
7777,651,73,Rep_15,15-08-2025,16-08-2025,15-09-2025,15-09-2025,6,10.0,19532.02,Paid
7778,216,47,Rep_4,28-09-2025,30-09-2025,30-10-2025,18-12-2025,5,15.0,11439.38,Late
7779,715,16,Rep_1,15-05-2024,15-05-2024,14-06-2024,18-06-2024,6,10.0,7177.19,Paid
7780,107,79,Rep_7,05-11-2024,05-11-2024,05-12-2024,13-12-2024,9,10.0,13104.67,Paid
7781,265,16,Rep_7,22-11-2024,22-11-2024,22-12-2024,15-02-2025,2,5.0,2525.31,Late
7782,986,4,Rep_4,06-05-2024,06-05-2024,05-06-2024,11-06-2024,3,15.0,7486.9,Paid
7783,47,22,Rep_18,01-12-2025,02-12-2025,01-01-2026,10-01-2026,7,5.0,5601.63,Paid
7784,471,76,Rep_5,18-01-2025,19-01-2025,18-02-2025,25-02-2025,2,0.0,20078.68,Paid
7785,69,55,Rep_18,06-09-2025,07-09-2025,07-10-2025,05-10-2025,9,5.0,48916.77,Paid
7786,974,17,Rep_16,28-12-2024,28-12-2024,27-01-2025,04-02-2025,5,0.0,38662.2,Paid
7787,460,52,Rep_1,20-10-2024,20-10-2024,19-11-2024,27-11-2024,9,0.0,65854.98,Paid
7788,420,12,Rep_17,10-07-2024,11-07-2024,10-08-2024,11-08-2024,8,10.0,73657.66,Paid
7789,443,65,Rep_28,18-06-2024,19-06-2024,19-07-2024,,5,15.0,13504.67,Pending
7790,444,24,Rep_14,05-12-2024,07-12-2024,06-01-2025,11-01-2025,10,20.0,28977.84,Paid
7791,61,44,Rep_1,07-11-2025,08-11-2025,08-12-2025,13-12-2025,3,20.0,11773.68,Paid
7792,346,22,Rep_21,13-07-2024,13-07-2024,12-08-2024,19-08-2024,10,20.0,6738.8,Paid
7793,492,91,Rep_30,06-05-2025,08-05-2025,07-06-2025,,3,20.0,21050.59,Pending
7794,787,75,Rep_22,16-12-2025,16-12-2025,15-01-2026,15-01-2026,4,0.0,30241.88,Paid
7795,930,59,Rep_12,03-08-2025,05-08-2025,04-09-2025,03-09-2025,3,5.0,8450.11,Paid
7796,883,25,Rep_18,21-07-2024,22-07-2024,21-08-2024,23-08-2024,10,15.0,3848.72,Paid
7797,441,63,Rep_29,17-04-2024,19-04-2024,19-05-2024,24-05-2024,2,10.0,3006.59,Paid
7798,94,85,Rep_19,03-03-2025,03-03-2025,02-04-2025,07-04-2025,3,10.0,6364.87,Paid
7799,462,19,Rep_7,14-10-2025,14-10-2025,13-11-2025,28-12-2025,4,5.0,35635.68,Late
7800,326,55,Rep_19,04-11-2024,06-11-2024,06-12-2024,30-01-2025,8,0.0,45770.08,Late
7801,492,29,Rep_10,18-12-2025,18-12-2025,17-01-2026,,4,10.0,18980.86,Pending
7802,396,22,Rep_9,19-08-2025,19-08-2025,18-09-2025,16-09-2025,10,10.0,7581.15,Paid
7803,324,47,Rep_27,19-10-2025,21-10-2025,20-11-2025,15-01-2026,4,10.0,9689.83,Late
7804,817,4,Rep_9,25-03-2024,27-03-2024,26-04-2024,14-07-2024,4,15.0,9982.54,Late
7805,934,70,Rep_14,05-10-2025,07-10-2025,06-11-2025,20-01-2026,6,15.0,43652.28,Late
7806,707,73,Rep_14,08-09-2025,08-09-2025,08-10-2025,15-12-2025,9,5.0,30925.69,Late
7807,411,14,Rep_18,04-05-2025,04-05-2025,03-06-2025,08-06-2025,2,10.0,5402.38,Paid
7808,247,94,Rep_6,16-01-2024,17-01-2024,16-02-2024,14-02-2024,7,15.0,16521.96,Paid
7809,132,75,Rep_4,23-07-2025,25-07-2025,24-08-2025,26-08-2025,7,15.0,44984.8,Paid
7810,82,18,Rep_7,13-07-2024,14-07-2024,13-08-2024,10-10-2024,2,0.0,4376.12,Late
7811,197,5,Rep_8,18-08-2025,18-08-2025,17-09-2025,,6,20.0,4915.39,BadDebt
7812,5,1,Rep_12,13-08-2025,14-08-2025,13-09-2025,15-09-2025,9,0.0,48795.48,Paid
7813,665,85,Rep_25,08-03-2025,08-03-2025,07-04-2025,,9,20.0,16972.99,Pending
7814,710,71,Rep_7,21-07-2025,23-07-2025,22-08-2025,01-09-2025,3,0.0,1402.11,Paid
7815,13,71,Rep_16,22-12-2025,22-12-2025,21-01-2026,22-01-2026,7,5.0,3108.01,Paid
7816,413,76,Rep_5,27-01-2025,28-01-2025,27-02-2025,10-04-2025,1,20.0,8031.47,Late
7817,668,41,Rep_23,08-01-2024,10-01-2024,09-02-2024,13-02-2024,6,15.0,18151.26,Paid
7818,148,86,Rep_22,10-09-2025,12-09-2025,12-10-2025,,9,10.0,39549.79,Pending
7819,815,46,Rep_29,19-06-2025,20-06-2025,20-07-2025,22-07-2025,5,0.0,4169.65,Paid
7820,355,24,Rep_11,29-12-2024,30-12-2024,29-01-2025,06-02-2025,5,20.0,14488.92,Paid
7821,42,67,Rep_27,30-07-2024,01-08-2024,31-08-2024,02-09-2024,5,20.0,14101.2,Paid
7822,326,94,Rep_1,19-09-2024,19-09-2024,19-10-2024,25-10-2024,5,5.0,13189.8,Paid
7823,906,65,Rep_28,19-04-2025,20-04-2025,20-05-2025,09-08-2025,6,5.0,18112.15,Late
7824,127,8,Rep_7,15-11-2025,16-11-2025,16-12-2025,23-12-2025,1,5.0,7826.21,Paid
7825,384,75,Rep_10,13-04-2025,15-04-2025,15-05-2025,25-05-2025,1,10.0,6804.42,Paid
7826,303,78,Rep_6,12-09-2024,12-09-2024,12-10-2024,16-10-2024,5,20.0,26797.0,Paid
7827,950,4,Rep_22,16-03-2024,18-03-2024,17-04-2024,22-04-2024,3,5.0,8367.71,Paid
7828,467,73,Rep_9,11-06-2025,11-06-2025,11-07-2025,,7,15.0,21521.39,BadDebt
7829,370,29,Rep_27,02-02-2024,02-02-2024,03-03-2024,09-03-2024,7,15.0,31371.14,Paid
7830,942,85,Rep_16,08-01-2024,08-01-2024,07-02-2024,08-02-2024,7,10.0,14851.37,Paid
7831,813,24,Rep_25,27-02-2025,01-03-2025,31-03-2025,01-06-2025,7,0.0,25355.61,Late
7832,279,15,Rep_30,14-11-2024,14-11-2024,14-12-2024,22-12-2024,4,15.0,20999.83,Paid
7833,444,78,Rep_16,24-01-2024,26-01-2024,25-02-2024,01-03-2024,8,10.0,48234.6,Paid
7834,383,76,Rep_30,03-10-2024,04-10-2024,03-11-2024,04-11-2024,5,5.0,47686.86,Paid
7835,483,40,Rep_8,12-03-2025,12-03-2025,11-04-2025,,7,15.0,32794.38,Pending
7836,612,84,Rep_3,24-01-2025,25-01-2025,24-02-2025,02-03-2025,10,20.0,7494.64,Paid
7837,725,52,Rep_4,18-08-2025,19-08-2025,18-09-2025,,7,15.0,43537.46,Pending
7838,688,81,Rep_15,23-07-2024,23-07-2024,22-08-2024,27-08-2024,6,20.0,6081.74,Paid
7839,470,60,Rep_7,25-10-2025,26-10-2025,25-11-2025,01-12-2025,1,0.0,4639.44,Paid
7840,903,13,Rep_11,01-09-2024,02-09-2024,02-10-2024,06-10-2024,6,0.0,40328.16,Paid
7841,481,80,Rep_2,15-08-2025,15-08-2025,14-09-2025,,3,5.0,10693.91,Pending
7842,707,11,Rep_14,03-05-2024,05-05-2024,04-06-2024,02-06-2024,7,10.0,12711.07,Paid
7843,897,57,Rep_6,13-04-2025,15-04-2025,15-05-2025,17-05-2025,8,15.0,4964.0,Paid
7844,947,6,Rep_25,23-12-2024,23-12-2024,22-01-2025,28-01-2025,3,15.0,24942.77,Paid
7845,957,23,Rep_1,18-04-2024,20-04-2024,20-05-2024,03-08-2024,7,15.0,17375.61,Late
7846,404,74,Rep_29,10-10-2024,11-10-2024,10-11-2024,16-11-2024,1,5.0,8319.84,Paid
7847,854,70,Rep_14,15-04-2024,17-04-2024,17-05-2024,24-05-2024,6,5.0,48787.84,Paid
7848,590,1,Rep_28,15-10-2025,15-10-2025,14-11-2025,12-11-2025,5,10.0,24397.74,Paid
7849,826,79,Rep_8,22-11-2025,24-11-2025,24-12-2025,02-01-2026,7,15.0,9626.27,Paid
7850,991,5,Rep_12,14-04-2024,16-04-2024,16-05-2024,15-05-2024,2,0.0,2048.08,Paid
7851,174,64,Rep_29,10-06-2025,11-06-2025,11-07-2025,10-07-2025,3,15.0,10438.93,Paid
7852,224,86,Rep_15,27-05-2025,29-05-2025,28-06-2025,30-06-2025,10,20.0,39061.52,Paid
7853,880,78,Rep_22,05-10-2024,05-10-2024,04-11-2024,14-11-2024,7,15.0,39860.54,Paid
7854,519,56,Rep_25,15-07-2025,16-07-2025,15-08-2025,15-08-2025,6,20.0,12069.94,Paid
7855,202,40,Rep_16,30-01-2025,01-02-2025,03-03-2025,08-03-2025,9,20.0,39683.95,Paid
7856,879,87,Rep_4,22-10-2025,22-10-2025,21-11-2025,26-11-2025,9,15.0,12622.73,Paid
7857,702,38,Rep_13,08-04-2025,09-04-2025,09-05-2025,14-05-2025,10,20.0,30858.88,Paid
7858,548,63,Rep_15,05-07-2025,06-07-2025,05-08-2025,10-10-2025,3,10.0,4509.89,Late
7859,421,69,Rep_16,25-12-2024,26-12-2024,25-01-2025,26-01-2025,2,5.0,15933.97,Paid
7860,338,17,Rep_24,02-07-2025,02-07-2025,01-08-2025,30-07-2025,5,5.0,36729.09,Paid
7861,608,14,Rep_22,28-12-2025,29-12-2025,28-01-2026,05-02-2026,7,5.0,19958.78,Paid
7862,559,44,Rep_30,14-12-2025,16-12-2025,15-01-2026,14-01-2026,4,0.0,19622.8,Paid
7863,868,11,Rep_17,24-05-2025,26-05-2025,25-06-2025,,2,0.0,4035.26,BadDebt
7864,828,34,Rep_3,24-06-2025,26-06-2025,26-07-2025,27-07-2025,1,15.0,3388.51,Paid
7865,501,15,Rep_20,09-05-2024,09-05-2024,08-06-2024,14-06-2024,10,0.0,61764.2,Paid
7866,606,64,Rep_26,18-09-2025,19-09-2025,19-10-2025,24-10-2025,9,20.0,29474.64,Paid
7867,847,64,Rep_5,08-05-2024,09-05-2024,08-06-2024,17-06-2024,4,15.0,13918.58,Paid
7868,744,47,Rep_30,01-03-2025,01-03-2025,31-03-2025,,2,0.0,5383.24,BadDebt
7869,196,26,Rep_10,16-12-2024,18-12-2024,17-01-2025,16-01-2025,4,0.0,34468.56,Paid
7870,590,48,Rep_27,22-08-2024,23-08-2024,22-09-2024,,1,15.0,4295.87,Pending
7871,527,60,Rep_8,18-04-2024,19-04-2024,19-05-2024,21-05-2024,6,15.0,23661.14,Paid
7872,821,91,Rep_30,27-04-2025,28-04-2025,28-05-2025,31-05-2025,4,0.0,35084.32,Paid
7873,649,77,Rep_5,20-06-2024,22-06-2024,22-07-2024,28-07-2024,4,15.0,3150.3,Paid
7874,502,16,Rep_3,02-03-2024,02-03-2024,01-04-2024,02-04-2024,9,5.0,11363.89,Paid
7875,993,58,Rep_21,13-09-2025,14-09-2025,14-10-2025,16-10-2025,6,5.0,15331.52,Paid
7876,684,78,Rep_16,26-02-2025,27-02-2025,29-03-2025,06-04-2025,5,5.0,31821.44,Paid
7877,225,58,Rep_4,07-06-2025,09-06-2025,09-07-2025,14-08-2025,4,0.0,10758.96,Late
7878,209,89,Rep_25,14-05-2025,16-05-2025,15-06-2025,22-06-2025,5,5.0,8944.87,Paid
7879,761,91,Rep_20,25-09-2024,27-09-2024,27-10-2024,29-10-2024,9,5.0,74992.73,Paid
7880,563,86,Rep_27,28-10-2025,28-10-2025,27-11-2025,26-11-2025,5,20.0,19530.76,Paid
7881,28,66,Rep_12,15-06-2024,17-06-2024,17-07-2024,23-07-2024,3,20.0,26555.88,Paid
7882,602,35,Rep_26,25-04-2025,25-04-2025,25-05-2025,28-05-2025,6,15.0,30566.59,Paid
7883,346,19,Rep_3,17-01-2025,19-01-2025,18-02-2025,22-04-2025,9,10.0,75960.26,Late
7884,674,37,Rep_26,01-03-2024,01-03-2024,31-03-2024,02-06-2024,2,10.0,12188.72,Late
7885,257,80,Rep_26,18-02-2024,20-02-2024,21-03-2024,22-03-2024,2,5.0,7129.28,Paid
7886,344,54,Rep_14,20-12-2025,22-12-2025,21-01-2026,25-01-2026,4,10.0,24005.38,Paid
7887,590,38,Rep_25,16-01-2025,18-01-2025,17-02-2025,11-04-2025,8,0.0,30858.88,Late
7888,170,61,Rep_26,05-06-2025,06-06-2025,06-07-2025,16-07-2025,10,20.0,5965.36,Paid
7889,829,64,,05-08-2024,06-08-2024,05-09-2024,07-09-2024,10,5.0,38890.15,Paid
7890,573,100,Rep_22,23-03-2024,23-03-2024,22-04-2024,22-04-2024,10,0.0,33486.1,Paid
7891,85,4,Rep_1,31-03-2025,02-04-2025,02-05-2025,03-05-2025,7,15.0,17469.44,Paid
7892,14,77,Rep_5,08-10-2025,08-10-2025,07-11-2025,13-11-2025,3,0.0,2779.68,Paid
7893,368,24,Rep_18,27-01-2024,27-01-2024,26-02-2024,29-04-2024,2,5.0,6882.24,Late
7894,252,67,Rep_13,27-06-2025,27-06-2025,27-07-2025,30-07-2025,6,15.0,17979.03,Paid
7895,747,7,,12-06-2024,12-06-2024,12-07-2024,03-09-2024,10,20.0,5616.24,Late
7896,57,1,Rep_28,20-01-2024,21-01-2024,20-02-2024,26-02-2024,4,10.0,19518.19,Paid
7897,660,44,Rep_24,26-02-2024,27-02-2024,28-03-2024,28-03-2024,4,5.0,18641.66,Paid
7898,105,54,Rep_12,23-11-2024,23-11-2024,23-12-2024,30-12-2024,9,0.0,60013.44,Paid
7899,101,45,,16-05-2024,17-05-2024,16-06-2024,,1,0.0,4032.75,BadDebt
7900,118,19,Rep_23,31-08-2025,01-09-2025,01-10-2025,06-10-2025,7,10.0,59080.2,Paid
7901,308,63,Rep_29,26-02-2025,27-02-2025,29-03-2025,29-03-2025,3,10.0,4509.89,Paid
7902,122,94,Rep_13,18-11-2025,18-11-2025,18-12-2025,21-12-2025,9,20.0,19992.96,Paid
7903,131,76,Rep_4,12-05-2024,13-05-2024,12-06-2024,20-06-2024,6,5.0,57224.24,Paid
7904,717,11,Rep_3,27-04-2024,27-04-2024,27-05-2024,01-06-2024,10,5.0,19167.48,Paid
7905,855,67,Rep_15,18-02-2024,18-02-2024,19-03-2024,26-03-2024,9,5.0,30141.32,Paid
7906,305,98,Rep_6,01-10-2024,01-10-2024,31-10-2024,02-11-2024,1,10.0,1067.4,Paid
7907,541,95,Rep_25,11-06-2025,11-06-2025,11-07-2025,14-07-2025,2,0.0,1991.68,Paid
7908,762,2,Rep_27,09-06-2024,10-06-2024,10-07-2024,19-07-2024,6,5.0,48104.98,Paid
7909,297,37,Rep_25,06-03-2025,06-03-2025,05-04-2025,19-05-2025,3,0.0,20314.53,Late
7910,34,9,Rep_21,13-03-2024,14-03-2024,13-04-2024,,4,20.0,664.38,Pending
7911,731,76,Rep_5,29-10-2025,29-10-2025,28-11-2025,,2,0.0,20078.68,Pending
7912,918,65,Rep_16,18-01-2025,19-01-2025,18-02-2025,17-02-2025,3,5.0,9056.07,Paid
7913,958,29,Rep_6,04-02-2024,04-02-2024,05-03-2024,,3,0.0,15817.38,Pending
7914,463,30,Rep_30,24-08-2025,25-08-2025,24-09-2025,,9,20.0,14304.02,Pending
7915,713,49,Rep_8,31-10-2024,02-11-2024,02-12-2024,,5,0.0,37918.1,Pending
7916,605,53,Rep_16,01-06-2025,03-06-2025,03-07-2025,03-07-2025,9,5.0,37769.45,Paid
7917,886,30,Rep_9,18-03-2025,20-03-2025,19-04-2025,26-04-2025,4,5.0,7549.35,Paid
7918,89,61,Rep_21,20-10-2025,22-10-2025,21-11-2025,29-11-2025,6,15.0,3802.92,Paid
7919,391,49,Rep_18,02-06-2025,04-06-2025,04-07-2025,14-07-2025,1,20.0,6066.9,Paid
7920,907,4,Rep_8,10-05-2025,11-05-2025,10-06-2025,14-06-2025,4,20.0,9395.33,Paid
7921,566,35,Rep_1,18-03-2024,18-03-2024,17-04-2024,16-04-2024,8,20.0,38358.08,Paid
7922,281,78,Rep_29,13-01-2025,14-01-2025,13-02-2025,11-02-2025,4,10.0,24117.3,Paid
7923,564,4,Rep_10,06-06-2024,07-06-2024,07-07-2024,30-08-2024,8,20.0,18790.66,Late
7924,198,20,Rep_2,13-11-2025,15-11-2025,15-12-2025,17-12-2025,7,15.0,12138.06,Paid
7925,209,60,Rep_6,07-01-2025,08-01-2025,07-02-2025,,2,20.0,7423.1,Pending
7926,653,84,Rep_21,18-02-2025,18-02-2025,20-03-2025,07-06-2025,5,0.0,4684.15,Late
7927,591,60,Rep_2,09-10-2024,11-10-2024,10-11-2024,19-01-2025,6,20.0,22269.31,Late
7928,901,65,Rep_18,25-07-2024,27-07-2024,26-08-2024,,9,5.0,27168.22,BadDebt
7929,306,67,Rep_14,16-01-2025,16-01-2025,15-02-2025,,2,20.0,5640.48,BadDebt
7930,675,36,Rep_22,24-01-2024,25-01-2024,24-02-2024,12-05-2024,9,20.0,6435.29,Late
7931,824,17,Rep_30,30-10-2025,30-10-2025,29-11-2025,04-12-2025,9,5.0,66112.36,Paid
7932,990,80,Rep_25,26-03-2024,27-03-2024,26-04-2024,,3,5.0,10693.91,Pending
7933,600,70,Rep_6,02-09-2025,04-09-2025,04-10-2025,07-11-2025,9,10.0,69330.09,Late
7934,697,60,Rep_18,30-04-2025,30-04-2025,30-05-2025,07-06-2025,1,5.0,4407.47,Paid
7935,693,81,Rep_23,01-09-2025,02-09-2025,02-10-2025,11-10-2025,8,15.0,8615.8,Paid
7936,347,26,Rep_2,30-09-2024,02-10-2024,01-11-2024,04-11-2024,8,10.0,62043.41,Paid
7937,692,46,Rep_14,06-08-2025,08-08-2025,07-09-2025,10-09-2025,6,10.0,4503.22,Paid
7938,180,9,Rep_9,11-04-2025,13-04-2025,13-05-2025,22-05-2025,1,0.0,207.62,Paid
7939,354,93,Rep_16,25-04-2025,25-04-2025,25-05-2025,30-05-2025,1,5.0,1720.9,Paid
7940,57,18,Rep_3,09-08-2025,10-08-2025,09-09-2025,12-09-2025,5,15.0,9299.25,Paid
7941,276,40,Rep_16,16-06-2025,16-06-2025,16-07-2025,,5,0.0,27558.3,Pending
7942,52,72,Rep_13,20-09-2025,21-09-2025,21-10-2025,21-10-2025,7,20.0,30256.3,Paid
7943,789,47,Rep_8,04-04-2024,05-04-2024,05-05-2024,05-07-2024,3,5.0,7671.12,Late
7944,151,26,Rep_27,12-07-2025,14-07-2025,13-08-2025,17-08-2025,6,20.0,41362.27,Paid
7945,814,26,Rep_21,08-05-2025,10-05-2025,09-06-2025,15-06-2025,3,20.0,20681.14,Paid
7946,995,41,Rep_18,18-09-2025,19-09-2025,19-10-2025,20-10-2025,6,20.0,17083.54,Paid
7947,997,65,Rep_13,02-01-2024,04-01-2024,03-02-2024,11-04-2024,10,10.0,28598.13,Late
7948,495,29,Rep_28,10-07-2025,11-07-2025,10-08-2025,16-08-2025,9,15.0,40334.32,Paid
7949,186,15,Rep_21,22-02-2025,24-02-2025,26-03-2025,,4,5.0,23470.4,BadDebt
7950,193,52,Rep_28,25-03-2024,26-03-2024,25-04-2024,29-04-2024,10,20.0,58537.76,Paid
7951,553,88,Rep_4,06-06-2024,07-06-2024,07-07-2024,16-07-2024,2,20.0,9990.72,Paid
7952,881,21,Rep_27,19-08-2025,20-08-2025,19-09-2025,18-11-2025,1,5.0,4437.91,Late
7953,730,25,Rep_19,30-03-2024,01-04-2024,01-05-2024,26-06-2024,5,20.0,1811.16,Late
7954,517,21,Rep_17,01-04-2024,02-04-2024,02-05-2024,04-05-2024,10,10.0,42043.32,Paid
7955,406,62,Rep_3,08-08-2024,10-08-2024,09-09-2024,08-09-2024,2,5.0,13475.33,Paid
7956,192,96,Rep_5,01-02-2024,01-02-2024,02-03-2024,02-03-2024,10,5.0,75783.59,Paid
7957,705,80,Rep_16,15-01-2024,17-01-2024,16-02-2024,03-04-2024,7,15.0,22325.89,Late
7958,879,97,Rep_9,02-10-2024,03-10-2024,02-11-2024,17-01-2025,3,5.0,21777.88,Late
7959,411,64,Rep_16,28-07-2024,30-07-2024,29-08-2024,07-09-2024,7,10.0,25790.31,Paid
7960,83,40,Rep_19,19-02-2025,21-02-2025,23-03-2025,22-03-2025,8,15.0,37479.29,Paid
7961,216,80,Rep_20,23-03-2024,23-03-2024,22-04-2024,28-04-2024,10,20.0,30018.0,Paid
7962,891,94,Rep_7,14-07-2024,16-07-2024,15-08-2024,20-08-2024,4,15.0,9441.12,Paid
7963,277,99,Rep_28,01-01-2025,01-01-2025,31-01-2025,,8,10.0,12764.38,BadDebt
7964,195,68,Rep_4,21-08-2024,22-08-2024,21-09-2024,06-11-2024,10,0.0,95833.4,Late
7965,215,54,Rep_4,11-12-2025,12-12-2025,11-01-2026,26-03-2026,10,0.0,66681.6,Late
7966,341,45,,22-09-2024,24-09-2024,24-10-2024,,10,10.0,36294.75,BadDebt
7967,872,84,Rep_2,09-09-2025,11-09-2025,11-10-2025,11-10-2025,4,10.0,3372.59,Paid
7968,337,91,Rep_20,17-09-2024,19-09-2024,19-10-2024,18-12-2024,1,5.0,8332.53,Late
7969,677,76,Rep_17,28-05-2024,28-05-2024,27-06-2024,01-07-2024,3,5.0,28612.12,Paid
7970,602,24,Rep_23,05-12-2025,06-12-2025,05-01-2026,03-01-2026,4,0.0,14488.92,Paid
7971,525,37,Rep_7,12-03-2025,12-03-2025,11-04-2025,18-04-2025,3,15.0,17267.35,Paid
7972,642,100,Rep_29,17-11-2025,18-11-2025,18-12-2025,24-12-2025,9,20.0,24109.99,Paid
7973,728,18,Rep_5,13-07-2025,13-07-2025,12-08-2025,19-08-2025,7,15.0,13018.96,Paid
7974,115,67,Rep_12,29-11-2024,29-11-2024,29-12-2024,04-01-2025,2,10.0,6345.54,Paid
7975,553,8,Rep_21,14-07-2025,14-07-2025,13-08-2025,18-08-2025,10,0.0,82381.2,Paid
7976,185,83,Rep_9,12-10-2025,14-10-2025,13-11-2025,19-11-2025,2,0.0,4474.92,Paid
7977,545,3,Rep_11,15-12-2025,15-12-2025,14-01-2026,20-01-2026,1,5.0,7871.49,Paid
7978,885,5,Rep_11,01-02-2025,03-02-2025,05-03-2025,29-04-2025,7,10.0,6451.45,Late
7979,954,34,Rep_13,23-12-2025,23-12-2025,22-01-2026,01-02-2026,2,10.0,7175.66,Paid
7980,248,97,Rep_5,29-12-2025,29-12-2025,28-01-2026,03-02-2026,2,15.0,12990.31,Paid
7981,213,62,Rep_26,28-12-2025,29-12-2025,28-01-2026,04-02-2026,5,10.0,31915.26,Paid
7982,710,76,Rep_30,27-12-2024,27-12-2024,26-01-2025,06-03-2025,5,20.0,40157.36,Late
7983,319,21,Rep_16,24-05-2024,24-05-2024,23-06-2024,29-06-2024,6,20.0,22423.1,Paid
7984,358,100,Rep_27,02-05-2024,02-05-2024,01-06-2024,08-06-2024,4,15.0,11385.27,Paid
7985,812,22,Rep_17,02-08-2025,02-08-2025,01-09-2025,21-10-2025,1,5.0,800.23,Late
7986,124,37,Rep_21,11-02-2025,13-02-2025,15-03-2025,30-04-2025,6,10.0,36566.15,Late
7987,953,55,Rep_22,02-10-2025,04-10-2025,03-11-2025,01-11-2025,8,20.0,36616.06,Paid
7988,974,4,Rep_22,08-12-2024,09-12-2024,08-01-2025,07-01-2025,4,5.0,11156.95,Paid
7989,240,41,Rep_3,10-03-2025,11-03-2025,10-04-2025,13-04-2025,8,20.0,22778.05,Paid
7990,753,49,Rep_25,24-06-2025,25-06-2025,25-07-2025,04-08-2025,7,10.0,47776.81,Paid
7991,204,22,Rep_27,03-01-2024,04-01-2024,03-02-2024,13-02-2024,4,15.0,2863.99,Paid
7992,287,6,Rep_16,26-06-2024,28-06-2024,28-07-2024,02-08-2024,2,5.0,18584.81,Paid
7993,119,80,Rep_24,31-03-2024,31-03-2024,30-04-2024,02-05-2024,7,0.0,26265.75,Paid
7994,143,15,Rep_25,22-11-2025,24-11-2025,24-12-2025,24-12-2025,7,10.0,38911.45,Paid
7995,178,79,Rep_21,12-09-2024,14-09-2024,14-10-2024,25-11-2024,8,15.0,11001.45,Late
7996,984,23,Rep_22,04-08-2025,04-08-2025,03-09-2025,08-11-2025,5,20.0,11681.08,Late
7997,83,52,Rep_9,30-01-2024,01-02-2024,02-03-2024,26-04-2024,3,0.0,21951.66,Late
7998,20,19,Rep_10,31-03-2025,02-04-2025,02-05-2025,11-05-2025,4,5.0,35635.68,Paid
7999,902,45,Rep_26,27-07-2024,27-07-2024,26-08-2024,26-08-2024,7,20.0,22583.4,Paid
8000,661,89,Rep_3,13-12-2025,14-12-2025,13-01-2026,21-01-2026,2,20.0,3013.01,Paid
8001,513,40,Rep_25,09-11-2024,09-11-2024,09-12-2024,17-12-2024,6,10.0,29762.96,Paid
8002,875,76,Rep_5,21-01-2025,21-01-2025,20-02-2025,18-02-2025,8,20.0,64251.78,Paid
8003,578,77,Rep_12,19-07-2024,21-07-2024,20-08-2024,30-08-2024,8,5.0,7041.86,Paid
8004,867,74,Rep_7,03-11-2025,03-11-2025,03-12-2025,,3,0.0,26273.19,Pending
8005,504,34,Rep_10,27-06-2025,28-06-2025,28-07-2025,30-07-2025,9,5.0,34084.4,Paid
8006,201,85,Rep_15,14-07-2024,15-07-2024,14-08-2024,21-08-2024,1,20.0,1885.89,Paid
8007,11,72,Rep_6,14-02-2024,16-02-2024,17-03-2024,20-03-2024,8,5.0,41062.12,Paid
8008,338,52,Rep_2,15-04-2025,17-04-2025,17-05-2025,,4,5.0,27805.44,Pending
8009,340,17,Rep_11,01-01-2025,02-01-2025,01-02-2025,05-03-2025,6,10.0,41755.18,Late
8010,409,44,Rep_24,02-03-2024,02-03-2024,01-04-2024,01-06-2024,2,10.0,8830.26,Late
8011,493,94,Rep_3,04-10-2024,04-10-2024,03-11-2024,05-11-2024,10,20.0,22214.4,Paid
8012,525,26,Rep_3,08-05-2025,10-05-2025,09-06-2025,14-06-2025,10,20.0,68937.12,Paid
8013,532,53,Rep_17,08-01-2025,09-01-2025,08-02-2025,14-02-2025,6,15.0,22529.15,Paid
8014,746,4,Rep_7,30-04-2024,02-05-2024,01-06-2024,10-06-2024,4,20.0,9395.33,Paid
8015,886,15,,30-12-2024,01-01-2025,31-01-2025,23-04-2025,7,5.0,41073.19,Late
8016,731,17,Rep_26,19-10-2024,20-10-2024,19-11-2024,25-12-2024,8,0.0,61859.52,Late
8017,515,31,Rep_22,20-03-2024,21-03-2024,20-04-2024,21-04-2024,9,20.0,33479.93,Paid
8018,178,71,Rep_22,08-05-2024,08-05-2024,07-06-2024,10-06-2024,4,10.0,1682.53,Paid
8019,426,60,Rep_6,12-11-2024,14-11-2024,14-12-2024,25-02-2025,5,5.0,22037.34,Late
8020,185,42,Rep_30,23-12-2025,23-12-2025,22-01-2026,31-01-2026,5,15.0,44484.58,Paid
8021,512,81,Rep_3,03-11-2025,05-11-2025,05-12-2025,19-02-2026,3,5.0,3611.04,Late
8022,303,11,Rep_5,11-06-2025,12-06-2025,12-07-2025,14-07-2025,8,15.0,13719.88,Paid
8023,595,60,Rep_2,08-09-2025,10-09-2025,10-10-2025,,5,5.0,22037.34,Pending
8024,915,13,Rep_18,20-11-2025,20-11-2025,20-12-2025,22-12-2025,3,5.0,19155.88,Paid
8025,235,93,Rep_13,25-10-2025,26-10-2025,25-11-2025,05-12-2025,7,0.0,12680.29,Paid
8026,960,16,Rep_19,08-04-2025,10-04-2025,10-05-2025,10-05-2025,4,15.0,4518.97,Paid
8027,435,29,Rep_1,21-03-2025,23-03-2025,22-04-2025,29-04-2025,2,15.0,8963.18,Paid
8028,469,94,Rep_3,29-09-2024,30-09-2024,30-10-2024,08-11-2024,9,5.0,23741.64,Paid
8029,879,40,Rep_8,01-01-2024,01-01-2024,31-01-2024,31-01-2024,4,0.0,22046.64,Paid
8030,361,89,Rep_4,09-08-2025,09-08-2025,08-09-2025,07-09-2025,9,0.0,16948.17,Paid
8031,358,8,Rep_1,05-07-2024,06-07-2024,05-08-2024,,9,0.0,74143.08,Pending
8032,293,54,Rep_23,02-10-2025,04-10-2025,03-11-2025,10-11-2025,6,10.0,36008.06,Paid
8033,345,34,,27-12-2024,28-12-2024,27-01-2025,,3,0.0,11959.44,Pending
8034,731,41,Rep_16,16-08-2025,17-08-2025,16-09-2025,18-09-2025,9,15.0,27226.89,Paid
8035,228,24,Rep_23,30-08-2025,31-08-2025,30-09-2025,,1,15.0,3078.9,BadDebt
8036,959,7,Rep_24,21-09-2025,23-09-2025,23-10-2025,26-10-2025,3,15.0,1790.18,Paid
8037,555,91,Rep_24,03-07-2025,03-07-2025,02-08-2025,02-08-2025,8,10.0,63151.78,Paid
8038,272,17,Rep_27,01-10-2024,01-10-2024,31-10-2024,,1,10.0,6959.2,Pending
8039,833,100,Rep_12,25-10-2024,27-10-2024,26-11-2024,03-12-2024,7,20.0,18752.22,Paid
8040,287,80,Rep_15,13-10-2025,13-10-2025,12-11-2025,13-11-2025,8,5.0,28517.1,Paid
8041,19,56,Rep_13,26-08-2024,28-08-2024,27-09-2024,05-10-2024,7,0.0,17601.99,Paid
8042,314,21,Rep_11,29-12-2025,30-12-2025,29-01-2026,05-02-2026,8,15.0,31766.06,Paid
8043,502,54,Rep_27,08-06-2024,08-06-2024,08-07-2024,13-07-2024,9,5.0,57012.77,Paid
8044,141,39,Rep_2,26-11-2024,27-11-2024,27-12-2024,06-01-2025,8,5.0,55342.52,Paid
8045,624,22,Rep_16,01-12-2025,03-12-2025,02-01-2026,06-01-2026,10,10.0,7581.15,Paid
8046,495,94,Rep_23,10-11-2025,11-11-2025,11-12-2025,17-12-2025,2,10.0,4998.24,Paid
8047,169,19,Rep_3,15-04-2025,17-04-2025,17-05-2025,20-05-2025,7,5.0,62362.44,Paid
8048,317,25,Rep_20,25-09-2024,27-09-2024,27-10-2024,23-12-2024,8,0.0,3622.32,Late
8049,588,13,Rep_4,15-11-2025,15-11-2025,15-12-2025,10-03-2026,3,20.0,16131.26,Late
8050,33,12,Rep_7,27-08-2024,29-08-2024,28-09-2024,06-10-2024,1,10.0,9207.21,Paid
8051,142,85,Rep_3,05-10-2024,05-10-2024,04-11-2024,02-11-2024,5,20.0,9429.44,Paid
8052,801,57,Rep_21,29-06-2024,29-06-2024,29-07-2024,31-07-2024,8,5.0,5548.0,Paid
8053,587,9,Rep_18,24-04-2024,25-04-2024,25-05-2024,31-05-2024,4,15.0,705.91,Paid
8054,719,18,Rep_9,15-10-2025,17-10-2025,16-11-2025,,9,15.0,16738.66,Pending
8055,613,45,Rep_26,13-09-2025,13-09-2025,13-10-2025,18-10-2025,9,15.0,30850.54,Paid
8056,108,78,Rep_23,19-03-2025,21-03-2025,20-04-2025,,2,15.0,11388.72,Pending
8057,353,34,Rep_21,01-05-2024,01-05-2024,31-05-2024,09-06-2024,8,15.0,27108.06,Paid
8058,858,33,Rep_25,01-10-2025,02-10-2025,01-11-2025,07-12-2025,7,0.0,10336.69,Late
8059,184,90,Rep_25,24-03-2025,25-03-2025,24-04-2025,,4,0.0,22612.36,Pending
8060,796,46,Rep_19,14-05-2025,14-05-2025,13-06-2025,01-08-2025,6,5.0,4753.4,Late
8061,263,85,Rep_13,03-08-2024,05-08-2024,04-09-2024,09-09-2024,5,15.0,10018.78,Paid
8062,827,39,Rep_10,29-05-2024,29-05-2024,28-06-2024,,9,15.0,55706.61,Pending
8063,842,8,Rep_6,25-03-2025,25-03-2025,24-04-2025,23-04-2025,9,0.0,74143.08,Paid
8064,163,87,Rep_28,01-01-2024,03-01-2024,02-02-2024,13-04-2024,2,15.0,2805.05,Late
8065,390,90,Rep_10,01-04-2024,03-04-2024,03-05-2024,04-05-2024,9,10.0,45790.03,Paid
8066,533,44,Rep_25,22-07-2025,24-07-2025,23-08-2025,24-08-2025,9,0.0,44151.3,Paid
8067,786,33,Rep_27,14-02-2025,14-02-2025,16-03-2025,21-03-2025,1,5.0,1402.84,Paid
8068,60,17,Rep_19,05-12-2024,05-12-2024,04-01-2025,14-01-2025,4,15.0,26290.3,Paid
8069,995,3,Rep_17,04-09-2025,06-09-2025,06-10-2025,,3,0.0,24857.34,Pending
8070,166,81,Rep_19,07-01-2025,07-01-2025,06-02-2025,08-02-2025,10,0.0,12670.3,Paid
8071,174,46,Rep_19,14-07-2024,16-07-2024,15-08-2024,13-08-2024,6,20.0,4002.86,Paid
8072,228,93,Rep_9,25-02-2025,25-02-2025,27-03-2025,06-04-2025,8,10.0,13042.58,Paid
8073,629,99,Rep_30,25-03-2024,25-03-2024,24-04-2024,,4,15.0,6027.62,Pending
8074,275,26,Rep_2,16-07-2024,16-07-2024,15-08-2024,18-08-2024,10,5.0,81862.83,Paid
8075,645,64,Rep_8,04-05-2025,04-05-2025,03-06-2025,04-06-2025,10,10.0,36843.3,Paid
8076,385,4,Rep_18,29-09-2025,01-10-2025,31-10-2025,,2,10.0,5284.87,Pending
8077,758,26,Rep_4,06-07-2025,07-07-2025,06-08-2025,10-08-2025,6,10.0,46532.56,Paid
8078,978,68,Rep_30,05-10-2024,05-10-2024,04-11-2024,08-11-2024,8,5.0,72833.38,Paid
8079,561,23,Rep_30,08-11-2024,08-11-2024,08-12-2024,07-12-2024,7,0.0,20441.89,Paid
8080,971,23,Rep_2,05-01-2025,07-01-2025,06-02-2025,06-05-2025,7,15.0,17375.61,Late
8081,784,27,Rep_10,14-06-2025,16-06-2025,16-07-2025,18-07-2025,7,15.0,9004.02,Paid
8082,858,47,Rep_20,20-08-2024,22-08-2024,21-09-2024,,7,15.0,16015.14,Pending
8083,421,39,Rep_12,17-10-2024,17-10-2024,16-11-2024,25-11-2024,3,10.0,19661.16,Paid
8084,565,3,Rep_4,22-01-2024,23-01-2024,22-02-2024,01-03-2024,8,15.0,56343.3,Paid
8085,641,10,Rep_26,24-09-2025,26-09-2025,26-10-2025,11-01-2026,1,5.0,4834.91,Late
8086,329,25,Rep_29,25-03-2025,25-03-2025,24-04-2025,13-07-2025,4,10.0,1630.04,Late
8087,13,56,Rep_17,03-05-2025,05-05-2025,04-06-2025,14-07-2025,4,20.0,8046.62,Late
8088,426,77,Rep_13,01-02-2025,02-02-2025,04-03-2025,03-03-2025,5,20.0,3706.24,Paid
8089,565,70,Rep_28,29-04-2025,01-05-2025,31-05-2025,08-06-2025,9,15.0,65478.42,Paid
8090,274,49,Rep_5,11-01-2025,12-01-2025,11-02-2025,,1,5.0,7204.44,Pending
8091,419,73,Rep_10,23-01-2024,23-01-2024,22-02-2024,01-03-2024,7,20.0,20255.42,Paid
8092,83,63,Rep_6,30-09-2024,02-10-2024,01-11-2024,08-11-2024,1,0.0,1670.33,Paid
8093,496,89,Rep_21,05-06-2025,05-06-2025,05-07-2025,,3,0.0,5649.39,Pending
8094,450,91,Rep_5,29-03-2024,30-03-2024,29-04-2024,09-05-2024,8,0.0,70168.64,Paid
8095,786,77,Rep_28,27-03-2024,29-03-2024,28-04-2024,28-04-2024,2,10.0,1667.81,Paid
8096,355,24,Rep_6,11-12-2025,13-12-2025,12-01-2026,13-01-2026,9,15.0,27710.06,Paid
8097,147,22,Rep_15,13-03-2024,14-03-2024,13-04-2024,,6,0.0,5054.1,BadDebt
8098,9,35,Rep_9,09-05-2025,11-05-2025,10-06-2025,17-06-2025,5,0.0,29967.25,Paid
8099,887,67,Rep_25,25-03-2025,27-03-2025,26-04-2025,29-04-2025,4,5.0,13396.14,Paid
8100,425,60,Rep_9,03-09-2025,03-09-2025,03-10-2025,09-10-2025,7,0.0,32476.08,Paid
8101,389,18,Rep_19,18-05-2024,18-05-2024,17-06-2024,27-06-2024,8,0.0,17504.48,Paid
8102,419,51,Rep_24,22-12-2024,22-12-2024,21-01-2025,25-01-2025,8,15.0,66095.66,Paid
8103,292,33,Rep_9,02-05-2025,04-05-2025,03-06-2025,07-06-2025,9,5.0,12625.53,Paid
8104,687,63,Rep_15,07-05-2024,09-05-2024,08-06-2024,19-08-2024,6,0.0,10021.98,Late
8105,42,3,Rep_17,06-03-2024,08-03-2024,07-04-2024,09-04-2024,6,15.0,42257.48,Paid
8106,230,48,Rep_2,17-02-2025,18-02-2025,20-03-2025,27-04-2025,2,10.0,9097.13,Late
8107,505,28,Rep_30,14-11-2024,14-11-2024,14-12-2024,14-12-2024,6,5.0,22940.39,Paid
8108,686,68,Rep_25,06-05-2024,07-05-2024,06-06-2024,14-07-2024,5,5.0,45520.86,Late
8109,746,23,Rep_17,21-02-2024,22-02-2024,23-03-2024,29-03-2024,4,15.0,9928.92,Paid
8110,472,13,Rep_9,16-11-2025,16-11-2025,16-12-2025,29-01-2026,9,20.0,48393.79,Late
8111,775,89,Rep_2,02-02-2024,02-02-2024,03-03-2024,04-03-2024,3,10.0,5084.45,Paid
8112,273,74,Rep_3,29-03-2024,29-03-2024,28-04-2024,04-05-2024,1,20.0,7006.18,Paid
8113,485,74,Rep_9,22-04-2025,24-04-2025,24-05-2025,,3,10.0,23645.87,BadDebt
8114,133,86,Rep_29,27-02-2025,28-02-2025,30-03-2025,05-04-2025,6,0.0,29296.14,Paid
8115,770,84,Rep_6,26-04-2024,26-04-2024,26-05-2024,28-05-2024,1,15.0,796.31,Paid
8116,784,51,Rep_9,10-09-2024,10-09-2024,10-10-2024,,6,20.0,46655.76,Pending
8117,329,47,Rep_15,28-11-2025,28-11-2025,28-12-2025,,6,20.0,12919.78,Pending
8118,748,75,Rep_6,21-08-2025,22-08-2025,21-09-2025,22-09-2025,9,15.0,57837.6,Paid
8119,468,85,Rep_24,24-09-2024,26-09-2024,26-10-2024,26-10-2024,5,10.0,10608.12,Paid
8120,359,27,Rep_5,03-09-2025,05-09-2025,05-10-2025,02-12-2025,8,15.0,10290.3,Late
8121,770,1,Rep_23,25-05-2024,26-05-2024,25-06-2024,28-06-2024,9,0.0,48795.48,Paid
8122,154,38,Rep_25,11-05-2025,12-05-2025,11-06-2025,19-06-2025,1,15.0,3278.76,Paid
8123,494,34,Rep_9,04-01-2025,05-01-2025,04-02-2025,03-05-2025,2,10.0,7175.66,Late
8124,783,78,Rep_3,31-07-2025,31-07-2025,30-08-2025,01-09-2025,6,15.0,34166.17,Paid
8125,970,55,Rep_19,22-05-2025,24-05-2025,23-06-2025,27-06-2025,8,15.0,38904.57,Paid
8126,918,95,Rep_2,11-04-2025,13-04-2025,13-05-2025,23-05-2025,3,20.0,2390.02,Paid
8127,330,100,Rep_13,14-08-2024,16-08-2024,15-09-2024,13-09-2024,1,10.0,3013.75,Paid
8128,666,57,Rep_9,08-12-2025,08-12-2025,07-01-2026,09-01-2026,10,5.0,6935.0,Paid
8129,937,85,Rep_9,22-03-2025,23-03-2025,22-04-2025,24-05-2025,7,10.0,14851.37,Late
8130,478,68,Rep_4,21-07-2025,23-07-2025,22-08-2025,23-08-2025,9,0.0,86250.06,Paid
8131,789,98,Rep_15,27-04-2025,28-04-2025,28-05-2025,02-06-2025,9,0.0,10674.0,Paid
8132,361,70,Rep_11,03-09-2024,03-09-2024,03-10-2024,11-10-2024,2,5.0,16262.61,Paid
8133,438,34,Rep_23,21-06-2025,23-06-2025,23-07-2025,24-07-2025,10,20.0,31891.84,Paid
8134,418,16,Rep_10,24-12-2025,24-12-2025,23-01-2026,,10,10.0,11961.99,Pending
8135,275,85,Rep_2,20-11-2025,20-11-2025,20-12-2025,28-12-2025,3,10.0,6364.87,Paid
8136,525,10,Rep_18,22-05-2025,24-05-2025,23-06-2025,30-06-2025,8,15.0,34607.78,Paid
8137,468,99,Rep_7,18-08-2024,19-08-2024,18-09-2024,17-09-2024,2,0.0,3545.66,Paid
8138,964,31,Rep_27,20-09-2025,22-09-2025,22-10-2025,25-10-2025,9,0.0,41849.91,Paid
8139,444,25,Rep_13,28-03-2024,30-03-2024,29-04-2024,09-05-2024,1,20.0,362.23,Paid
8140,747,10,Rep_29,18-02-2025,19-02-2025,21-03-2025,13-05-2025,10,5.0,48349.11,Late
8141,94,5,Rep_22,02-08-2024,04-08-2024,03-09-2024,07-09-2024,2,20.0,1638.46,Paid
8142,8,16,Rep_18,08-09-2025,08-09-2025,08-10-2025,20-12-2025,5,0.0,6645.55,Late
8143,178,38,Rep_21,17-04-2025,17-04-2025,17-05-2025,20-05-2025,2,10.0,6943.25,Paid
8144,526,47,Rep_3,17-10-2024,19-10-2024,18-11-2024,10-01-2025,10,20.0,21532.96,Late
8145,972,53,Rep_18,10-10-2025,12-10-2025,11-11-2025,13-12-2025,3,0.0,13252.44,Late
8146,930,9,Rep_16,11-10-2025,13-10-2025,12-11-2025,21-11-2025,9,5.0,1775.15,Paid
8147,149,95,Rep_17,17-05-2025,19-05-2025,18-06-2025,25-06-2025,1,10.0,896.26,Paid
8148,510,37,Rep_21,26-01-2025,26-01-2025,25-02-2025,24-02-2025,7,10.0,42660.51,Paid
8149,25,78,Rep_8,21-02-2024,21-02-2024,22-03-2024,26-03-2024,3,20.0,16078.2,Paid
8150,266,13,Rep_9,14-01-2024,16-01-2024,15-02-2024,,1,15.0,5713.16,Pending
8151,404,64,Rep_3,26-07-2024,26-07-2024,25-08-2024,01-09-2024,2,15.0,6959.29,Paid
8152,737,98,Rep_28,17-03-2024,18-03-2024,17-04-2024,20-04-2024,4,0.0,4744.0,Paid
8153,477,33,Rep_27,04-02-2025,04-02-2025,06-03-2025,15-03-2025,10,10.0,13290.03,Paid
8154,205,93,Rep_3,14-03-2025,14-03-2025,13-04-2025,,10,0.0,18114.7,BadDebt
8155,957,43,Rep_21,02-10-2024,02-10-2024,01-11-2024,03-11-2024,2,5.0,395.35,Paid
8156,429,24,Rep_19,24-08-2024,25-08-2024,24-09-2024,04-10-2024,7,5.0,24087.83,Paid
8157,168,56,Rep_22,28-07-2024,29-07-2024,28-08-2024,,4,10.0,9052.45,Pending
8158,469,90,Rep_30,14-04-2025,15-04-2025,15-05-2025,,1,15.0,4805.13,Pending
8159,993,6,Rep_21,02-08-2025,03-08-2025,02-09-2025,,5,10.0,44016.66,BadDebt
8160,291,74,Rep_10,11-12-2024,13-12-2024,12-01-2025,,8,15.0,59552.56,Pending
8161,247,24,Rep_28,06-05-2025,06-05-2025,05-06-2025,11-06-2025,9,15.0,27710.06,Paid
8162,940,41,Rep_20,29-09-2025,30-09-2025,30-10-2025,22-01-2026,3,15.0,9075.63,Late
8163,900,71,Rep_17,14-04-2025,16-04-2025,16-05-2025,17-05-2025,2,20.0,747.79,Paid
8164,949,7,Rep_30,04-06-2024,04-06-2024,04-07-2024,02-07-2024,7,10.0,4422.79,Paid
8165,133,68,Rep_2,15-06-2025,17-06-2025,17-07-2025,21-07-2025,9,10.0,77625.05,Paid
8166,355,97,Rep_22,19-06-2025,19-06-2025,19-07-2025,26-07-2025,4,20.0,24452.35,Paid
8167,669,66,Rep_9,16-03-2025,18-03-2025,17-04-2025,20-04-2025,1,10.0,9958.46,Paid
8168,215,91,Rep_6,22-02-2024,23-02-2024,24-03-2024,22-03-2024,8,20.0,56134.91,Paid
8169,161,90,Rep_24,15-04-2025,17-04-2025,17-05-2025,23-05-2025,1,20.0,4522.47,Paid
8170,686,74,Rep_29,06-12-2024,06-12-2024,05-01-2025,07-01-2025,8,15.0,59552.56,Paid
8171,725,44,Rep_27,14-03-2024,14-03-2024,13-04-2024,17-06-2024,4,15.0,16679.38,Late
8172,42,8,Rep_20,18-01-2025,19-01-2025,18-02-2025,17-02-2025,9,20.0,59314.46,Paid
8173,699,45,Rep_27,25-12-2024,25-12-2024,24-01-2025,30-01-2025,9,10.0,32665.28,Paid
8174,781,85,Rep_24,23-01-2024,25-01-2024,24-02-2024,03-05-2024,2,20.0,3771.78,Late
8175,927,68,Rep_17,05-11-2025,05-11-2025,05-12-2025,03-12-2025,3,15.0,24437.52,Paid
8176,586,5,Rep_4,24-11-2024,26-11-2024,26-12-2024,24-12-2024,8,15.0,6963.47,Paid
8177,761,71,Rep_7,19-04-2024,19-04-2024,19-05-2024,24-05-2024,6,10.0,2523.8,Paid
8178,962,75,Rep_29,12-09-2025,13-09-2025,13-10-2025,,2,5.0,14364.89,BadDebt
8179,371,11,Rep_6,22-09-2024,22-09-2024,22-10-2024,23-10-2024,3,20.0,4842.31,Paid
8180,157,67,Rep_18,08-12-2025,09-12-2025,08-01-2026,,7,10.0,22209.39,BadDebt
8181,369,21,Rep_7,02-11-2024,03-11-2024,03-12-2024,10-02-2025,10,10.0,42043.32,Late
8182,457,14,Rep_27,03-07-2025,05-07-2025,04-08-2025,01-11-2025,3,20.0,7203.17,Late
8183,784,14,Rep_18,16-09-2025,17-09-2025,17-10-2025,16-10-2025,6,10.0,16207.13,Paid
8184,498,6,Rep_1,21-06-2025,22-06-2025,22-07-2025,26-07-2025,8,10.0,70426.66,Paid
8185,112,35,Rep_8,09-08-2024,10-08-2024,09-09-2024,03-11-2024,4,0.0,23973.8,Late
8186,896,10,Rep_29,22-04-2024,22-04-2024,22-05-2024,,1,20.0,4071.5,Pending
8187,698,83,Rep_12,06-06-2025,07-06-2025,07-07-2025,15-07-2025,2,10.0,4027.43,Paid
8188,843,99,Rep_25,18-12-2024,19-12-2024,18-01-2025,20-01-2025,2,10.0,3191.09,Paid
8189,468,37,Rep_16,05-05-2025,05-05-2025,04-06-2025,10-06-2025,8,20.0,43337.66,Paid
8190,396,29,Rep_25,06-11-2024,07-11-2024,07-12-2024,14-12-2024,9,15.0,40334.32,Paid
8191,588,57,Rep_23,19-12-2024,20-12-2024,19-01-2025,,6,5.0,4161.0,Pending
8192,334,26,Rep_27,22-04-2025,22-04-2025,22-05-2025,09-07-2025,8,0.0,68937.12,Late
8193,955,75,Rep_25,25-02-2025,27-02-2025,29-03-2025,02-04-2025,2,20.0,12096.75,Paid
8194,697,85,Rep_2,21-04-2025,23-04-2025,23-05-2025,01-06-2025,4,0.0,9429.44,Paid
8195,342,60,Rep_29,02-03-2024,04-03-2024,03-04-2024,05-04-2024,2,10.0,8350.99,Paid
8196,100,87,Rep_28,23-10-2025,25-10-2025,24-11-2025,31-12-2025,6,20.0,7920.14,Late
8197,883,71,Rep_3,15-01-2025,16-01-2025,15-02-2025,,2,20.0,747.79,Pending
8198,259,58,Rep_30,28-06-2025,29-06-2025,29-07-2025,,9,20.0,19366.13,Pending
8199,474,97,Rep_18,22-01-2025,22-01-2025,21-02-2025,,1,20.0,6113.09,Pending
8200,364,95,Rep_27,28-12-2025,29-12-2025,28-01-2026,,3,0.0,2987.52,Pending
8201,750,94,Rep_1,28-07-2025,30-07-2025,29-08-2025,08-09-2025,10,10.0,24991.2,Paid
8202,456,16,Rep_21,07-06-2025,08-06-2025,08-07-2025,09-07-2025,1,20.0,1063.29,Paid
8203,388,23,Rep_10,18-08-2024,20-08-2024,19-09-2024,21-09-2024,2,10.0,5256.49,Paid
8204,86,60,Rep_5,07-10-2024,09-10-2024,08-11-2024,13-11-2024,2,5.0,8814.94,Paid
8205,760,97,Rep_13,02-10-2024,02-10-2024,01-11-2024,04-11-2024,1,20.0,6113.09,Paid
8206,492,89,Rep_15,29-04-2025,29-04-2025,29-05-2025,,8,20.0,12052.03,Pending
8207,962,72,Rep_27,22-10-2025,23-10-2025,22-11-2025,,3,10.0,14587.86,Pending
8208,464,2,Rep_21,14-10-2024,15-10-2024,14-11-2024,13-11-2024,8,5.0,64139.97,Paid
8209,69,47,Rep_27,09-04-2025,11-04-2025,11-05-2025,11-05-2025,10,5.0,25570.39,Paid
8210,816,74,Rep_19,30-12-2025,01-01-2026,31-01-2026,11-04-2026,3,0.0,26273.19,Late
8211,837,48,Rep_18,16-11-2024,18-11-2024,18-12-2024,,3,10.0,13645.69,Pending
8212,947,64,Rep_28,16-01-2024,18-01-2024,17-02-2024,16-02-2024,3,10.0,11052.99,Paid
8213,803,40,Rep_10,15-04-2024,17-04-2024,17-05-2024,16-05-2024,7,15.0,32794.38,Paid
8214,776,93,Rep_22,31-01-2024,01-02-2024,02-03-2024,03-03-2024,10,20.0,14491.76,Paid
8215,713,98,Rep_9,12-05-2024,12-05-2024,11-06-2024,,10,15.0,10081.0,BadDebt
8216,940,20,Rep_2,28-08-2025,29-08-2025,28-09-2025,08-10-2025,8,0.0,16320.08,Paid
8217,199,67,Rep_30,28-08-2025,28-08-2025,27-09-2025,01-10-2025,3,5.0,10047.11,Paid
8218,416,61,,21-07-2024,23-07-2024,22-08-2024,,7,20.0,4175.75,Pending
8219,391,22,Rep_5,07-05-2024,08-05-2024,07-06-2024,10-06-2024,7,5.0,5601.63,Paid
8220,796,72,Rep_13,12-08-2024,14-08-2024,13-09-2024,18-10-2024,3,10.0,14587.86,Late
8221,971,64,Rep_22,17-07-2024,18-07-2024,17-08-2024,23-08-2024,9,20.0,29474.64,Paid
8222,312,91,Rep_20,23-10-2025,23-10-2025,22-11-2025,24-11-2025,9,10.0,71045.75,Paid
8223,840,71,Rep_9,15-04-2024,15-04-2024,15-05-2024,25-06-2024,2,5.0,888.0,Late
8224,689,22,Rep_9,20-08-2025,22-08-2025,21-09-2025,21-09-2025,6,5.0,4801.4,Paid
8225,536,86,Rep_24,09-01-2024,10-01-2024,09-02-2024,12-02-2024,9,20.0,35155.37,Paid
8226,494,67,Rep_28,13-08-2024,14-08-2024,13-09-2024,15-09-2024,7,15.0,20975.54,Paid
8227,970,84,Rep_18,08-09-2024,10-09-2024,10-10-2024,16-10-2024,3,5.0,2669.97,Paid
8228,388,51,Rep_15,25-07-2024,27-07-2024,26-08-2024,26-08-2024,8,0.0,77759.6,Paid
8229,992,50,Rep_2,21-06-2024,23-06-2024,23-07-2024,25-08-2024,4,10.0,5854.61,Late
8230,280,49,Rep_28,18-09-2025,19-09-2025,19-10-2025,22-10-2025,6,0.0,45501.72,Paid
8231,638,53,Rep_21,04-06-2024,05-06-2024,05-07-2024,10-07-2024,9,20.0,31805.86,Paid
8232,570,19,Rep_1,05-08-2025,06-08-2025,05-09-2025,13-09-2025,9,0.0,84400.29,Paid
8233,883,14,Rep_27,14-05-2025,16-05-2025,15-06-2025,21-06-2025,3,0.0,9003.96,Paid
8234,561,49,Rep_30,17-07-2025,17-07-2025,16-08-2025,20-08-2025,4,10.0,27301.03,Paid
8235,675,15,Rep_30,24-03-2024,26-03-2024,25-04-2024,26-04-2024,2,15.0,10499.91,Paid
8236,6,13,Rep_15,17-06-2025,17-06-2025,17-07-2025,22-07-2025,9,10.0,54443.02,Paid
8237,895,69,Rep_1,08-05-2025,08-05-2025,07-06-2025,10-06-2025,1,15.0,7128.36,Paid
8238,850,73,Rep_14,22-11-2024,23-11-2024,23-12-2024,,6,10.0,19532.02,Pending
8239,261,90,Rep_20,10-03-2024,11-03-2024,10-04-2024,,6,15.0,28830.76,Pending
8240,633,7,Rep_22,14-04-2025,16-04-2025,16-05-2025,18-05-2025,6,0.0,4212.18,Paid
8241,946,67,Rep_19,19-07-2025,21-07-2025,20-08-2025,26-08-2025,1,10.0,3172.77,Paid
8242,800,27,Rep_6,19-11-2025,21-11-2025,21-12-2025,31-12-2025,5,10.0,6809.76,Paid
8243,992,64,Rep_28,08-11-2025,10-11-2025,10-12-2025,09-12-2025,6,0.0,24562.2,Paid
8244,818,63,Rep_7,06-01-2025,08-01-2025,07-02-2025,08-02-2025,2,5.0,3173.63,Paid
8245,594,51,Rep_30,08-07-2024,08-07-2024,07-08-2024,12-08-2024,7,10.0,61235.69,Paid
8246,912,30,Rep_5,29-05-2024,30-05-2024,29-06-2024,04-07-2024,6,0.0,11920.02,Paid
8247,261,43,Rep_12,20-10-2024,21-10-2024,20-11-2024,24-11-2024,9,20.0,1498.18,Paid
8248,551,51,Rep_15,01-07-2024,01-07-2024,31-07-2024,04-08-2024,10,10.0,87479.55,Paid
8249,687,7,Rep_26,06-04-2024,08-04-2024,08-05-2024,01-08-2024,10,10.0,6318.27,Late
8250,944,72,Rep_14,10-02-2025,10-02-2025,12-03-2025,20-03-2025,1,20.0,4322.33,Paid
8251,403,5,Rep_23,24-06-2024,24-06-2024,24-07-2024,28-07-2024,3,20.0,2457.7,Paid
8252,956,33,Rep_25,07-10-2024,07-10-2024,06-11-2024,30-01-2025,10,20.0,11813.36,Late
8253,848,8,Rep_17,19-03-2025,19-03-2025,18-04-2025,,9,10.0,66728.77,BadDebt
8254,429,23,Rep_26,18-02-2024,19-02-2024,20-03-2024,28-03-2024,8,20.0,18689.73,Paid
8255,325,68,Rep_25,06-04-2024,07-04-2024,07-05-2024,05-05-2024,9,20.0,69000.05,Paid
8256,753,47,Rep_22,01-04-2025,02-04-2025,02-05-2025,11-05-2025,7,20.0,15073.07,Paid
8257,584,96,Rep_7,28-09-2024,29-09-2024,29-10-2024,20-01-2025,9,0.0,71794.98,Late
8258,323,59,Rep_28,09-03-2024,10-03-2024,09-04-2024,15-04-2024,6,15.0,15121.24,Paid
8259,267,52,Rep_12,23-07-2024,24-07-2024,23-08-2024,26-08-2024,3,0.0,21951.66,Paid
8260,522,7,Rep_25,19-10-2025,19-10-2025,18-11-2025,,10,20.0,5616.24,BadDebt
8261,765,22,Rep_13,01-07-2025,01-07-2025,31-07-2025,,8,5.0,6401.86,Pending
8262,798,36,Rep_9,13-03-2024,13-03-2024,12-04-2024,16-05-2024,2,5.0,1698.2,Late
8263,634,22,Rep_16,04-03-2024,06-03-2024,05-04-2024,06-04-2024,2,0.0,1684.7,Paid
8264,972,95,Rep_19,29-06-2025,01-07-2025,31-07-2025,,6,5.0,5676.29,Pending
8265,328,9,Rep_10,16-09-2025,17-09-2025,17-10-2025,,3,20.0,498.29,BadDebt
8266,392,36,Rep_28,15-12-2025,17-12-2025,16-01-2026,21-01-2026,7,20.0,5005.22,Paid
8267,902,8,Rep_28,05-08-2024,05-08-2024,04-09-2024,03-12-2024,9,10.0,66728.77,Late
8268,10,13,Rep_9,10-01-2025,12-01-2025,11-02-2025,20-02-2025,7,20.0,37639.62,Paid
8269,519,74,Rep_11,02-08-2024,02-08-2024,01-09-2024,,10,20.0,70061.84,Pending
8270,324,22,Rep_15,27-08-2024,28-08-2024,27-09-2024,01-10-2024,5,5.0,4001.16,Paid
8271,76,41,Rep_7,11-04-2025,13-04-2025,13-05-2025,20-07-2025,10,5.0,33811.16,Late
8272,489,18,Rep_7,04-02-2025,04-02-2025,06-03-2025,05-05-2025,9,20.0,15754.03,Late
8273,761,10,Rep_20,02-10-2024,03-10-2024,02-11-2024,07-11-2024,10,10.0,45804.42,Paid
8274,246,19,Rep_27,03-12-2024,05-12-2024,04-01-2025,08-01-2025,1,10.0,8440.03,Paid
8275,139,46,Rep_26,21-11-2025,21-11-2025,21-12-2025,29-01-2026,9,0.0,7505.37,Late
8276,575,71,Rep_30,02-01-2024,02-01-2024,01-02-2024,02-02-2024,6,5.0,2664.01,Paid
8277,292,57,Rep_21,17-11-2025,17-11-2025,17-12-2025,19-12-2025,10,15.0,6205.0,Paid
8278,181,56,Rep_8,09-06-2025,10-06-2025,10-07-2025,13-07-2025,1,10.0,2263.11,Paid
8279,307,38,Rep_6,06-09-2024,08-09-2024,08-10-2024,17-11-2024,5,15.0,16393.78,Late
8280,234,79,Rep_26,22-10-2024,24-10-2024,23-11-2024,26-11-2024,4,5.0,6147.87,Paid
8281,302,32,Rep_19,17-05-2025,19-05-2025,18-06-2025,10-09-2025,7,5.0,18507.15,Late
8282,351,69,Rep_12,14-11-2025,14-11-2025,14-12-2025,22-12-2025,6,5.0,47801.91,Paid
8283,689,97,Rep_25,30-09-2025,01-10-2025,31-10-2025,04-11-2025,8,15.0,51961.25,Paid
8284,291,37,Rep_11,21-02-2024,21-02-2024,22-03-2024,01-04-2024,5,5.0,32164.67,Paid
8285,278,68,Rep_18,10-06-2025,10-06-2025,10-07-2025,,8,5.0,72833.38,Pending
8286,449,72,Rep_25,14-11-2024,15-11-2024,15-12-2024,18-12-2024,1,10.0,4862.62,Paid
8287,985,51,Rep_25,23-02-2024,24-02-2024,25-03-2024,28-03-2024,3,20.0,23327.88,Paid
8288,293,19,Rep_27,11-06-2024,13-06-2024,13-07-2024,20-07-2024,3,10.0,25320.09,Paid
8289,704,3,Rep_12,06-12-2025,08-12-2025,07-01-2026,07-01-2026,8,10.0,59657.62,Paid
8290,229,76,Rep_29,13-11-2024,13-11-2024,13-12-2024,17-12-2024,3,5.0,28612.12,Paid
8291,691,14,Rep_15,04-07-2024,04-07-2024,03-08-2024,06-08-2024,2,0.0,6002.64,Paid
8292,683,78,Rep_11,22-05-2025,23-05-2025,22-06-2025,,3,5.0,19092.86,Pending
8293,937,40,Rep_9,12-05-2024,12-05-2024,11-06-2024,18-06-2024,4,10.0,19841.98,Paid
8294,477,36,Rep_24,04-01-2024,04-01-2024,03-02-2024,11-02-2024,9,0.0,8044.11,Paid
8295,615,19,Rep_21,17-06-2024,18-06-2024,18-07-2024,21-07-2024,9,20.0,67520.23,Paid
8296,154,28,Rep_19,24-02-2024,25-02-2024,26-03-2024,03-04-2024,2,10.0,7244.33,Paid
8297,492,13,Rep_6,08-02-2024,10-02-2024,11-03-2024,07-06-2024,10,15.0,57131.56,Late
8298,965,47,Rep_25,01-02-2025,03-02-2025,05-03-2025,15-03-2025,2,20.0,4306.59,Paid
8299,80,76,Rep_3,05-04-2025,06-04-2025,06-05-2025,,7,20.0,56220.3,Pending
8300,91,58,Rep_1,04-12-2025,04-12-2025,03-01-2026,05-01-2026,7,15.0,16003.95,Paid
8301,126,31,Rep_26,12-04-2024,13-04-2024,13-05-2024,18-05-2024,2,20.0,7439.98,Paid
8302,77,29,Rep_5,28-12-2025,29-12-2025,28-01-2026,28-01-2026,2,20.0,8435.94,Paid
8303,696,64,Rep_30,09-10-2025,09-10-2025,08-11-2025,07-11-2025,9,10.0,33158.97,Paid
8304,118,36,Rep_23,29-06-2025,01-07-2025,31-07-2025,,10,20.0,7150.32,Pending
8305,33,90,Rep_28,14-04-2024,14-04-2024,14-05-2024,22-05-2024,4,10.0,20351.12,Paid
8306,920,4,Rep_4,22-03-2025,22-03-2025,21-04-2025,,3,20.0,7046.5,Pending
8307,606,39,Rep_1,07-02-2024,08-02-2024,09-03-2024,13-03-2024,4,15.0,24758.49,Paid
8308,864,65,Rep_26,10-06-2024,12-06-2024,12-07-2024,11-07-2024,2,20.0,5084.11,Paid
8309,595,84,Rep_12,25-04-2024,26-04-2024,26-05-2024,30-05-2024,7,10.0,5902.03,Paid
8310,146,33,Rep_19,01-12-2024,02-12-2024,01-01-2025,07-01-2025,2,0.0,2953.34,Paid
8311,372,51,Rep_16,19-11-2024,21-11-2024,21-12-2024,22-12-2024,8,20.0,62207.68,Paid
8312,260,46,Rep_27,21-06-2025,21-06-2025,21-07-2025,19-07-2025,3,5.0,2376.7,Paid
8313,911,20,Rep_23,11-05-2025,12-05-2025,11-06-2025,06-08-2025,7,5.0,13566.07,Late
8314,325,46,Rep_20,03-12-2024,04-12-2024,03-01-2025,03-02-2025,6,20.0,4002.86,Late
8315,398,28,Rep_17,12-09-2025,12-09-2025,12-10-2025,16-10-2025,5,0.0,20123.15,Paid
8316,587,48,Rep_26,30-10-2025,01-11-2025,01-12-2025,11-02-2026,1,15.0,4295.87,Late
8317,844,75,Rep_30,14-03-2025,14-03-2025,13-04-2025,19-04-2025,9,15.0,57837.6,Paid
8318,985,68,Rep_1,07-06-2025,09-06-2025,09-07-2025,12-07-2025,2,20.0,15333.34,Paid
8319,380,65,Rep_10,01-02-2025,01-02-2025,03-03-2025,11-03-2025,1,10.0,2859.81,Paid
8320,593,83,Rep_17,27-11-2025,27-11-2025,27-12-2025,30-12-2025,2,10.0,4027.43,Paid
8321,599,15,Rep_30,03-01-2025,05-01-2025,04-02-2025,06-02-2025,10,0.0,61764.2,Paid
8322,63,33,Rep_26,12-04-2024,14-04-2024,14-05-2024,02-08-2024,1,20.0,1181.34,Late
8323,175,76,Rep_2,21-07-2024,23-07-2024,22-08-2024,22-08-2024,6,20.0,48188.83,Paid
8324,18,96,Rep_18,17-08-2025,17-08-2025,16-09-2025,10-12-2025,8,5.0,60626.87,Late
8325,11,66,Rep_22,29-06-2024,01-07-2024,31-07-2024,31-07-2024,4,20.0,35407.84,Paid
8326,338,52,Rep_22,05-03-2025,06-03-2025,05-04-2025,11-04-2025,7,5.0,48659.51,Paid
8327,912,100,Rep_20,23-01-2025,25-01-2025,24-02-2025,22-02-2025,1,0.0,3348.61,Paid
8328,417,72,Rep_21,30-12-2024,01-01-2025,31-01-2025,02-02-2025,2,15.0,9184.95,Paid
8329,85,56,Rep_24,08-11-2025,08-11-2025,08-12-2025,15-12-2025,4,0.0,10058.28,Paid
8330,895,85,Rep_23,29-12-2025,31-12-2025,30-01-2026,05-02-2026,10,5.0,22394.92,Paid
8331,839,24,Rep_2,24-12-2024,26-12-2024,25-01-2025,,2,20.0,5795.57,Pending
8332,428,78,Rep_21,08-01-2025,09-01-2025,08-02-2025,17-02-2025,6,20.0,32156.4,Paid
8333,320,42,Rep_17,18-04-2024,20-04-2024,20-05-2024,24-05-2024,6,0.0,62801.76,Paid
8334,291,31,Rep_18,25-10-2024,26-10-2024,25-11-2024,23-11-2024,3,0.0,13949.97,Paid
8335,178,36,Rep_21,07-03-2025,07-03-2025,06-04-2025,07-04-2025,3,20.0,2145.1,Paid
8336,218,42,Rep_27,25-08-2024,27-08-2024,26-09-2024,25-09-2024,2,15.0,17793.83,Paid
8337,558,40,Rep_18,04-01-2025,06-01-2025,05-02-2025,08-02-2025,9,15.0,42164.2,Paid
8338,991,35,Rep_13,18-07-2024,18-07-2024,17-08-2024,16-08-2024,7,10.0,37758.74,Paid
8339,59,43,Rep_19,11-07-2024,13-07-2024,12-08-2024,10-08-2024,8,10.0,1498.18,Paid
8340,756,73,Rep_8,30-06-2025,02-07-2025,01-08-2025,30-07-2025,8,10.0,26042.69,Paid
8341,100,47,Rep_5,04-08-2025,06-08-2025,05-09-2025,13-09-2025,9,15.0,20590.89,Paid
8342,69,43,Rep_23,09-09-2025,09-09-2025,09-10-2025,,7,20.0,1165.25,Pending
8343,118,86,Rep_28,20-04-2024,22-04-2024,22-05-2024,18-07-2024,1,15.0,4150.29,Late
8344,812,11,Rep_4,10-11-2025,12-11-2025,12-12-2025,21-12-2025,8,15.0,13719.88,Paid
8345,451,76,Rep_3,23-06-2024,25-06-2024,25-07-2024,,2,20.0,16062.94,Pending
8346,39,66,Rep_24,03-07-2025,04-07-2025,03-08-2025,13-08-2025,4,10.0,39833.82,Paid
8347,980,55,Rep_25,07-08-2024,09-08-2024,08-09-2024,14-09-2024,5,15.0,24315.36,Paid
8348,412,58,Rep_18,17-08-2025,18-08-2025,17-09-2025,,4,10.0,9683.06,Pending
8349,43,83,Rep_16,11-12-2024,11-12-2024,10-01-2025,13-01-2025,6,15.0,11411.05,Paid
8350,779,70,Rep_6,14-11-2025,16-11-2025,16-12-2025,20-12-2025,10,15.0,72753.8,Paid
8351,165,39,Rep_16,14-10-2024,15-10-2024,14-11-2024,21-11-2024,1,5.0,6917.81,Paid
8352,725,17,Rep_16,02-10-2024,02-10-2024,01-11-2024,03-11-2024,2,20.0,12371.9,Paid
8353,604,20,Rep_22,20-06-2025,22-06-2025,22-07-2025,04-10-2025,7,20.0,11424.06,Late
8354,955,74,Rep_19,21-03-2024,22-03-2024,21-04-2024,27-04-2024,1,0.0,8757.73,Paid
8355,335,13,Rep_14,04-01-2024,04-01-2024,03-02-2024,09-02-2024,5,5.0,31926.46,Paid
8356,323,10,Rep_12,11-05-2025,13-05-2025,12-06-2025,19-06-2025,3,0.0,15268.14,Paid
8357,152,14,Rep_25,15-10-2024,16-10-2024,15-11-2024,13-11-2024,10,15.0,25511.22,Paid
8358,918,57,Rep_1,02-05-2025,03-05-2025,02-06-2025,29-07-2025,5,0.0,3650.0,Late
8359,172,91,Rep_5,05-06-2024,06-06-2024,06-07-2024,27-09-2024,9,10.0,71045.75,Late
8360,161,66,Rep_12,23-11-2024,25-11-2024,25-12-2024,24-12-2024,3,0.0,33194.85,Paid
8361,654,40,Rep_23,24-06-2025,25-06-2025,25-07-2025,27-07-2025,10,20.0,44093.28,Paid
8362,623,38,Rep_30,14-05-2024,16-05-2024,15-06-2024,24-06-2024,10,5.0,36644.92,Paid
8363,842,78,Rep_22,26-03-2025,27-03-2025,26-04-2025,01-05-2025,6,20.0,32156.4,Paid
8364,124,82,Rep_28,11-04-2025,12-04-2025,12-05-2025,19-05-2025,5,10.0,17838.63,Paid
8365,886,83,Rep_27,08-05-2025,08-05-2025,07-06-2025,08-06-2025,7,20.0,12529.78,Paid
8366,611,10,Rep_3,19-04-2024,20-04-2024,20-05-2024,22-05-2024,4,0.0,20357.52,Paid
8367,567,62,Rep_10,19-10-2024,19-10-2024,18-11-2024,,8,10.0,51064.42,BadDebt
8368,298,30,Rep_22,26-08-2025,28-08-2025,27-09-2025,,1,0.0,1986.67,Pending
8369,11,58,Rep_14,08-11-2024,09-11-2024,09-12-2024,07-12-2024,2,20.0,4303.58,Paid
8370,994,91,Rep_21,06-10-2025,08-10-2025,07-11-2025,13-11-2025,3,10.0,23681.92,Paid
8371,989,39,Rep_19,20-05-2024,21-05-2024,20-06-2024,25-07-2024,5,10.0,32768.6,Late
8372,876,73,Rep_1,25-08-2025,27-08-2025,26-09-2025,03-12-2025,2,10.0,6510.67,Late
8373,276,84,Rep_15,01-02-2024,02-02-2024,03-03-2024,09-03-2024,9,15.0,7166.75,Paid
8374,351,12,Rep_7,08-06-2025,09-06-2025,09-07-2025,13-07-2025,2,10.0,18414.41,Paid
8375,279,84,Rep_6,26-09-2024,26-09-2024,26-10-2024,21-12-2024,1,0.0,936.83,Late
8376,782,76,,26-04-2025,27-04-2025,27-05-2025,,7,20.0,56220.3,BadDebt
8377,639,94,Rep_7,25-06-2025,25-06-2025,25-07-2025,30-07-2025,4,20.0,8885.76,Paid
8378,87,24,,08-10-2025,09-10-2025,08-11-2025,16-11-2025,4,10.0,13040.03,Paid
8379,106,14,Rep_22,29-02-2024,29-02-2024,30-03-2024,08-04-2024,3,20.0,7203.17,Paid
8380,459,30,,21-11-2025,21-11-2025,21-12-2025,,2,15.0,3377.34,Pending
8381,41,33,Rep_15,24-01-2025,25-01-2025,24-02-2025,26-02-2025,7,15.0,8786.19,Paid
8382,66,18,Rep_8,19-12-2025,20-12-2025,19-01-2026,20-01-2026,3,15.0,5579.55,Paid
8383,232,73,Rep_12,05-04-2025,07-04-2025,07-05-2025,08-05-2025,8,10.0,26042.69,Paid
8384,776,84,Rep_11,25-09-2024,27-09-2024,27-10-2024,27-10-2024,1,20.0,749.46,Paid
8385,622,31,Rep_19,19-07-2024,21-07-2024,20-08-2024,09-10-2024,5,5.0,22087.45,Late
8386,774,42,Rep_17,13-08-2024,13-08-2024,12-09-2024,22-09-2024,4,20.0,33494.27,Paid
8387,80,35,Rep_11,28-10-2025,28-10-2025,27-11-2025,,8,0.0,47947.6,Pending
8388,196,14,Rep_27,15-08-2024,17-08-2024,16-09-2024,,4,15.0,10204.49,Pending
8389,369,89,Rep_30,05-06-2025,07-06-2025,07-07-2025,16-09-2025,9,20.0,13558.54,Late
8390,689,41,,26-01-2024,26-01-2024,25-02-2024,01-03-2024,6,20.0,17083.54,Paid
8391,950,8,Rep_18,19-03-2024,19-03-2024,18-04-2024,17-04-2024,10,10.0,74143.08,Paid
8392,573,76,Rep_19,22-08-2024,24-08-2024,23-09-2024,,9,5.0,85836.36,Pending
8393,42,65,Rep_14,04-05-2025,05-05-2025,04-06-2025,10-06-2025,1,20.0,2542.06,Paid
8394,481,81,Rep_7,14-10-2025,14-10-2025,13-11-2025,22-11-2025,9,5.0,10833.11,Paid
8395,430,28,Rep_5,23-08-2024,25-08-2024,24-09-2024,02-10-2024,2,15.0,6841.87,Paid
8396,279,86,Rep_3,06-06-2024,08-06-2024,08-07-2024,07-09-2024,9,5.0,41747.0,Late
8397,779,46,Rep_11,12-12-2025,12-12-2025,11-01-2026,16-02-2026,9,5.0,7130.1,Late
8398,84,27,Rep_7,25-11-2025,27-11-2025,27-12-2025,25-12-2025,9,5.0,12938.54,Paid
8399,293,56,Rep_25,27-05-2024,27-05-2024,26-06-2024,28-06-2024,3,10.0,6789.34,Paid
8400,841,62,Rep_7,12-10-2024,12-10-2024,11-11-2024,10-11-2024,5,10.0,31915.26,Paid
8401,907,28,Rep_24,13-02-2025,14-02-2025,16-03-2025,,8,15.0,27367.48,Pending
8402,699,98,Rep_27,31-08-2025,02-09-2025,02-10-2025,12-10-2025,7,0.0,8302.0,Paid
8403,650,40,Rep_15,11-01-2024,13-01-2024,12-02-2024,17-02-2024,8,0.0,44093.28,Paid
8404,508,72,Rep_4,11-09-2025,13-09-2025,13-10-2025,,9,15.0,41332.26,Pending
8405,635,7,Rep_11,08-05-2024,09-05-2024,08-06-2024,12-08-2024,4,20.0,2246.5,Late
8406,405,84,Rep_25,28-04-2025,29-04-2025,29-05-2025,03-06-2025,3,20.0,2248.39,Paid
8407,859,59,Rep_7,12-10-2025,12-10-2025,11-11-2025,17-11-2025,3,20.0,7115.88,Paid
8408,230,32,Rep_13,25-07-2025,26-07-2025,25-08-2025,23-10-2025,10,5.0,26438.78,Late
8409,898,18,Rep_28,11-06-2024,11-06-2024,11-07-2024,13-07-2024,5,15.0,9299.25,Paid
8410,775,86,Rep_19,23-09-2025,25-09-2025,25-10-2025,29-10-2025,10,0.0,48826.9,Paid
8411,991,26,Rep_19,04-01-2024,04-01-2024,03-02-2024,10-03-2024,6,20.0,41362.27,Late
8412,707,76,Rep_28,20-09-2024,22-09-2024,22-10-2024,01-11-2024,5,15.0,42667.2,Paid
8413,381,96,Rep_18,31-01-2025,02-02-2025,04-03-2025,14-03-2025,9,10.0,64615.48,Paid
8414,746,3,Rep_2,31-08-2025,02-09-2025,02-10-2025,12-10-2025,1,20.0,6628.62,Paid
8415,763,38,Rep_30,01-03-2024,01-03-2024,31-03-2024,09-04-2024,6,15.0,19672.54,Paid
8416,695,83,Rep_25,18-02-2024,20-02-2024,21-03-2024,28-03-2024,6,10.0,12082.28,Paid
8417,466,18,Rep_14,16-10-2025,18-10-2025,17-11-2025,16-11-2025,7,0.0,15316.42,Paid
8418,143,50,Rep_26,03-04-2025,03-04-2025,03-05-2025,,10,15.0,13823.38,Pending
8419,611,64,Rep_5,03-02-2025,04-02-2025,06-03-2025,19-05-2025,4,0.0,16374.8,Late
8420,501,76,Rep_11,16-01-2025,17-01-2025,16-02-2025,24-02-2025,1,5.0,9537.37,Paid
8421,464,18,Rep_13,26-01-2024,26-01-2024,25-02-2024,04-03-2024,2,20.0,3500.9,Paid
8422,208,76,Rep_7,02-02-2025,02-02-2025,04-03-2025,13-03-2025,7,20.0,56220.3,Paid
8423,354,53,Rep_21,29-11-2025,30-11-2025,30-12-2025,05-01-2026,2,20.0,7067.97,Paid
8424,51,61,Rep_24,28-06-2025,28-06-2025,28-07-2025,27-07-2025,8,15.0,5070.56,Paid
8425,603,76,Rep_12,20-03-2025,20-03-2025,19-04-2025,22-04-2025,3,10.0,27106.22,Paid
8426,809,84,Rep_16,12-03-2024,12-03-2024,11-04-2024,19-04-2024,3,10.0,2529.44,Paid
8427,140,84,Rep_13,27-06-2024,29-06-2024,29-07-2024,31-07-2024,3,20.0,2248.39,Paid
8428,71,67,Rep_9,26-05-2024,28-05-2024,27-06-2024,05-07-2024,4,0.0,14101.2,Paid
8429,580,9,Rep_22,27-04-2025,27-04-2025,27-05-2025,,1,0.0,207.62,Pending
8430,560,60,Rep_5,14-08-2025,15-08-2025,14-09-2025,01-11-2025,2,10.0,8350.99,Late
8431,272,27,Rep_18,31-05-2024,31-05-2024,30-06-2024,09-07-2024,10,15.0,12862.88,Paid
8432,188,97,Rep_2,10-05-2025,10-05-2025,09-06-2025,14-06-2025,4,20.0,24452.35,Paid
8433,216,37,Rep_30,26-07-2025,27-07-2025,26-08-2025,22-10-2025,8,10.0,48754.87,Late
8434,609,1,Rep_15,16-10-2025,16-10-2025,15-11-2025,22-01-2026,8,10.0,39036.38,Late
8435,160,63,Rep_28,28-02-2024,01-03-2024,31-03-2024,03-04-2024,4,0.0,6681.32,Paid
8436,299,30,Rep_26,01-11-2024,02-11-2024,02-12-2024,06-12-2024,7,0.0,13906.69,Paid
8437,418,20,Rep_28,30-08-2024,30-08-2024,29-09-2024,01-10-2024,9,5.0,17442.09,Paid
8438,217,89,Rep_6,06-07-2024,06-07-2024,05-08-2024,10-08-2024,3,10.0,5084.45,Paid
8439,182,41,Rep_2,20-11-2024,21-11-2024,21-12-2024,20-12-2024,6,5.0,20286.7,Paid
8440,113,13,Rep_2,15-05-2025,17-05-2025,16-06-2025,26-06-2025,6,0.0,40328.16,Paid
8441,561,46,Rep_29,27-09-2024,29-09-2024,29-10-2024,29-10-2024,5,20.0,3335.72,Paid
8442,60,14,Rep_4,13-12-2024,14-12-2024,13-01-2025,15-01-2025,4,15.0,10204.49,Paid
8443,526,76,Rep_11,11-06-2024,13-06-2024,13-07-2024,15-07-2024,5,15.0,42667.2,Paid
8444,804,12,Rep_2,23-02-2024,23-02-2024,24-03-2024,31-03-2024,10,5.0,97187.18,Paid
8445,501,62,Rep_15,31-05-2024,02-06-2024,02-07-2024,03-07-2024,4,5.0,26950.66,Paid
8446,157,76,Rep_25,08-11-2024,09-11-2024,09-12-2024,09-12-2024,9,20.0,72283.25,Paid
8447,718,75,Rep_19,11-10-2025,11-10-2025,10-11-2025,17-11-2025,5,15.0,32132.0,Paid
8448,491,7,Rep_7,30-04-2025,02-05-2025,01-06-2025,06-06-2025,10,0.0,7020.3,Paid
8449,731,25,Rep_18,01-07-2025,03-07-2025,02-08-2025,06-08-2025,10,15.0,3848.72,Paid
8450,527,68,Rep_27,04-03-2025,06-03-2025,05-04-2025,08-04-2025,9,20.0,69000.05,Paid
8451,408,91,Rep_30,17-02-2025,19-02-2025,21-03-2025,21-03-2025,3,20.0,21050.59,Paid
8452,254,79,Rep_29,11-11-2025,12-11-2025,12-12-2025,16-12-2025,1,0.0,1617.86,Paid
8453,408,87,Rep_19,28-10-2025,30-10-2025,29-11-2025,06-12-2025,10,15.0,14025.26,Paid
8454,455,100,Rep_21,01-04-2024,02-04-2024,02-05-2024,09-05-2024,9,20.0,24109.99,Paid
8455,134,60,Rep_2,18-04-2025,19-04-2025,19-05-2025,,1,10.0,4175.5,Pending
8456,558,82,Rep_5,17-07-2024,18-07-2024,17-08-2024,,5,0.0,19820.7,Pending
8457,635,42,Rep_20,27-11-2024,28-11-2024,28-12-2024,30-12-2024,8,20.0,66988.54,Paid
8458,592,22,Rep_18,17-02-2025,19-02-2025,21-03-2025,27-03-2025,2,5.0,1600.46,Paid
8459,887,69,Rep_18,07-12-2024,07-12-2024,06-01-2025,16-03-2025,3,20.0,20127.12,Late
8460,396,91,Rep_29,21-12-2024,21-12-2024,20-01-2025,30-03-2025,6,5.0,49995.16,Late
8461,873,68,Rep_1,06-01-2024,06-01-2024,05-02-2024,,1,5.0,9104.17,Pending
8462,464,35,Rep_3,22-04-2024,22-04-2024,22-05-2024,31-05-2024,1,0.0,5993.45,Paid
8463,48,58,Rep_9,14-11-2025,16-11-2025,16-12-2025,25-12-2025,10,10.0,24207.66,Paid
8464,799,21,Rep_13,30-06-2024,01-07-2024,31-07-2024,,10,15.0,39707.58,BadDebt
8465,559,50,Rep_11,16-08-2024,18-08-2024,17-09-2024,21-09-2024,4,10.0,5854.61,Paid
8466,801,61,Rep_1,13-01-2024,14-01-2024,13-02-2024,,8,20.0,4772.29,Pending
8467,964,22,Rep_16,28-08-2025,30-08-2025,29-09-2025,09-10-2025,8,20.0,5391.04,Paid
8468,148,11,Rep_22,09-12-2024,11-12-2024,10-01-2025,11-01-2025,2,10.0,3631.73,Paid
8469,760,32,Rep_5,21-04-2024,22-04-2024,22-05-2024,25-05-2024,3,10.0,7514.18,Paid
8470,646,87,Rep_26,03-04-2024,03-04-2024,03-05-2024,12-05-2024,5,20.0,6600.12,Paid
8471,971,1,Rep_8,09-04-2024,09-04-2024,09-05-2024,11-05-2024,1,0.0,5421.72,Paid
8472,721,34,Rep_18,06-02-2025,08-02-2025,10-03-2025,18-03-2025,10,10.0,35878.32,Paid
8473,964,76,Rep_26,14-02-2024,16-02-2024,17-03-2024,,3,15.0,25600.32,Pending
8474,156,31,Rep_23,09-07-2025,09-07-2025,08-08-2025,15-08-2025,7,20.0,26039.94,Paid
8475,890,89,Rep_30,13-03-2024,15-03-2024,14-04-2024,13-04-2024,8,0.0,15065.04,Paid
8476,117,74,Rep_22,21-04-2025,22-04-2025,22-05-2025,27-05-2025,5,10.0,39409.78,Paid
8477,485,81,,03-06-2025,03-06-2025,03-07-2025,08-07-2025,4,20.0,4054.5,Paid
8478,421,83,Rep_14,26-12-2025,27-12-2025,26-01-2026,03-02-2026,3,0.0,6712.38,Paid
8479,783,20,Rep_6,19-06-2025,21-06-2025,21-07-2025,,10,10.0,18360.09,Pending
8480,695,74,Rep_22,09-07-2024,10-07-2024,09-08-2024,,1,20.0,7006.18,BadDebt
8481,545,92,Rep_16,25-10-2024,25-10-2024,24-11-2024,01-12-2024,10,0.0,43411.6,Paid
8482,39,62,Rep_7,21-05-2025,21-05-2025,20-06-2025,22-06-2025,2,10.0,12766.1,Paid
8483,476,67,Rep_1,21-07-2025,23-07-2025,22-08-2025,,5,10.0,15863.85,Pending
8484,678,76,Rep_6,21-07-2025,22-07-2025,21-08-2025,30-08-2025,6,5.0,57224.24,Paid
8485,610,20,Rep_25,15-01-2025,17-01-2025,16-02-2025,,8,15.0,13872.07,Pending
8486,774,90,Rep_14,08-02-2025,10-02-2025,12-03-2025,16-03-2025,10,0.0,56530.9,Paid
8487,682,18,Rep_12,28-08-2024,30-08-2024,29-09-2024,28-09-2024,5,0.0,10940.3,Paid
8488,46,98,Rep_17,22-12-2024,22-12-2024,21-01-2025,,8,10.0,8539.2,BadDebt
8489,86,84,Rep_13,05-06-2024,05-06-2024,05-07-2024,27-09-2024,9,15.0,7166.75,Late
8490,911,75,Rep_25,28-03-2024,28-03-2024,27-04-2024,,7,5.0,50277.13,Pending
8491,383,25,Rep_7,25-03-2025,27-03-2025,26-04-2025,24-04-2025,8,0.0,3622.32,Paid
8492,900,93,Rep_29,06-05-2024,08-05-2024,07-06-2024,26-08-2024,7,20.0,10144.23,Late
8493,679,92,Rep_29,17-05-2024,17-05-2024,16-06-2024,18-06-2024,10,10.0,39070.44,Paid
8494,80,64,Rep_24,07-02-2024,08-02-2024,09-03-2024,07-03-2024,4,0.0,16374.8,Paid
8495,894,54,Rep_10,11-02-2024,11-02-2024,12-03-2024,19-03-2024,6,20.0,32007.17,Paid
8496,90,81,Rep_29,22-03-2024,22-03-2024,21-04-2024,,8,5.0,9629.43,Pending
8497,836,10,Rep_10,04-03-2024,05-03-2024,04-04-2024,,10,15.0,43259.73,Pending
8498,440,97,Rep_26,20-08-2025,22-08-2025,21-09-2025,,1,15.0,6495.16,Pending
8499,751,19,Rep_5,15-02-2025,15-02-2025,17-03-2025,17-03-2025,5,5.0,44544.6,Paid
8500,283,24,Rep_25,10-08-2025,11-08-2025,10-09-2025,13-09-2025,4,20.0,11591.14,Paid
8501,320,4,Rep_12,07-09-2025,08-09-2025,08-10-2025,17-10-2025,7,0.0,20552.28,Paid
8502,757,28,Rep_15,06-05-2024,06-05-2024,05-06-2024,14-06-2024,1,20.0,3219.7,Paid
8503,64,99,Rep_6,13-11-2025,15-11-2025,15-12-2025,,2,20.0,2836.53,Pending
8504,134,23,Rep_8,07-02-2024,08-02-2024,09-03-2024,23-04-2024,1,0.0,2920.27,Late
8505,326,4,Rep_15,02-10-2024,03-10-2024,02-11-2024,07-11-2024,8,5.0,22313.9,Paid
8506,875,26,Rep_22,11-10-2025,12-10-2025,11-11-2025,14-11-2025,3,15.0,21973.71,Paid
8507,613,71,Rep_30,13-06-2025,13-06-2025,13-07-2025,,6,0.0,2804.22,Pending
8508,853,56,Rep_10,19-02-2025,19-02-2025,21-03-2025,24-03-2025,10,5.0,23888.42,Paid
8509,835,37,Rep_29,27-09-2024,27-09-2024,27-10-2024,19-12-2024,4,20.0,21668.83,Late
8510,800,53,Rep_3,15-02-2024,16-02-2024,17-03-2024,24-03-2024,5,0.0,22087.4,Paid
8511,981,38,Rep_24,15-08-2025,16-08-2025,15-09-2025,,8,5.0,29315.94,Pending
8512,304,41,Rep_7,26-01-2025,26-01-2025,25-02-2025,05-03-2025,2,5.0,6762.23,Paid
8513,741,49,Rep_17,27-04-2025,28-04-2025,28-05-2025,26-05-2025,4,0.0,30334.48,Paid
8514,527,24,Rep_13,25-09-2025,26-09-2025,26-10-2025,31-10-2025,10,15.0,30788.96,Paid
8515,497,68,Rep_6,05-08-2025,07-08-2025,06-09-2025,12-09-2025,1,0.0,9583.34,Paid
8516,270,17,Rep_29,15-04-2024,15-04-2024,15-05-2024,,3,10.0,20877.59,BadDebt
8517,904,34,Rep_24,04-10-2024,06-10-2024,05-11-2024,10-11-2024,3,0.0,11959.44,Paid
8518,180,41,Rep_4,23-08-2025,24-08-2025,23-09-2025,,7,15.0,21176.47,Pending
8519,196,92,Rep_11,25-12-2024,25-12-2024,24-01-2025,31-01-2025,4,15.0,14759.94,Paid
8520,962,97,Rep_15,07-01-2025,08-01-2025,07-02-2025,14-02-2025,8,15.0,51961.25,Paid
8521,799,54,Rep_27,03-01-2025,03-01-2025,02-02-2025,,5,20.0,26672.64,Pending
8522,111,1,Rep_3,02-03-2024,04-03-2024,03-04-2024,01-04-2024,1,10.0,4879.55,Paid
8523,247,53,Rep_25,20-02-2025,20-02-2025,22-03-2025,26-03-2025,7,0.0,30922.36,Paid
8524,95,90,Rep_15,06-04-2025,07-04-2025,07-05-2025,15-05-2025,9,20.0,40702.25,Paid
8525,60,14,Rep_17,21-03-2024,23-03-2024,22-04-2024,20-04-2024,1,5.0,2851.25,Paid
8526,485,29,Rep_19,09-05-2025,09-05-2025,08-06-2025,08-06-2025,5,10.0,23726.07,Paid
8527,66,29,Rep_18,10-05-2024,10-05-2024,09-06-2024,13-06-2024,7,10.0,33216.5,Paid
8528,490,82,Rep_15,24-02-2024,26-02-2024,27-03-2024,31-03-2024,10,10.0,35677.26,Paid
8529,791,71,Rep_2,08-10-2024,09-10-2024,08-11-2024,16-11-2024,4,10.0,1682.53,Paid
8530,731,45,Rep_11,29-12-2025,29-12-2025,28-01-2026,28-01-2026,9,10.0,32665.28,Paid
8531,519,93,Rep_8,13-01-2025,15-01-2025,14-02-2025,18-02-2025,10,15.0,15397.5,Paid
8532,463,66,Rep_17,22-09-2025,22-09-2025,22-10-2025,31-10-2025,5,10.0,49792.28,Paid
8533,169,3,Rep_15,17-01-2025,18-01-2025,17-02-2025,23-02-2025,4,10.0,29828.81,Paid
8534,959,97,Rep_29,05-07-2025,05-07-2025,04-08-2025,,6,10.0,41263.34,Pending
8535,726,22,Rep_27,15-03-2024,16-03-2024,15-04-2024,13-04-2024,8,15.0,5727.98,Paid
8536,209,78,Rep_28,08-12-2025,08-12-2025,07-01-2026,10-01-2026,8,20.0,42875.2,Paid
8537,349,39,Rep_30,26-05-2025,27-05-2025,26-06-2025,06-07-2025,5,10.0,32768.6,Paid
8538,801,54,Rep_30,06-05-2025,08-05-2025,07-06-2025,11-06-2025,3,15.0,17003.81,Paid
8539,208,61,Rep_12,08-11-2025,09-11-2025,09-12-2025,17-12-2025,2,15.0,1267.64,Paid
8540,669,30,Rep_6,09-06-2024,09-06-2024,09-07-2024,13-07-2024,2,5.0,3774.67,Paid
8541,799,7,Rep_16,14-05-2024,16-05-2024,15-06-2024,16-06-2024,5,0.0,3510.15,Paid
8542,400,20,Rep_15,15-08-2025,16-08-2025,15-09-2025,24-09-2025,5,5.0,9690.05,Paid
8543,339,20,Rep_27,05-12-2025,05-12-2025,04-01-2026,08-01-2026,1,15.0,1734.01,Paid
8544,765,14,Rep_23,01-04-2025,03-04-2025,03-05-2025,13-05-2025,2,15.0,5102.24,Paid
8545,295,93,Rep_17,15-01-2024,15-01-2024,14-02-2024,15-02-2024,7,0.0,12680.29,Paid
8546,815,91,Rep_12,30-03-2025,01-04-2025,01-05-2025,07-05-2025,5,20.0,35084.32,Paid
8547,831,81,Rep_20,12-06-2024,14-06-2024,14-07-2024,04-10-2024,1,20.0,1013.62,Late
8548,525,74,Rep_11,15-02-2025,15-02-2025,17-03-2025,17-03-2025,4,0.0,35030.92,Paid
8549,430,23,Rep_1,15-02-2025,17-02-2025,19-03-2025,20-04-2025,4,20.0,9344.86,Late
8550,276,72,,25-01-2025,27-01-2025,26-02-2025,24-02-2025,2,15.0,9184.95,Paid
8551,319,88,Rep_13,17-06-2024,17-06-2024,17-07-2024,25-07-2024,9,20.0,44958.24,Paid
8552,41,63,Rep_29,17-07-2024,17-07-2024,16-08-2024,19-08-2024,7,15.0,9938.46,Paid
8553,394,17,Rep_19,25-04-2024,26-04-2024,26-05-2024,05-07-2024,5,20.0,30929.76,Late
8554,668,38,Rep_7,04-12-2025,04-12-2025,03-01-2026,08-01-2026,2,0.0,7714.72,Paid
8555,551,84,Rep_12,27-10-2024,27-10-2024,26-11-2024,19-01-2025,3,15.0,2388.92,Late
8556,368,73,Rep_9,04-07-2024,05-07-2024,04-08-2024,04-08-2024,5,5.0,17180.94,Paid
8557,456,46,Rep_18,07-08-2025,08-08-2025,07-09-2025,07-09-2025,5,20.0,3335.72,Paid
8558,675,14,Rep_2,18-06-2025,19-06-2025,19-07-2025,25-07-2025,9,5.0,25661.29,Paid
8559,438,17,Rep_28,02-10-2024,03-10-2024,02-11-2024,02-11-2024,3,10.0,20877.59,Paid
8560,54,71,Rep_17,23-08-2024,25-08-2024,24-09-2024,30-09-2024,5,15.0,1986.32,Paid
8561,904,24,Rep_24,20-02-2025,22-02-2025,24-03-2025,01-06-2025,2,20.0,5795.57,Late
8562,448,80,Rep_19,20-09-2024,20-09-2024,20-10-2024,18-10-2024,6,10.0,20262.15,Paid
8563,346,48,Rep_14,25-08-2025,25-08-2025,24-09-2025,,9,10.0,40937.08,Pending
8564,940,78,Rep_24,07-06-2025,08-06-2025,08-07-2025,24-09-2025,2,10.0,12058.65,Late
8565,194,72,Rep_15,09-06-2025,10-06-2025,10-07-2025,15-09-2025,8,10.0,38900.95,Late
8566,395,44,Rep_7,06-08-2025,06-08-2025,05-09-2025,09-09-2025,7,0.0,34339.9,Paid
8567,491,50,Rep_1,04-05-2024,05-05-2024,04-06-2024,14-08-2024,9,15.0,12441.04,Late
8568,725,65,Rep_21,25-04-2025,25-04-2025,25-05-2025,,9,15.0,24308.41,Pending
8569,125,2,Rep_14,23-03-2025,24-03-2025,23-04-2025,18-06-2025,5,10.0,37977.62,Late
8570,944,22,Rep_18,29-02-2024,02-03-2024,01-04-2024,31-03-2024,9,15.0,6443.98,Paid
8571,764,51,Rep_21,30-11-2024,02-12-2024,01-01-2025,09-01-2025,10,0.0,97199.5,Paid
8572,16,45,Rep_1,19-11-2025,19-11-2025,19-12-2025,22-12-2025,1,5.0,3831.11,Paid
8573,954,27,Rep_11,27-01-2024,28-01-2024,27-02-2024,,4,0.0,6053.12,BadDebt
8574,765,82,Rep_16,08-07-2024,08-07-2024,07-08-2024,,5,20.0,15856.56,Pending
8575,793,53,Rep_28,30-08-2024,01-09-2024,01-10-2024,09-10-2024,7,0.0,30922.36,Paid
8576,644,92,Rep_14,11-07-2024,13-07-2024,12-08-2024,16-08-2024,6,10.0,23442.26,Paid
8577,84,86,Rep_14,27-03-2024,29-03-2024,28-04-2024,30-04-2024,4,20.0,15624.61,Paid
8578,642,82,Rep_2,11-09-2024,12-09-2024,12-10-2024,15-10-2024,2,10.0,7135.45,Paid
8579,323,26,Rep_24,20-01-2024,20-01-2024,19-02-2024,22-02-2024,9,10.0,69798.83,Paid
8580,635,74,Rep_15,10-03-2024,12-03-2024,11-04-2024,20-04-2024,5,0.0,43788.65,Paid
8581,629,46,Rep_28,21-01-2024,21-01-2024,20-02-2024,,5,10.0,3752.68,Pending
8582,55,41,Rep_30,16-06-2025,18-06-2025,18-07-2025,,2,5.0,6762.23,Pending
8583,673,54,Rep_20,09-11-2025,10-11-2025,10-12-2025,16-12-2025,10,5.0,63347.52,Paid
8584,561,81,Rep_14,11-02-2025,13-02-2025,15-03-2025,10-05-2025,7,15.0,7538.83,Late
8585,529,63,Rep_27,17-11-2024,17-11-2024,17-12-2024,23-12-2024,8,5.0,12694.51,Paid
8586,303,66,Rep_18,13-03-2024,14-03-2024,13-04-2024,15-04-2024,6,10.0,59750.73,Paid
8587,809,76,Rep_16,01-05-2024,01-05-2024,31-05-2024,30-05-2024,8,5.0,76298.98,Paid
8588,191,10,Rep_15,16-08-2025,18-08-2025,17-09-2025,18-09-2025,2,10.0,9160.88,Paid
8589,985,62,Rep_6,20-04-2024,22-04-2024,22-05-2024,01-07-2024,1,5.0,6737.67,Late
8590,627,89,Rep_6,16-02-2025,16-02-2025,18-03-2025,19-03-2025,1,5.0,1788.97,Paid
8591,574,16,Rep_28,28-07-2025,30-07-2025,29-08-2025,06-11-2025,4,5.0,5050.62,Late
8592,57,60,Rep_6,08-06-2025,08-06-2025,08-07-2025,16-07-2025,10,5.0,44074.68,Paid
8593,998,34,Rep_19,17-04-2024,19-04-2024,19-05-2024,22-06-2024,1,5.0,3787.16,Late
8594,427,29,Rep_4,04-08-2024,06-08-2024,05-09-2024,,6,5.0,30053.02,Pending
8595,379,70,Rep_2,14-12-2025,16-12-2025,15-01-2026,,2,20.0,13694.83,Pending
8596,897,30,Rep_24,25-02-2024,27-02-2024,28-03-2024,28-03-2024,8,0.0,15893.36,Paid
8597,654,36,Rep_29,09-11-2024,09-11-2024,09-12-2024,22-01-2025,9,0.0,8044.11,Late
8598,922,35,Rep_9,06-02-2024,07-02-2024,08-03-2024,27-05-2024,6,10.0,32364.63,Late
8599,411,37,Rep_4,04-02-2025,05-02-2025,07-03-2025,07-03-2025,4,0.0,27086.04,Paid
8600,672,56,Rep_16,04-06-2024,06-06-2024,06-07-2024,08-07-2024,9,5.0,21499.57,Paid
8601,226,90,Rep_6,08-03-2024,09-03-2024,08-04-2024,18-04-2024,1,20.0,4522.47,Paid
8602,133,30,Rep_1,17-10-2025,17-10-2025,16-11-2025,23-11-2025,7,0.0,13906.69,Paid
8603,457,79,Rep_2,09-01-2024,10-01-2024,09-02-2024,08-04-2024,4,20.0,5177.15,Late
8604,558,96,Rep_3,30-11-2025,30-11-2025,30-12-2025,28-03-2026,8,10.0,57435.98,Late
8605,786,60,Rep_14,09-06-2024,11-06-2024,11-07-2024,09-07-2024,9,20.0,33403.97,Paid
8606,526,10,Rep_9,24-08-2025,26-08-2025,25-09-2025,01-10-2025,4,10.0,18321.77,Paid
8607,650,12,Rep_3,25-04-2025,26-04-2025,26-05-2025,29-06-2025,4,15.0,34782.78,Late
8608,22,45,Rep_19,21-11-2025,21-11-2025,21-12-2025,20-12-2025,10,20.0,32262.0,Paid
8609,528,98,Rep_17,25-09-2024,26-09-2024,26-10-2024,22-12-2024,6,5.0,6760.2,Late
8610,437,46,Rep_5,17-05-2024,17-05-2024,16-06-2024,14-06-2024,5,0.0,4169.65,Paid
8611,692,19,Rep_24,31-07-2025,01-08-2025,31-08-2025,30-08-2025,1,5.0,8908.92,Paid
8612,863,14,Rep_18,11-01-2025,12-01-2025,11-02-2025,18-02-2025,10,10.0,27011.88,Paid
8613,712,1,Rep_6,27-04-2024,27-04-2024,27-05-2024,,9,5.0,46355.71,BadDebt
8614,70,53,Rep_8,18-07-2024,19-07-2024,18-08-2024,17-08-2024,7,10.0,27830.12,Paid
8615,695,66,Rep_16,06-10-2024,06-10-2024,05-11-2024,13-11-2024,4,15.0,37620.83,Paid
8616,664,93,Rep_30,31-03-2024,02-04-2024,02-05-2024,30-04-2024,2,10.0,3260.65,Paid
8617,636,38,Rep_29,18-11-2025,20-11-2025,20-12-2025,27-12-2025,1,10.0,3471.62,Paid
8618,562,43,Rep_4,31-05-2025,01-06-2025,01-07-2025,09-07-2025,10,0.0,2080.8,Paid
8619,785,94,Rep_22,23-02-2024,24-02-2024,25-03-2024,24-03-2024,2,15.0,4720.56,Paid
8620,442,52,Rep_16,11-09-2024,11-09-2024,11-10-2024,,4,20.0,23415.1,Pending
8621,78,64,Rep_12,12-08-2025,14-08-2025,13-09-2025,21-09-2025,9,20.0,29474.64,Paid
8622,502,40,Rep_16,27-10-2025,28-10-2025,27-11-2025,28-11-2025,2,5.0,10472.15,Paid
8623,384,80,Rep_10,19-04-2024,21-04-2024,21-05-2024,31-05-2024,9,20.0,27016.2,Paid
8624,794,39,Rep_16,19-01-2024,19-01-2024,18-02-2024,27-02-2024,5,20.0,29127.64,Paid
8625,652,35,Rep_3,22-04-2025,22-04-2025,22-05-2025,,3,0.0,17980.35,BadDebt
8626,473,100,Rep_8,07-03-2025,07-03-2025,06-04-2025,08-04-2025,4,10.0,12055.0,Paid
8627,806,77,Rep_29,02-09-2024,04-09-2024,04-10-2024,03-10-2024,7,20.0,5188.74,Paid
8628,753,81,Rep_2,16-03-2025,17-03-2025,16-04-2025,18-04-2025,4,10.0,4561.31,Paid
8629,627,22,Rep_29,05-04-2025,07-04-2025,07-05-2025,05-05-2025,3,15.0,2147.99,Paid
8630,152,65,Rep_21,24-09-2025,24-09-2025,24-10-2025,31-10-2025,1,10.0,2859.81,Paid
8631,213,8,Rep_15,20-09-2024,21-09-2024,21-10-2024,20-12-2024,10,15.0,70024.02,Late
8632,995,13,Rep_30,19-11-2024,20-11-2024,20-12-2024,24-12-2024,8,0.0,53770.88,Paid
8633,991,87,Rep_1,16-07-2025,16-07-2025,15-08-2025,17-08-2025,4,0.0,6600.12,Paid
8634,992,21,Rep_30,19-10-2025,20-10-2025,19-11-2025,20-11-2025,4,10.0,16817.33,Paid
8635,628,95,Rep_13,20-10-2024,21-10-2024,20-11-2024,26-11-2024,2,15.0,1692.93,Paid
8636,582,93,Rep_22,07-12-2024,08-12-2024,07-01-2025,14-01-2025,10,15.0,15397.5,Paid
8637,802,88,Rep_10,21-03-2025,23-03-2025,22-04-2025,08-07-2025,6,15.0,31845.42,Late
8638,531,70,Rep_21,16-10-2025,16-10-2025,15-11-2025,13-11-2025,9,5.0,73181.76,Paid
8639,477,67,Rep_18,12-02-2024,14-02-2024,15-03-2024,15-03-2024,3,15.0,8989.52,Paid
8640,483,58,Rep_19,29-05-2024,31-05-2024,30-06-2024,07-07-2024,9,15.0,20576.51,Paid
8641,892,25,Rep_27,16-11-2025,18-11-2025,18-12-2025,22-12-2025,9,15.0,3463.84,Paid
8642,284,82,Rep_19,07-02-2024,08-02-2024,09-03-2024,14-03-2024,3,20.0,9513.94,Paid
8643,76,28,Rep_15,08-11-2024,08-11-2024,08-12-2024,12-12-2024,1,15.0,3420.94,Paid
8644,947,7,Rep_2,02-02-2025,02-02-2025,04-03-2025,10-03-2025,1,15.0,596.73,Paid
8645,188,66,Rep_28,20-06-2025,22-06-2025,22-07-2025,23-07-2025,4,20.0,35407.84,Paid
8646,289,7,Rep_14,24-10-2024,25-10-2024,24-11-2024,03-12-2024,2,15.0,1193.45,Paid
8647,553,80,Rep_30,21-07-2024,23-07-2024,22-08-2024,01-09-2024,6,15.0,19136.47,Paid
8648,301,48,Rep_26,06-07-2025,06-07-2025,05-08-2025,13-08-2025,8,10.0,36388.51,Paid
8649,32,34,Rep_12,28-08-2024,30-08-2024,29-09-2024,02-10-2024,4,0.0,15945.92,Paid
8650,285,50,Rep_8,04-07-2025,05-07-2025,04-08-2025,09-08-2025,2,5.0,3089.93,Paid
8651,695,67,Rep_24,09-01-2025,10-01-2025,09-02-2025,13-02-2025,7,10.0,22209.39,Paid
8652,731,32,Rep_21,24-06-2024,26-06-2024,26-07-2024,,10,15.0,23655.76,Pending
8653,102,55,Rep_7,23-06-2024,24-06-2024,24-07-2024,30-07-2024,6,15.0,29178.43,Paid
8654,337,72,Rep_22,27-12-2024,27-12-2024,26-01-2025,24-01-2025,9,15.0,41332.26,Paid
8655,426,84,Rep_3,14-12-2025,15-12-2025,14-01-2026,12-04-2026,3,20.0,2248.39,Late
8656,406,42,Rep_12,03-11-2024,03-11-2024,03-12-2024,12-12-2024,1,10.0,9420.26,Paid
8657,664,67,Rep_25,06-07-2025,07-07-2025,06-08-2025,,8,5.0,26792.28,Pending
8658,142,22,Rep_4,30-01-2025,31-01-2025,02-03-2025,10-03-2025,10,20.0,6738.8,Paid
8659,628,83,,30-09-2025,30-09-2025,30-10-2025,09-11-2025,6,5.0,12753.52,Paid
8660,23,44,Rep_26,26-03-2024,27-03-2024,26-04-2024,06-07-2024,6,5.0,27962.49,Late
8661,584,36,Rep_27,21-01-2025,22-01-2025,21-02-2025,22-04-2025,5,20.0,3575.16,Late
8662,521,39,Rep_1,08-02-2025,08-02-2025,10-03-2025,11-03-2025,2,10.0,13107.44,Paid
8663,77,9,Rep_17,07-10-2024,08-10-2024,07-11-2024,14-11-2024,6,10.0,1121.15,Paid
8664,988,78,Rep_21,09-10-2024,11-10-2024,10-11-2024,13-11-2024,6,5.0,38185.72,Paid
8665,313,53,Rep_12,09-04-2025,10-04-2025,10-05-2025,12-05-2025,2,0.0,8834.96,Paid
8666,228,76,Rep_27,03-12-2024,05-12-2024,04-01-2025,12-01-2025,8,10.0,72283.25,Paid
8667,909,65,Rep_1,27-01-2024,29-01-2024,28-02-2024,28-02-2024,5,15.0,13504.67,Paid
8668,808,20,Rep_15,27-06-2024,29-06-2024,29-07-2024,24-10-2024,6,10.0,11016.05,Late
8669,939,91,Rep_28,26-08-2024,26-08-2024,25-09-2024,01-10-2024,10,15.0,74554.18,Paid
8670,426,65,Rep_11,23-09-2024,23-09-2024,23-10-2024,30-10-2024,3,20.0,7626.17,Paid
8671,607,91,Rep_5,18-09-2025,20-09-2025,20-10-2025,26-10-2025,6,15.0,44732.51,Paid
8672,654,98,Rep_13,17-07-2024,18-07-2024,17-08-2024,23-08-2024,8,15.0,8064.8,Paid
8673,484,28,Rep_28,25-10-2025,25-10-2025,24-11-2025,04-12-2025,9,10.0,32599.5,Paid
8674,476,79,Rep_12,25-01-2025,27-01-2025,26-02-2025,05-03-2025,10,0.0,16178.6,Paid
8675,965,19,Rep_14,27-01-2024,27-01-2024,26-02-2024,03-03-2024,4,15.0,31884.55,Paid
8676,899,68,Rep_12,05-10-2024,06-10-2024,05-11-2024,09-11-2024,5,0.0,47916.7,Paid
8677,792,68,Rep_20,07-10-2025,09-10-2025,08-11-2025,19-12-2025,8,0.0,76666.72,Late
8678,154,12,Rep_6,06-09-2025,06-09-2025,06-10-2025,06-10-2025,5,10.0,46036.04,Paid
8679,414,35,Rep_30,26-09-2024,28-09-2024,28-10-2024,04-01-2025,9,0.0,53941.05,Late
8680,653,59,Rep_29,08-05-2025,09-05-2025,08-06-2025,06-06-2025,3,0.0,8894.85,Paid
8681,425,29,Rep_17,01-10-2024,03-10-2024,02-11-2024,,3,5.0,15026.51,Pending
8682,272,12,Rep_15,09-01-2025,09-01-2025,08-02-2025,14-02-2025,7,15.0,60869.87,Paid
8683,260,39,Rep_9,11-06-2025,12-06-2025,12-07-2025,12-08-2025,8,0.0,58255.28,Late
8684,403,67,Rep_9,14-10-2024,15-10-2024,14-11-2024,13-11-2024,7,5.0,23443.25,Paid
8685,225,100,Rep_28,18-07-2025,20-07-2025,19-08-2025,,4,5.0,12724.72,Pending
8686,293,73,Rep_27,13-07-2025,13-07-2025,12-08-2025,15-10-2025,10,10.0,32553.36,Late
8687,767,82,Rep_15,06-06-2025,08-06-2025,08-07-2025,16-07-2025,7,15.0,23586.63,Paid
8688,28,4,Rep_19,23-06-2025,24-06-2025,24-07-2025,04-10-2025,8,20.0,18790.66,Late
8689,224,27,Rep_29,15-06-2024,17-06-2024,17-07-2024,10-10-2024,7,5.0,10063.31,Late
8690,341,83,Rep_14,15-04-2024,17-04-2024,17-05-2024,15-07-2024,7,20.0,12529.78,Late
8691,681,16,Rep_9,02-09-2024,04-09-2024,04-10-2024,10-10-2024,9,10.0,10765.79,Paid
8692,44,16,Rep_27,31-05-2024,02-06-2024,02-07-2024,03-07-2024,2,10.0,2392.4,Paid
8693,528,69,Rep_12,23-04-2025,23-04-2025,23-05-2025,28-05-2025,1,5.0,7966.98,Paid
8694,989,75,Rep_21,24-06-2025,24-06-2025,24-07-2025,23-07-2025,9,10.0,61239.81,Paid
8695,12,7,Rep_25,25-09-2025,27-09-2025,27-10-2025,31-10-2025,9,10.0,5686.44,Paid
8696,251,43,Rep_17,18-09-2024,18-09-2024,18-10-2024,19-10-2024,8,5.0,1581.41,Paid
8697,365,58,Rep_7,28-09-2024,29-09-2024,29-10-2024,,5,10.0,12103.83,Pending
8698,817,34,Rep_1,29-10-2024,31-10-2024,30-11-2024,28-11-2024,3,5.0,11361.47,Paid
8699,952,83,Rep_18,24-03-2025,26-03-2025,25-04-2025,,7,0.0,15662.22,Pending
8700,850,31,Rep_21,20-06-2025,20-06-2025,20-07-2025,27-07-2025,1,20.0,3719.99,Paid
8701,300,96,Rep_13,18-07-2025,20-07-2025,19-08-2025,26-08-2025,5,10.0,35897.49,Paid
8702,269,73,Rep_2,27-02-2025,28-02-2025,30-03-2025,06-04-2025,5,20.0,14468.16,Paid
8703,736,39,Rep_21,12-08-2025,13-08-2025,12-09-2025,15-09-2025,10,0.0,72819.1,Paid
8704,519,4,Rep_5,15-05-2025,15-05-2025,14-06-2025,13-06-2025,6,5.0,16735.43,Paid
8705,699,85,Rep_27,25-07-2025,25-07-2025,24-08-2025,,9,20.0,16972.99,Pending
8706,629,1,Rep_24,18-08-2025,18-08-2025,17-09-2025,22-09-2025,1,5.0,5150.63,Paid
8707,844,87,Rep_4,27-04-2024,27-04-2024,27-05-2024,20-08-2024,3,15.0,4207.58,Late
8708,582,14,Rep_14,01-11-2024,03-11-2024,03-12-2024,08-12-2024,8,5.0,22810.03,Paid
8709,942,90,Rep_6,24-05-2025,24-05-2025,23-06-2025,25-06-2025,10,10.0,50877.81,Paid
8710,764,1,Rep_11,25-02-2025,27-02-2025,29-03-2025,04-04-2025,5,0.0,27108.6,Paid
8711,372,74,Rep_27,22-01-2025,23-01-2025,22-02-2025,02-03-2025,6,10.0,47291.74,Paid
8712,365,29,Rep_2,07-07-2025,07-07-2025,06-08-2025,13-08-2025,3,20.0,12653.9,Paid
8713,459,75,Rep_23,14-07-2024,15-07-2024,14-08-2024,24-08-2024,1,5.0,7182.45,Paid
8714,781,90,Rep_5,07-06-2025,07-06-2025,07-07-2025,17-07-2025,5,15.0,24025.63,Paid
8715,348,72,,08-01-2024,09-01-2024,08-02-2024,,9,10.0,43763.57,Pending
8716,374,75,Rep_3,07-02-2025,08-02-2025,10-03-2025,,3,20.0,18145.13,Pending
8717,956,47,Rep_6,02-02-2025,03-02-2025,05-03-2025,24-05-2025,9,20.0,19379.66,Late
8718,397,22,Rep_9,06-08-2024,08-08-2024,07-09-2024,10-09-2024,8,5.0,6401.86,Paid
8719,195,66,Rep_11,24-02-2024,25-02-2024,26-03-2024,28-03-2024,5,5.0,52558.51,Paid
8720,890,6,Rep_4,10-11-2024,12-11-2024,12-12-2024,14-12-2024,8,15.0,66514.06,Paid
8721,56,90,Rep_29,11-05-2025,13-05-2025,12-06-2025,18-06-2025,6,5.0,32222.61,Paid
8722,133,45,Rep_9,25-06-2024,27-06-2024,27-07-2024,26-07-2024,7,20.0,22583.4,Paid
8723,649,33,Rep_13,04-09-2025,06-09-2025,06-10-2025,10-10-2025,4,10.0,5316.01,Paid
8724,776,26,Rep_20,26-06-2025,27-06-2025,27-07-2025,26-07-2025,4,0.0,34468.56,Paid
8725,29,31,Rep_12,25-01-2024,25-01-2024,24-02-2024,09-05-2024,8,5.0,35339.92,Late
8726,161,45,Rep_9,31-01-2024,01-02-2024,02-03-2024,05-03-2024,3,0.0,12098.25,Paid
8727,959,9,Rep_15,18-02-2024,19-02-2024,20-03-2024,24-03-2024,5,15.0,882.38,Paid
8728,36,60,Rep_5,03-02-2025,03-02-2025,05-03-2025,12-03-2025,5,5.0,22037.34,Paid
8729,819,24,Rep_9,28-10-2025,29-10-2025,28-11-2025,31-01-2026,6,5.0,20646.71,Late
8730,728,37,Rep_18,30-07-2025,31-07-2025,30-08-2025,07-09-2025,5,15.0,28778.92,Paid
8731,419,67,Rep_22,27-04-2024,27-04-2024,27-05-2024,05-06-2024,2,0.0,7050.6,Paid
8732,614,95,Rep_4,03-10-2025,05-10-2025,04-11-2025,06-11-2025,10,5.0,9460.48,Paid
8733,823,84,Rep_21,11-03-2025,12-03-2025,11-04-2025,13-04-2025,8,15.0,6370.44,Paid
8734,735,13,Rep_24,15-04-2024,16-04-2024,16-05-2024,18-06-2024,3,15.0,17139.47,Late
8735,750,45,Rep_3,07-08-2025,08-08-2025,07-09-2025,17-09-2025,9,15.0,30850.54,Paid
8736,511,41,Rep_27,28-02-2024,28-02-2024,29-03-2024,16-05-2024,9,5.0,30430.05,Late
8737,79,87,Rep_17,11-12-2024,12-12-2024,11-01-2025,,9,20.0,11880.22,Pending
8738,751,60,Rep_29,29-12-2024,29-12-2024,28-01-2025,,3,5.0,13222.4,Pending
8739,356,11,Rep_14,19-11-2024,19-11-2024,19-12-2024,24-12-2024,6,10.0,10895.2,Paid
8740,527,46,Rep_2,14-06-2025,16-06-2025,16-07-2025,02-09-2025,7,5.0,5545.63,Late
8741,598,99,Rep_17,14-03-2024,14-03-2024,13-04-2024,17-04-2024,9,20.0,12764.38,Paid
8742,337,75,Rep_14,28-12-2024,29-12-2024,28-01-2025,26-01-2025,5,5.0,35912.23,Paid
8743,24,35,Rep_9,20-05-2025,20-05-2025,19-06-2025,06-09-2025,5,20.0,23973.8,Late
8744,311,96,Rep_14,11-04-2025,13-04-2025,13-05-2025,15-05-2025,4,5.0,30313.44,Paid
8745,284,44,Rep_6,03-06-2024,03-06-2024,03-07-2024,12-07-2024,10,5.0,46604.15,Paid
8746,38,48,Rep_25,12-01-2024,12-01-2024,11-02-2024,21-02-2024,9,0.0,45485.64,Paid
8747,439,96,Rep_18,16-07-2025,16-07-2025,15-08-2025,,6,5.0,45470.15,Pending
8748,856,3,Rep_13,25-08-2025,27-08-2025,26-09-2025,23-11-2025,7,20.0,46400.37,Late
8749,536,99,Rep_30,13-03-2025,14-03-2025,13-04-2025,17-04-2025,6,20.0,8509.58,Paid
8750,374,62,Rep_4,12-04-2024,12-04-2024,12-05-2024,12-05-2024,3,15.0,18085.31,Paid
8751,662,82,Rep_12,18-08-2024,19-08-2024,18-09-2024,23-09-2024,4,20.0,12685.25,Paid
8752,40,10,Rep_16,15-09-2025,15-09-2025,15-10-2025,23-10-2025,2,20.0,8143.01,Paid
8753,662,93,Rep_2,14-01-2024,14-01-2024,13-02-2024,16-02-2024,4,15.0,6159.0,Paid
8754,542,19,Rep_29,22-01-2024,23-01-2024,22-02-2024,,4,5.0,35635.68,Pending
8755,225,10,Rep_12,08-06-2024,10-06-2024,10-07-2024,15-07-2024,10,10.0,45804.42,Paid
8756,146,11,Rep_22,18-02-2025,19-02-2025,21-03-2025,23-03-2025,5,10.0,9079.34,Paid
8757,892,10,Rep_16,03-05-2025,05-05-2025,04-06-2025,13-06-2025,4,0.0,20357.52,Paid
8758,824,43,Rep_20,23-05-2025,24-05-2025,23-06-2025,,9,5.0,1779.08,Pending
8759,138,72,Rep_21,11-09-2025,12-09-2025,12-10-2025,07-01-2026,9,0.0,48626.19,Late
8760,18,62,Rep_11,27-11-2025,27-11-2025,27-12-2025,27-12-2025,7,10.0,44681.36,Paid
8761,234,70,Rep_18,14-06-2024,14-06-2024,14-07-2024,,2,0.0,17118.54,Pending
8762,859,37,Rep_15,19-05-2024,21-05-2024,20-06-2024,,4,5.0,25731.74,Pending
8763,234,93,Rep_17,01-12-2024,02-12-2024,01-01-2025,31-12-2024,1,20.0,1449.18,Paid
8764,747,99,Rep_19,14-05-2025,16-05-2025,15-06-2025,,7,20.0,9927.85,Pending
8765,22,72,Rep_15,02-04-2025,02-04-2025,02-05-2025,09-05-2025,4,10.0,19450.48,Paid
8766,917,17,Rep_5,08-09-2025,08-09-2025,08-10-2025,16-10-2025,8,0.0,61859.52,Paid
8767,248,85,Rep_6,05-02-2024,07-02-2024,08-03-2024,,7,15.0,14026.29,BadDebt
8768,115,46,Rep_7,17-08-2025,17-08-2025,16-09-2025,21-09-2025,4,0.0,3335.72,Paid
8769,622,51,Rep_3,27-04-2024,28-04-2024,28-05-2024,31-05-2024,1,10.0,8747.96,Paid
8770,846,27,Rep_18,06-06-2025,08-06-2025,08-07-2025,10-07-2025,1,0.0,1513.28,Paid
8771,672,19,Rep_13,13-07-2025,13-07-2025,12-08-2025,18-08-2025,1,0.0,9377.81,Paid
8772,281,41,Rep_5,26-06-2025,26-06-2025,26-07-2025,26-07-2025,4,20.0,11389.02,Paid
8773,680,100,Rep_13,11-05-2024,13-05-2024,12-06-2024,09-08-2024,2,15.0,5692.64,Late
8774,45,48,Rep_10,18-07-2024,20-07-2024,19-08-2024,26-10-2024,5,10.0,22742.82,Late
8775,18,82,Rep_3,26-11-2024,27-11-2024,27-12-2024,22-03-2025,2,5.0,7531.87,Late
8776,377,60,Rep_5,01-09-2025,02-09-2025,02-10-2025,11-10-2025,5,10.0,20877.48,Paid
8777,112,93,Rep_8,25-11-2024,27-11-2024,27-12-2024,05-01-2025,2,10.0,3260.65,Paid
8778,375,25,Rep_8,31-03-2024,02-04-2024,02-05-2024,06-05-2024,7,10.0,2852.58,Paid
8779,280,52,Rep_7,30-03-2024,30-03-2024,29-04-2024,02-05-2024,5,5.0,34756.8,Paid
8780,138,21,Rep_10,13-01-2025,15-01-2025,14-02-2025,24-02-2025,1,0.0,4671.48,Paid
8781,314,62,Rep_30,25-07-2025,25-07-2025,24-08-2025,26-08-2025,4,15.0,24113.75,Paid
8782,413,18,Rep_17,09-08-2024,09-08-2024,08-09-2024,20-11-2024,9,15.0,16738.66,Late
8783,69,65,Rep_9,07-02-2025,07-02-2025,09-03-2025,16-03-2025,2,5.0,6037.38,Paid
8784,100,82,Rep_19,28-05-2024,29-05-2024,28-06-2024,31-07-2024,3,0.0,11892.42,Late
8785,289,76,Rep_20,23-12-2025,23-12-2025,22-01-2026,21-01-2026,8,0.0,80314.72,Paid
8786,989,41,Rep_6,18-10-2024,18-10-2024,17-11-2024,17-11-2024,5,20.0,14236.28,Paid
8787,875,89,Rep_23,23-07-2025,25-07-2025,24-08-2025,06-10-2025,4,5.0,7155.89,Late
8788,526,28,Rep_19,23-08-2025,24-08-2025,23-09-2025,,1,15.0,3420.94,Pending
8789,550,85,Rep_25,26-04-2024,26-04-2024,26-05-2024,27-05-2024,7,0.0,16501.52,Paid
8790,916,6,Rep_14,16-02-2025,17-02-2025,19-03-2025,22-03-2025,7,15.0,58199.81,Paid
8791,55,62,Rep_21,09-02-2025,11-02-2025,13-03-2025,07-06-2025,5,15.0,30142.19,Late
8792,104,87,Rep_9,21-06-2025,22-06-2025,22-07-2025,21-07-2025,5,20.0,6600.12,Paid
8793,872,5,Rep_1,21-02-2024,23-02-2024,24-03-2024,23-03-2024,9,10.0,8294.72,Paid
8794,133,4,Rep_9,07-04-2025,08-04-2025,08-05-2025,03-07-2025,2,10.0,5284.87,Late
8795,695,32,Rep_8,23-04-2024,25-04-2024,25-05-2024,30-05-2024,7,20.0,15584.97,Paid
8796,557,70,Rep_18,23-08-2024,24-08-2024,23-09-2024,27-09-2024,4,0.0,34237.08,Paid
8797,341,89,Rep_5,28-11-2025,28-11-2025,28-12-2025,31-12-2025,3,20.0,4519.51,Paid
8798,579,48,Rep_19,05-10-2024,05-10-2024,04-11-2024,13-11-2024,1,5.0,4801.26,Paid
8799,319,58,Rep_6,25-06-2024,27-06-2024,27-07-2024,02-10-2024,1,0.0,2689.74,Late
8800,689,21,Rep_25,28-11-2024,28-11-2024,28-12-2024,19-03-2025,5,5.0,22189.53,Late
8801,89,27,Rep_15,10-07-2024,11-07-2024,10-08-2024,,4,10.0,5447.81,Pending
8802,945,75,Rep_27,11-04-2025,13-04-2025,13-05-2025,,1,20.0,6048.38,Pending
8803,31,43,Rep_27,09-08-2025,11-08-2025,10-09-2025,17-09-2025,9,20.0,1498.18,Paid
8804,312,21,Rep_8,20-12-2025,21-12-2025,20-01-2026,20-02-2026,6,20.0,22423.1,Late
8805,851,2,Rep_19,02-06-2025,02-06-2025,02-07-2025,12-07-2025,4,5.0,32069.99,Paid
8806,183,56,Rep_13,02-04-2025,03-04-2025,03-05-2025,09-05-2025,8,20.0,16093.25,Paid
8807,350,78,Rep_5,03-04-2024,05-04-2024,05-05-2024,10-05-2024,10,15.0,56943.62,Paid
8808,853,55,Rep_2,23-07-2024,24-07-2024,23-08-2024,31-08-2024,6,20.0,27462.05,Paid
8809,340,45,Rep_5,31-01-2025,01-02-2025,03-03-2025,27-04-2025,9,0.0,36294.75,Late
8810,613,82,Rep_12,24-06-2024,25-06-2024,25-07-2024,31-07-2024,10,20.0,31713.12,Paid
8811,602,51,Rep_29,06-12-2024,07-12-2024,06-01-2025,12-01-2025,2,15.0,16523.92,Paid
8812,782,25,Rep_29,28-04-2024,29-04-2024,29-05-2024,15-07-2024,2,10.0,815.02,Late
8813,193,61,Rep_27,14-02-2024,14-02-2024,15-03-2024,25-03-2024,9,20.0,5368.82,Paid
8814,887,44,Rep_10,17-07-2025,17-07-2025,16-08-2025,17-08-2025,6,15.0,25019.07,Paid
8815,541,14,Rep_23,19-10-2024,20-10-2024,19-11-2024,,6,0.0,18007.92,Pending
8816,808,48,Rep_4,29-05-2025,29-05-2025,28-06-2025,14-08-2025,7,10.0,31839.95,Late
8817,824,19,Rep_29,30-05-2025,01-06-2025,01-07-2025,17-08-2025,4,10.0,33760.12,Late
8818,888,7,Rep_16,17-07-2024,18-07-2024,17-08-2024,16-08-2024,2,15.0,1193.45,Paid
8819,661,67,Rep_20,22-12-2025,23-12-2025,22-01-2026,23-02-2026,4,0.0,14101.2,Late
8820,917,95,Rep_9,06-09-2024,06-09-2024,06-10-2024,,1,20.0,796.67,Pending
8821,387,58,Rep_27,24-05-2024,25-05-2024,24-06-2024,28-06-2024,9,5.0,22997.28,Paid
8822,830,59,Rep_9,02-10-2024,03-10-2024,02-11-2024,05-11-2024,10,15.0,25202.08,Paid
8823,334,68,Rep_6,07-10-2024,07-10-2024,06-11-2024,09-11-2024,3,15.0,24437.52,Paid
8824,13,61,Rep_3,17-07-2025,18-07-2025,17-08-2025,22-08-2025,2,0.0,1491.34,Paid
8825,328,30,Rep_26,19-09-2025,19-09-2025,19-10-2025,21-10-2025,1,20.0,1589.34,Paid
8826,227,10,Rep_3,10-12-2024,12-12-2024,11-01-2025,21-01-2025,10,0.0,50893.8,Paid
8827,639,28,Rep_22,01-05-2024,01-05-2024,31-05-2024,05-06-2024,2,20.0,6439.41,Paid
8828,524,49,Rep_16,04-09-2024,05-09-2024,05-10-2024,04-10-2024,3,15.0,19338.23,Paid
8829,617,35,Rep_8,05-03-2024,06-03-2024,05-04-2024,02-07-2024,9,5.0,51244.0,Late
8830,281,88,Rep_27,13-03-2025,15-03-2025,14-04-2025,22-04-2025,1,10.0,5619.78,Paid
8831,675,63,Rep_12,19-09-2025,20-09-2025,20-10-2025,,9,0.0,15032.97,Pending
8832,230,33,Rep_7,25-04-2025,27-04-2025,27-05-2025,10-08-2025,8,15.0,10041.36,Late
8833,53,13,Rep_8,08-08-2024,08-08-2024,07-09-2024,06-09-2024,1,15.0,5713.16,Paid
8834,290,59,Rep_8,16-05-2024,17-05-2024,16-06-2024,26-06-2024,3,5.0,8450.11,Paid
8835,605,98,Rep_20,13-11-2024,15-11-2024,15-12-2024,21-12-2024,5,20.0,4744.0,Paid
8836,323,1,Rep_17,29-05-2024,31-05-2024,30-06-2024,,6,0.0,32530.32,Pending
8837,449,28,Rep_24,25-12-2024,25-12-2024,24-01-2025,03-02-2025,9,15.0,30788.42,Paid
8838,66,57,Rep_1,04-10-2025,04-10-2025,03-11-2025,08-11-2025,8,10.0,5256.0,Paid
8839,171,100,Rep_8,19-09-2024,21-09-2024,21-10-2024,20-10-2024,7,15.0,19924.23,Paid
8840,480,43,Rep_23,04-03-2025,05-03-2025,04-04-2025,08-04-2025,10,10.0,1872.72,Paid
8841,948,72,Rep_26,22-10-2025,24-10-2025,23-11-2025,23-11-2025,3,0.0,16208.73,Paid
8842,369,72,Rep_23,24-02-2024,25-02-2024,26-03-2024,05-04-2024,1,15.0,4592.47,Paid
8843,938,20,Rep_1,11-10-2024,12-10-2024,11-11-2024,18-11-2024,6,15.0,10404.05,Paid
8844,71,81,Rep_16,15-08-2025,16-08-2025,15-09-2025,18-09-2025,10,10.0,11403.27,Paid
8845,122,22,Rep_23,19-03-2025,21-03-2025,20-04-2025,,6,5.0,4801.4,Pending
8846,905,89,Rep_1,04-01-2024,04-01-2024,03-02-2024,13-02-2024,8,15.0,12805.28,Paid
8847,456,9,Rep_26,27-08-2024,28-08-2024,27-09-2024,30-09-2024,10,5.0,1972.39,Paid
8848,500,93,Rep_6,26-08-2025,28-08-2025,27-09-2025,27-09-2025,5,15.0,7698.75,Paid
8849,351,45,Rep_8,08-09-2025,09-09-2025,09-10-2025,17-12-2025,3,5.0,11493.34,Late
8850,907,92,Rep_24,01-10-2024,01-10-2024,31-10-2024,,7,0.0,30388.12,Pending
8851,484,27,Rep_3,05-09-2024,07-09-2024,07-10-2024,09-10-2024,9,15.0,11576.59,Paid
8852,659,3,Rep_1,09-10-2024,11-10-2024,10-11-2024,16-11-2024,8,10.0,59657.62,Paid
8853,166,95,Rep_14,01-03-2024,03-03-2024,02-04-2024,10-06-2024,2,10.0,1792.51,Late
8854,386,36,Rep_10,04-07-2024,05-07-2024,04-08-2024,03-08-2024,9,5.0,7641.9,Paid
8855,223,6,Rep_4,22-04-2025,24-04-2025,24-05-2025,01-06-2025,2,15.0,16628.52,Paid
8856,473,36,Rep_7,23-08-2025,25-08-2025,24-09-2025,20-12-2025,7,10.0,5630.88,Late
8857,445,51,Rep_6,25-03-2024,27-03-2024,26-04-2024,30-04-2024,2,10.0,17495.91,Paid
8858,625,88,Rep_13,20-11-2025,21-11-2025,21-12-2025,31-12-2025,1,10.0,5619.78,Paid
8859,107,58,Rep_14,21-06-2024,22-06-2024,22-07-2024,04-10-2024,9,20.0,19366.13,Late
8860,755,36,Rep_3,23-01-2025,23-01-2025,22-02-2025,17-05-2025,3,10.0,2413.23,Late
8861,51,20,Rep_4,15-08-2025,17-08-2025,16-09-2025,19-09-2025,6,10.0,11016.05,Paid
8862,180,52,Rep_9,03-05-2025,05-05-2025,04-06-2025,12-06-2025,3,20.0,17561.33,Paid
8863,96,10,Rep_26,25-04-2025,26-04-2025,26-05-2025,03-06-2025,7,0.0,35625.66,Paid
8864,69,40,Rep_15,05-02-2024,06-02-2024,07-03-2024,16-03-2024,10,15.0,46849.11,Paid
8865,900,71,Rep_14,24-01-2025,25-01-2025,24-02-2025,01-03-2025,2,10.0,841.27,Paid
8866,645,83,Rep_1,14-10-2025,14-10-2025,13-11-2025,14-12-2025,10,20.0,17899.68,Late
8867,31,9,Rep_11,05-09-2024,05-09-2024,05-10-2024,07-10-2024,10,0.0,2076.2,Paid
8868,61,92,Rep_22,26-07-2025,28-07-2025,27-08-2025,03-11-2025,4,20.0,13891.71,Late
8869,785,3,Rep_16,20-11-2024,21-11-2024,21-12-2024,28-12-2024,6,20.0,39771.74,Paid
8870,618,70,Rep_3,03-08-2025,04-08-2025,03-09-2025,,8,15.0,58203.04,BadDebt
8871,394,29,Rep_23,17-04-2024,19-04-2024,19-05-2024,26-05-2024,1,5.0,5008.84,Paid
8872,417,24,Rep_22,09-11-2025,09-11-2025,09-12-2025,19-12-2025,2,5.0,6882.24,Paid
8873,191,100,Rep_4,15-06-2025,16-06-2025,16-07-2025,21-07-2025,7,10.0,21096.24,Paid
8874,36,21,Rep_12,13-02-2024,13-02-2024,14-03-2024,25-05-2024,4,0.0,18685.92,Late
8875,493,63,Rep_1,17-02-2025,18-02-2025,20-03-2025,21-03-2025,10,0.0,16703.3,Paid
8876,253,33,Rep_16,29-12-2025,29-12-2025,28-01-2026,01-02-2026,3,20.0,3544.01,Paid
8877,183,26,Rep_24,28-03-2024,29-03-2024,28-04-2024,,7,0.0,60319.98,BadDebt
8878,531,66,Rep_14,12-05-2024,13-05-2024,12-06-2024,,9,0.0,99584.55,Pending
8879,409,38,Rep_22,21-07-2024,23-07-2024,22-08-2024,29-08-2024,5,10.0,17358.12,Paid
8880,89,32,Rep_19,14-04-2024,15-04-2024,15-05-2024,03-08-2024,10,15.0,23655.76,Late
8881,933,15,Rep_26,27-09-2024,28-09-2024,28-10-2024,26-10-2024,2,5.0,11735.2,Paid
8882,568,77,Rep_24,15-07-2024,15-07-2024,14-08-2024,,7,15.0,5513.03,Pending
8883,369,32,Rep_9,15-01-2024,16-01-2024,15-02-2024,,5,10.0,12523.64,BadDebt
8884,411,55,Rep_21,12-11-2025,13-11-2025,13-12-2025,28-02-2026,7,20.0,32039.06,Late
8885,430,97,Rep_17,12-10-2024,14-10-2024,13-11-2024,13-11-2024,10,20.0,61130.88,Paid
8886,256,16,Rep_24,07-09-2025,08-09-2025,08-10-2025,16-10-2025,3,5.0,3787.96,Paid
8887,542,92,Rep_19,17-02-2024,18-02-2024,19-03-2024,26-03-2024,7,5.0,28868.71,Paid
8888,343,10,Rep_21,02-02-2025,04-02-2025,06-03-2025,05-03-2025,3,10.0,13741.33,Paid
8889,363,78,Rep_20,17-11-2025,18-11-2025,18-12-2025,18-12-2025,5,20.0,26797.0,Paid
8890,606,34,Rep_5,09-07-2024,11-07-2024,10-08-2024,,9,20.0,28702.66,Pending
8891,525,98,Rep_27,29-03-2025,29-03-2025,28-04-2025,23-06-2025,1,15.0,1008.1,Late
8892,828,77,Rep_20,29-03-2025,30-03-2025,29-04-2025,05-05-2025,6,0.0,5559.36,Paid
8893,734,95,Rep_11,20-04-2025,20-04-2025,20-05-2025,29-05-2025,4,20.0,3186.69,Paid
8894,195,88,Rep_6,20-09-2024,20-09-2024,20-10-2024,26-10-2024,5,20.0,24976.8,Paid
8895,943,62,Rep_8,21-04-2025,23-04-2025,23-05-2025,25-05-2025,6,0.0,42553.68,Paid
8896,79,51,Rep_13,04-05-2025,05-05-2025,04-06-2025,08-06-2025,9,15.0,74357.62,Paid
8897,453,50,Rep_18,21-04-2025,23-04-2025,23-05-2025,27-05-2025,4,10.0,5854.61,Paid
8898,706,79,Rep_7,06-02-2024,08-02-2024,09-03-2024,14-03-2024,1,10.0,1456.07,Paid
8899,474,28,Rep_24,28-11-2025,29-11-2025,29-12-2025,31-12-2025,8,0.0,32197.04,Paid
8900,246,82,Rep_21,09-11-2024,11-11-2024,11-12-2024,09-12-2024,10,20.0,31713.12,Paid
8901,962,34,Rep_23,30-03-2025,01-04-2025,01-05-2025,09-05-2025,1,15.0,3388.51,Paid
8902,768,88,Rep_29,05-10-2024,05-10-2024,04-11-2024,09-11-2024,6,0.0,37465.2,Paid
8903,525,7,Rep_3,07-09-2025,08-09-2025,08-10-2025,11-10-2025,10,0.0,7020.3,Paid
8904,848,66,,30-11-2024,30-11-2024,30-12-2024,,7,5.0,73581.92,Pending
8905,595,60,Rep_10,26-09-2025,26-09-2025,26-10-2025,01-11-2025,9,5.0,39667.21,Paid
8906,402,77,Rep_4,18-11-2025,18-11-2025,18-12-2025,,9,5.0,7922.09,Pending
8907,948,77,Rep_15,13-08-2025,14-08-2025,13-09-2025,19-09-2025,3,10.0,2501.71,Paid
8908,882,69,Rep_12,09-03-2024,11-03-2024,10-04-2024,11-04-2024,1,0.0,8386.3,Paid
8909,923,62,Rep_14,30-03-2024,31-03-2024,30-04-2024,05-05-2024,7,20.0,39716.77,Paid
8910,909,36,Rep_16,07-10-2024,07-10-2024,06-11-2024,06-11-2024,8,20.0,5720.26,Paid
8911,779,76,Rep_7,11-05-2024,12-05-2024,11-06-2024,,3,15.0,25600.32,BadDebt
8912,138,26,Rep_29,14-03-2025,14-03-2025,13-04-2025,17-04-2025,6,0.0,51702.84,Paid
8913,1000,10,Rep_3,23-05-2025,23-05-2025,22-06-2025,30-08-2025,3,0.0,15268.14,Late
8914,974,84,Rep_23,23-04-2025,23-04-2025,23-05-2025,29-05-2025,8,10.0,6745.18,Paid
8915,124,67,Rep_4,04-05-2024,04-05-2024,03-06-2024,11-06-2024,8,5.0,26792.28,Paid
8916,689,76,Rep_26,28-03-2025,29-03-2025,28-04-2025,24-06-2025,9,5.0,85836.36,Late
8917,275,45,Rep_17,21-03-2025,23-03-2025,22-04-2025,,8,15.0,27422.7,Pending
8918,405,43,Rep_7,14-09-2024,15-09-2024,15-10-2024,08-01-2025,3,5.0,593.03,Late
8919,534,43,Rep_16,18-09-2025,18-09-2025,18-10-2025,24-10-2025,8,0.0,1664.64,Paid
8920,60,21,Rep_6,20-01-2024,20-01-2024,19-02-2024,27-02-2024,3,5.0,13313.72,Paid
8921,562,8,Rep_9,08-06-2025,08-06-2025,08-07-2025,14-07-2025,9,15.0,63021.62,Paid
8922,648,6,Rep_11,20-04-2025,21-04-2025,21-05-2025,27-05-2025,4,10.0,35213.33,Paid
8923,324,76,Rep_19,18-02-2025,20-02-2025,22-03-2025,06-06-2025,7,20.0,56220.3,Late
8924,45,41,Rep_9,09-06-2024,10-06-2024,10-07-2024,05-09-2024,7,15.0,21176.47,Late
8925,8,2,Rep_25,03-08-2025,03-08-2025,02-09-2025,07-09-2025,5,0.0,42197.35,Paid
8926,657,29,Rep_4,20-09-2025,20-09-2025,20-10-2025,22-10-2025,9,10.0,42706.93,Paid
8927,253,67,Rep_17,12-07-2024,13-07-2024,12-08-2024,17-08-2024,5,5.0,16745.18,Paid
8928,90,57,Rep_18,04-10-2025,05-10-2025,04-11-2025,,7,10.0,4599.0,Pending
8929,259,53,Rep_27,24-08-2025,26-08-2025,25-09-2025,24-09-2025,7,10.0,27830.12,Paid
8930,241,49,Rep_29,09-06-2025,11-06-2025,11-07-2025,11-07-2025,5,10.0,34126.29,Paid
8931,450,6,Rep_12,19-01-2025,21-01-2025,20-02-2025,23-02-2025,3,15.0,24942.77,Paid
8932,143,95,Rep_29,04-07-2024,06-07-2024,05-08-2024,09-08-2024,5,5.0,4730.24,Paid
8933,958,75,Rep_30,27-11-2025,28-11-2025,28-12-2025,27-12-2025,3,15.0,19279.2,Paid
8934,328,62,Rep_21,03-01-2024,04-01-2024,03-02-2024,02-02-2024,8,20.0,45390.59,Paid
8935,186,71,Rep_16,18-08-2024,18-08-2024,17-09-2024,26-09-2024,9,5.0,3996.01,Paid
8936,217,61,Rep_12,06-04-2024,06-04-2024,06-05-2024,12-05-2024,3,0.0,2237.01,Paid
8937,31,78,Rep_7,19-03-2025,21-03-2025,20-04-2025,01-06-2025,4,0.0,26797.0,Late
8938,941,22,Rep_30,07-03-2025,08-03-2025,07-04-2025,13-05-2025,3,20.0,2021.64,Late
8939,285,66,Rep_13,13-03-2024,15-03-2024,14-04-2024,17-04-2024,8,0.0,88519.6,Paid
8940,488,4,Rep_20,14-09-2025,14-09-2025,14-10-2025,24-10-2025,6,5.0,16735.43,Paid
8941,30,11,Rep_23,20-04-2025,21-04-2025,21-05-2025,22-05-2025,4,20.0,6456.42,Paid
8942,429,80,Rep_8,06-04-2024,06-04-2024,06-05-2024,,4,0.0,15009.0,Pending
8943,360,92,Rep_18,21-07-2025,23-07-2025,22-08-2025,,3,15.0,11069.96,Pending
8944,432,39,Rep_23,30-12-2024,30-12-2024,29-01-2025,02-02-2025,2,10.0,13107.44,Paid
8945,985,31,Rep_14,16-05-2025,17-05-2025,16-06-2025,,6,20.0,22319.95,BadDebt
8946,98,40,Rep_11,28-12-2025,28-12-2025,27-01-2026,01-02-2026,6,10.0,29762.96,Paid
8947,463,41,Rep_15,23-02-2025,25-02-2025,27-03-2025,05-04-2025,5,5.0,16905.58,Paid
8948,186,35,Rep_23,21-09-2025,22-09-2025,22-10-2025,24-10-2025,9,10.0,48546.94,Paid
8949,579,71,Rep_22,06-10-2025,08-10-2025,07-11-2025,05-11-2025,10,15.0,3972.64,Paid
8950,538,73,Rep_21,19-07-2024,21-07-2024,20-08-2024,22-08-2024,3,20.0,8680.9,Paid
8951,427,21,Rep_18,20-08-2025,22-08-2025,21-09-2025,21-09-2025,9,20.0,33634.66,Paid
8952,840,64,Rep_16,25-07-2024,25-07-2024,24-08-2024,,6,0.0,24562.2,BadDebt
8953,250,75,Rep_17,17-12-2025,18-12-2025,17-01-2026,,1,5.0,7182.45,Pending
8954,232,1,Rep_29,25-09-2024,25-09-2024,25-10-2024,24-10-2024,10,20.0,43373.76,Paid
8955,415,31,Rep_8,13-04-2024,15-04-2024,15-05-2024,19-05-2024,8,10.0,33479.93,Paid
8956,698,7,Rep_2,09-09-2024,10-09-2024,10-10-2024,,5,15.0,2983.63,Pending
8957,821,85,Rep_2,15-05-2025,16-05-2025,15-06-2025,23-06-2025,7,15.0,14026.29,Paid
8958,213,38,Rep_12,12-07-2024,14-07-2024,13-08-2024,20-08-2024,1,5.0,3664.49,Paid
8959,737,10,Rep_4,30-01-2025,31-01-2025,02-03-2025,,1,20.0,4071.5,Pending
8960,966,14,Rep_3,27-07-2025,29-07-2025,28-08-2025,29-08-2025,3,15.0,7653.37,Paid
8961,814,32,Rep_6,05-06-2025,07-06-2025,07-07-2025,15-07-2025,7,5.0,18507.15,Paid
8962,200,16,Rep_12,07-08-2025,07-08-2025,06-09-2025,06-09-2025,7,15.0,7908.2,Paid
8963,555,25,Rep_28,28-04-2025,30-04-2025,30-05-2025,02-06-2025,8,20.0,2897.86,Paid
8964,243,39,Rep_28,11-02-2025,13-02-2025,15-03-2025,10-06-2025,4,20.0,23302.11,Late
8965,797,18,Rep_19,26-04-2024,28-04-2024,28-05-2024,02-06-2024,10,10.0,19692.54,Paid
8966,211,87,Rep_5,06-02-2024,06-02-2024,07-03-2024,,9,10.0,13365.24,Pending
8967,855,48,Rep_24,21-09-2025,23-09-2025,23-10-2025,,3,0.0,15161.88,BadDebt
8968,527,45,Rep_19,21-01-2025,21-01-2025,20-02-2025,26-02-2025,1,10.0,3629.48,Paid
8969,847,98,Rep_30,11-01-2024,11-01-2024,10-02-2024,09-02-2024,9,0.0,10674.0,Paid
8970,37,59,Rep_1,24-10-2025,24-10-2025,23-11-2025,29-11-2025,9,5.0,25350.32,Paid
8971,867,63,Rep_8,18-11-2025,18-11-2025,18-12-2025,,6,15.0,8518.68,Pending
8972,587,97,Rep_17,01-11-2025,03-11-2025,03-12-2025,09-01-2026,5,0.0,38206.8,Late
8973,782,95,Rep_10,19-12-2025,19-12-2025,18-01-2026,16-01-2026,4,5.0,3784.19,Paid
8974,838,16,Rep_4,12-09-2024,13-09-2024,13-10-2024,28-12-2024,8,15.0,9037.95,Late
8975,700,41,Rep_16,05-03-2024,05-03-2024,04-04-2024,08-04-2024,6,0.0,21354.42,Paid
8976,83,27,Rep_17,20-08-2024,22-08-2024,21-09-2024,22-09-2024,5,15.0,6431.44,Paid
8977,454,50,Rep_19,23-04-2024,23-04-2024,23-05-2024,27-05-2024,3,20.0,3903.07,Paid
8978,991,38,Rep_29,23-02-2024,24-02-2024,25-03-2024,30-03-2024,8,20.0,24687.1,Paid
8979,58,65,Rep_19,15-05-2024,17-05-2024,16-06-2024,15-06-2024,9,20.0,22878.5,Paid
8980,911,86,Rep_21,01-10-2024,02-10-2024,01-11-2024,11-11-2024,7,20.0,27343.06,Paid
8981,574,15,Rep_11,30-05-2024,01-06-2024,01-07-2024,30-06-2024,8,5.0,46940.79,Paid
8982,766,97,Rep_8,22-03-2024,23-03-2024,22-04-2024,27-04-2024,9,5.0,65333.63,Paid
8983,150,79,Rep_14,30-11-2025,02-12-2025,01-01-2026,05-01-2026,5,15.0,6875.9,Paid
8984,53,32,Rep_20,13-01-2024,13-01-2024,12-02-2024,04-04-2024,1,15.0,2365.58,Late
8985,684,79,Rep_3,19-05-2025,20-05-2025,19-06-2025,21-06-2025,4,15.0,5500.72,Paid
8986,688,11,Rep_16,13-05-2024,13-05-2024,12-06-2024,16-06-2024,5,10.0,9079.34,Paid
8987,218,87,Rep_14,12-09-2025,13-09-2025,13-10-2025,,7,15.0,9817.68,Pending
8988,611,8,Rep_18,30-12-2024,01-01-2025,31-01-2025,31-01-2025,1,15.0,7002.4,Paid
8989,426,26,Rep_21,19-04-2024,21-04-2024,21-05-2024,,4,10.0,31021.7,Pending
8990,194,20,Rep_1,12-01-2024,14-01-2024,13-02-2024,11-02-2024,8,15.0,13872.07,Paid
8991,877,97,Rep_26,29-01-2024,29-01-2024,28-02-2024,,9,10.0,61895.02,Pending
8992,165,21,Rep_6,30-12-2024,01-01-2025,31-01-2025,01-02-2025,2,5.0,8875.81,Paid
8993,788,40,Rep_16,03-06-2024,04-06-2024,04-07-2024,03-07-2024,7,0.0,38581.62,Paid
8994,414,42,Rep_1,02-08-2024,03-08-2024,02-09-2024,12-09-2024,5,15.0,44484.58,Paid
8995,498,9,Rep_15,10-06-2025,10-06-2025,10-07-2025,,8,20.0,1328.77,Pending
8996,620,62,Rep_26,06-02-2025,06-02-2025,08-03-2025,17-03-2025,3,5.0,20213.0,Paid
8997,358,15,Rep_6,21-10-2024,21-10-2024,20-11-2024,06-02-2025,6,10.0,33352.67,Late
8998,535,89,Rep_22,11-02-2025,11-02-2025,13-03-2025,14-03-2025,2,15.0,3201.32,Paid
8999,544,95,Rep_24,28-06-2024,29-06-2024,29-07-2024,19-10-2024,9,15.0,7618.18,Late
9000,750,93,Rep_3,12-08-2024,13-08-2024,12-09-2024,10-09-2024,7,0.0,12680.29,Paid
9001,487,35,Rep_19,13-10-2025,15-10-2025,14-11-2025,19-11-2025,5,10.0,26970.52,Paid
9002,554,16,Rep_23,25-01-2025,27-01-2025,26-02-2025,12-05-2025,9,5.0,11363.89,Late
9003,975,54,Rep_11,05-07-2024,07-07-2024,06-08-2024,04-08-2024,5,0.0,33340.8,Paid
9004,883,47,Rep_17,14-02-2025,15-02-2025,17-03-2025,16-03-2025,1,20.0,2153.3,Paid
9005,439,73,Rep_22,21-02-2024,23-02-2024,24-03-2024,31-03-2024,6,10.0,19532.02,Paid
9006,791,26,Rep_24,17-07-2024,18-07-2024,17-08-2024,17-08-2024,7,0.0,60319.98,Paid
9007,527,13,Rep_13,08-12-2025,08-12-2025,07-01-2026,,7,5.0,44697.04,Pending
9008,199,81,Rep_7,30-01-2025,30-01-2025,01-03-2025,04-03-2025,2,15.0,2153.95,Paid
9009,680,17,Rep_9,03-08-2024,04-08-2024,03-09-2024,10-09-2024,1,0.0,7732.44,Paid
9010,770,52,Rep_18,21-09-2025,23-09-2025,23-10-2025,26-10-2025,10,5.0,69513.59,Paid
9011,476,30,Rep_13,12-02-2024,14-02-2024,15-03-2024,22-03-2024,6,5.0,11324.02,Paid
9012,119,33,Rep_12,09-12-2024,10-12-2024,09-01-2025,08-01-2025,6,5.0,8417.02,Paid
9013,105,75,Rep_24,30-10-2025,31-10-2025,30-11-2025,05-12-2025,8,15.0,51411.2,Paid
9014,912,65,Rep_1,01-03-2024,02-03-2024,01-04-2024,09-04-2024,2,0.0,6355.14,Paid
9015,883,17,Rep_7,06-05-2024,08-05-2024,07-06-2024,,3,5.0,22037.45,Pending
9016,751,70,Rep_19,31-03-2025,02-04-2025,02-05-2025,01-05-2025,5,20.0,34237.08,Paid
9017,976,24,Rep_30,24-02-2025,25-02-2025,27-03-2025,,5,10.0,16300.04,Pending
9018,973,20,Rep_17,12-12-2025,13-12-2025,12-01-2026,,10,0.0,20400.1,Pending
9019,264,6,Rep_2,15-01-2025,16-01-2025,15-02-2025,20-02-2025,4,5.0,37169.62,Paid
9020,710,47,Rep_14,26-01-2025,28-01-2025,27-02-2025,28-02-2025,9,10.0,21802.12,Paid
9021,401,19,Rep_8,06-06-2024,08-06-2024,08-07-2024,16-07-2024,10,15.0,79711.38,Paid
9022,484,77,Rep_20,04-11-2025,05-11-2025,05-12-2025,14-12-2025,10,10.0,8339.04,Paid
9023,915,89,Rep_8,04-11-2025,04-11-2025,04-12-2025,10-02-2026,5,15.0,8003.3,Late
9024,396,58,Rep_23,15-04-2025,17-04-2025,17-05-2025,18-05-2025,8,0.0,21517.92,Paid
9025,228,8,Rep_21,29-10-2025,31-10-2025,30-11-2025,04-12-2025,3,15.0,21007.21,Paid
9026,66,81,Rep_16,08-09-2024,09-09-2024,09-10-2024,16-10-2024,5,15.0,5384.88,Paid
9027,343,8,Rep_20,26-04-2025,28-04-2025,28-05-2025,29-05-2025,2,10.0,14828.62,Paid
9028,993,2,Rep_6,07-01-2024,08-01-2024,07-02-2024,15-02-2024,3,15.0,21520.65,Paid
9029,741,22,Rep_18,14-08-2024,14-08-2024,13-09-2024,19-09-2024,7,0.0,5896.45,Paid
9030,217,8,Rep_17,27-01-2025,28-01-2025,27-02-2025,28-02-2025,4,10.0,29657.23,Paid
9031,720,26,Rep_11,13-02-2024,15-02-2024,16-03-2024,,5,0.0,43085.7,BadDebt
9032,225,56,Rep_24,27-10-2024,27-10-2024,26-11-2024,05-12-2024,7,15.0,14961.69,Paid
9033,614,96,Rep_25,08-04-2024,10-04-2024,10-05-2024,13-05-2024,6,10.0,43076.99,Paid
9034,869,2,Rep_23,26-10-2024,27-10-2024,26-11-2024,04-12-2024,7,5.0,56122.48,Paid
9035,144,75,Rep_9,06-12-2024,06-12-2024,05-01-2025,08-01-2025,10,0.0,75604.7,Paid
9036,30,60,Rep_1,23-12-2024,24-12-2024,23-01-2025,27-01-2025,7,0.0,32476.08,Paid
9037,668,1,Rep_18,18-04-2024,20-04-2024,20-05-2024,25-05-2024,8,5.0,41205.07,Paid
9038,799,19,Rep_20,29-09-2024,30-09-2024,30-10-2024,31-10-2024,1,15.0,7971.14,Paid
9039,352,96,Rep_6,18-01-2025,19-01-2025,18-02-2025,24-02-2025,2,5.0,15156.72,Paid
9040,217,70,Rep_27,08-02-2024,08-02-2024,09-03-2024,11-03-2024,2,5.0,16262.61,Paid
9041,342,40,Rep_26,04-07-2024,05-07-2024,04-08-2024,12-08-2024,9,10.0,44644.45,Paid
9042,73,25,Rep_1,08-05-2024,09-05-2024,08-06-2024,13-06-2024,4,20.0,1448.93,Paid
9043,482,84,Rep_4,19-10-2024,21-10-2024,20-11-2024,17-02-2025,7,10.0,5902.03,Late
9044,676,71,Rep_6,25-10-2025,26-10-2025,25-11-2025,25-11-2025,8,20.0,2991.17,Paid
9045,516,83,Rep_22,11-11-2025,13-11-2025,13-12-2025,21-12-2025,1,5.0,2125.59,Paid
9046,671,65,Rep_13,16-05-2025,16-05-2025,15-06-2025,25-06-2025,9,15.0,24308.41,Paid
9047,808,3,Rep_21,11-04-2025,13-04-2025,13-05-2025,11-05-2025,7,10.0,52200.41,Paid
9048,94,39,Rep_23,07-11-2025,07-11-2025,07-12-2025,15-12-2025,10,15.0,61896.24,Paid
9049,947,94,Rep_16,24-03-2024,24-03-2024,23-04-2024,26-04-2024,3,10.0,7497.36,Paid
9050,173,82,Rep_29,02-12-2024,04-12-2024,03-01-2025,06-01-2025,4,0.0,15856.56,Paid
9051,974,83,Rep_9,14-06-2025,14-06-2025,14-07-2025,23-09-2025,4,20.0,7159.87,Late
9052,787,77,Rep_17,14-07-2024,14-07-2024,13-08-2024,23-08-2024,6,10.0,5003.42,Paid
9053,338,25,Rep_27,28-07-2024,29-07-2024,28-08-2024,15-11-2024,9,10.0,3667.6,Late
9054,177,94,Rep_1,08-08-2025,09-08-2025,08-09-2025,09-09-2025,6,15.0,14161.68,Paid
9055,444,15,Rep_19,26-10-2024,26-10-2024,25-11-2024,13-02-2025,1,10.0,5558.78,Late
9056,449,9,Rep_13,02-12-2025,03-12-2025,02-01-2026,08-01-2026,5,15.0,882.38,Paid
9057,558,16,Rep_8,11-05-2024,13-05-2024,12-06-2024,11-06-2024,10,15.0,11297.43,Paid
9058,495,16,Rep_26,28-05-2024,30-05-2024,29-06-2024,04-07-2024,8,5.0,10101.24,Paid
9059,300,4,Rep_15,17-06-2025,18-06-2025,18-07-2025,23-07-2025,1,20.0,2348.83,Paid
9060,455,44,Rep_29,17-12-2025,17-12-2025,16-01-2026,20-01-2026,2,0.0,9811.4,Paid
9061,917,72,Rep_22,04-06-2025,05-06-2025,05-07-2025,13-07-2025,10,15.0,45924.74,Paid
9062,88,100,Rep_14,14-02-2024,15-02-2024,16-03-2024,16-03-2024,9,5.0,28630.62,Paid
9063,115,18,Rep_7,10-01-2024,12-01-2024,11-02-2024,14-02-2024,10,15.0,18598.51,Paid
9064,277,15,Rep_2,17-07-2025,17-07-2025,16-08-2025,18-08-2025,4,20.0,19764.54,Paid
9065,733,37,Rep_22,23-01-2024,23-01-2024,22-02-2024,27-02-2024,3,5.0,19298.8,Paid
9066,947,41,Rep_12,04-11-2024,04-11-2024,04-12-2024,02-12-2024,8,5.0,27048.93,Paid
9067,456,99,Rep_9,08-09-2025,10-09-2025,10-10-2025,12-10-2025,7,20.0,9927.85,Paid
9068,190,20,Rep_24,13-03-2025,13-03-2025,12-04-2025,11-04-2025,8,5.0,15504.08,Paid
9069,97,33,Rep_26,26-07-2025,27-07-2025,26-08-2025,26-08-2025,8,0.0,11813.36,Paid
9070,340,25,Rep_7,26-02-2025,26-02-2025,28-03-2025,02-04-2025,8,0.0,3622.32,Paid
9071,672,75,Rep_13,12-09-2025,12-09-2025,12-10-2025,22-10-2025,10,10.0,68044.23,Paid
9072,155,73,Rep_30,08-06-2024,09-06-2024,09-07-2024,15-07-2024,1,15.0,3074.48,Paid
9073,364,51,Rep_20,22-03-2024,22-03-2024,21-04-2024,26-04-2024,5,0.0,48599.75,Paid
9074,75,98,Rep_20,01-05-2024,02-05-2024,01-06-2024,14-07-2024,10,0.0,11860.0,Late
9075,450,25,Rep_4,13-02-2025,14-02-2025,16-03-2025,,6,0.0,2716.74,Pending
9076,636,21,Rep_13,18-08-2025,19-08-2025,18-09-2025,21-09-2025,1,20.0,3737.18,Paid
9077,911,78,Rep_23,19-04-2024,21-04-2024,21-05-2024,24-05-2024,1,10.0,6029.32,Paid
9078,806,45,Rep_5,07-01-2024,08-01-2024,07-02-2024,19-03-2024,2,20.0,6452.4,Late
9079,988,83,Rep_10,30-01-2025,30-01-2025,01-03-2025,04-03-2025,4,5.0,8502.35,Paid
9080,581,33,Rep_12,20-10-2025,20-10-2025,19-11-2025,24-11-2025,6,10.0,7974.02,Paid
9081,305,94,Rep_13,11-12-2025,13-12-2025,12-01-2026,,3,10.0,7497.36,Pending
9082,976,6,Rep_8,06-11-2025,08-11-2025,08-12-2025,14-12-2025,6,15.0,49885.55,Paid
9083,633,42,Rep_25,18-01-2024,20-01-2024,19-02-2024,25-02-2024,1,10.0,9420.26,Paid
9084,120,90,Rep_10,22-03-2024,24-03-2024,23-04-2024,,4,0.0,22612.36,Pending
9085,645,47,Rep_23,01-06-2025,03-06-2025,03-07-2025,09-07-2025,3,10.0,7267.37,Paid
9086,9,22,Rep_12,30-07-2025,01-08-2025,31-08-2025,05-09-2025,2,20.0,1347.76,Paid
9087,136,66,Rep_17,04-01-2025,06-01-2025,05-02-2025,20-04-2025,7,5.0,73581.92,Late
9088,770,32,Rep_21,02-03-2025,03-03-2025,02-04-2025,01-04-2025,9,20.0,20037.82,Paid
9089,469,20,Rep_30,08-10-2024,09-10-2024,08-11-2024,,10,10.0,18360.09,Pending
9090,882,18,Rep_22,17-04-2024,18-04-2024,18-05-2024,26-05-2024,4,0.0,8752.24,Paid
9091,332,88,Rep_6,22-03-2025,24-03-2025,23-04-2025,09-06-2025,8,15.0,42460.56,Late
9092,120,37,Rep_26,28-06-2024,30-06-2024,30-07-2024,06-08-2024,3,15.0,17267.35,Paid
9093,494,52,Rep_18,02-04-2025,03-04-2025,03-05-2025,24-06-2025,9,5.0,62562.23,Late
9094,170,25,Rep_3,01-10-2024,03-10-2024,02-11-2024,02-11-2024,4,15.0,1539.49,Paid
9095,120,70,Rep_18,18-03-2025,19-03-2025,18-04-2025,26-04-2025,2,15.0,14550.76,Paid
9096,49,61,Rep_1,07-09-2025,08-09-2025,08-10-2025,03-12-2025,7,0.0,5219.69,Late
9097,832,45,Rep_1,27-01-2025,27-01-2025,26-02-2025,,3,0.0,12098.25,BadDebt
9098,270,61,Rep_1,16-05-2024,18-05-2024,17-06-2024,25-06-2024,10,10.0,6711.03,Paid
9099,716,82,Rep_11,13-06-2024,15-06-2024,15-07-2024,,2,5.0,7531.87,Pending
9100,90,47,Rep_5,19-04-2024,21-04-2024,21-05-2024,,10,5.0,25570.39,Pending
9101,214,29,Rep_14,30-06-2025,01-07-2025,31-07-2025,,4,20.0,16871.87,BadDebt
9102,717,25,Rep_29,02-06-2025,03-06-2025,03-07-2025,02-07-2025,3,10.0,1222.53,Paid
9103,919,41,Rep_5,15-07-2024,15-07-2024,14-08-2024,21-08-2024,1,5.0,3381.12,Paid
9104,412,43,Rep_14,22-01-2024,24-01-2024,23-02-2024,,8,5.0,1581.41,Pending
9105,557,10,Rep_30,30-04-2025,01-05-2025,31-05-2025,31-05-2025,1,0.0,5089.38,Paid
9106,887,23,Rep_5,11-06-2025,11-06-2025,11-07-2025,10-07-2025,1,5.0,2774.26,Paid
9107,822,92,Rep_29,04-09-2025,05-09-2025,05-10-2025,15-10-2025,5,15.0,18449.93,Paid
9108,715,6,Rep_26,12-04-2025,12-04-2025,12-05-2025,,7,0.0,68470.36,Pending
9109,587,55,Rep_18,15-10-2025,15-10-2025,14-11-2025,24-01-2026,2,15.0,9726.14,Late
9110,191,26,Rep_4,02-02-2024,03-02-2024,04-03-2024,04-03-2024,6,20.0,41362.27,Paid
9111,919,11,Rep_27,20-11-2025,20-11-2025,20-12-2025,10-02-2026,3,15.0,5144.96,Late
9112,101,18,Rep_9,23-05-2024,24-05-2024,23-06-2024,05-09-2024,7,0.0,15316.42,Late
9113,444,35,Rep_23,24-03-2024,25-03-2024,24-04-2024,30-04-2024,3,5.0,17081.33,Paid
9114,309,22,Rep_7,27-07-2025,28-07-2025,27-08-2025,09-10-2025,4,5.0,3200.93,Late
9115,379,28,Rep_1,13-11-2024,14-11-2024,14-12-2024,16-12-2024,7,10.0,25355.17,Paid
9116,993,46,Rep_17,24-10-2025,25-10-2025,24-11-2025,24-11-2025,2,5.0,1584.47,Paid
9117,342,98,Rep_26,15-10-2025,17-10-2025,16-11-2025,20-11-2025,2,0.0,2372.0,Paid
9118,122,36,Rep_12,20-02-2024,20-02-2024,21-03-2024,26-03-2024,7,20.0,5005.22,Paid
9119,458,74,Rep_23,17-04-2024,17-04-2024,17-05-2024,18-05-2024,4,0.0,35030.92,Paid
9120,917,91,Rep_26,16-09-2025,16-09-2025,16-10-2025,14-10-2025,8,0.0,70168.64,Paid
9121,341,11,Rep_24,30-10-2024,30-10-2024,29-11-2024,03-01-2025,7,10.0,12711.07,Late
9122,878,64,Rep_24,01-12-2025,02-12-2025,01-01-2026,11-01-2026,5,20.0,16374.8,Paid
9123,44,86,Rep_7,24-03-2025,24-03-2025,23-04-2025,,3,0.0,14648.07,BadDebt
9124,439,23,Rep_2,11-04-2025,13-04-2025,13-05-2025,,5,20.0,11681.08,Pending
9125,759,37,Rep_22,26-07-2025,27-07-2025,26-08-2025,26-08-2025,8,0.0,54172.08,Paid
9126,392,87,Rep_27,06-10-2024,06-10-2024,05-11-2024,10-11-2024,5,10.0,7425.14,Paid
9127,88,53,Rep_23,11-02-2024,12-02-2024,13-03-2024,20-03-2024,2,0.0,8834.96,Paid
9128,68,19,Rep_2,05-07-2025,05-07-2025,04-08-2025,02-08-2025,3,10.0,25320.09,Paid
9129,716,69,Rep_19,25-08-2024,26-08-2024,25-09-2024,03-10-2024,1,10.0,7547.67,Paid
9130,55,8,Rep_15,08-12-2024,09-12-2024,08-01-2025,07-01-2025,7,10.0,51900.16,Paid
9131,155,6,Rep_8,28-12-2024,28-12-2024,27-01-2025,27-01-2025,4,5.0,37169.62,Paid
9132,614,8,Rep_3,13-11-2024,14-11-2024,14-12-2024,13-12-2024,3,20.0,19771.49,Paid
9133,952,47,Rep_5,07-02-2025,09-02-2025,11-03-2025,,2,15.0,4575.75,Pending
9134,920,72,Rep_28,13-05-2024,13-05-2024,12-06-2024,20-06-2024,7,15.0,32147.31,Paid
9135,173,52,Rep_27,05-05-2024,07-05-2024,06-06-2024,10-06-2024,2,20.0,11707.55,Paid
9136,898,58,Rep_25,11-03-2024,12-03-2024,11-04-2024,10-04-2024,4,15.0,9145.12,Paid
9137,891,60,Rep_18,28-10-2024,29-10-2024,28-11-2024,,10,10.0,41754.96,BadDebt
9138,173,52,Rep_3,26-12-2024,28-12-2024,27-01-2025,26-01-2025,8,20.0,46830.21,Paid
9139,612,23,Rep_6,19-10-2025,19-10-2025,18-11-2025,20-01-2026,9,5.0,24968.31,Late
9140,382,65,Rep_15,30-01-2025,30-01-2025,01-03-2025,07-03-2025,1,20.0,2542.06,Paid
9141,131,15,Rep_6,15-01-2024,17-01-2024,16-02-2024,16-04-2024,4,15.0,20999.83,Late
9142,301,40,Rep_17,07-09-2024,08-09-2024,08-10-2024,,7,10.0,34723.46,Pending
9143,59,51,Rep_18,15-05-2024,16-05-2024,15-06-2024,13-06-2024,6,15.0,49571.74,Paid
9144,785,25,Rep_5,31-07-2024,01-08-2024,31-08-2024,11-10-2024,3,10.0,1222.53,Late
9145,788,100,,17-06-2024,17-06-2024,17-07-2024,23-08-2024,4,0.0,13394.44,Late
9146,343,9,Rep_1,15-06-2024,17-06-2024,17-07-2024,23-07-2024,7,20.0,1162.67,Paid
9147,368,26,Rep_22,21-03-2025,23-03-2025,22-04-2025,23-04-2025,6,5.0,49117.7,Paid
9148,7,26,Rep_13,05-03-2025,07-03-2025,06-04-2025,,2,5.0,16372.57,BadDebt
9149,555,31,,29-05-2025,30-05-2025,29-06-2025,,3,10.0,12554.97,Pending
9150,620,45,Rep_23,03-10-2024,03-10-2024,02-11-2024,02-11-2024,7,5.0,26817.79,Paid
9151,18,71,Rep_30,27-12-2024,27-12-2024,26-01-2025,,1,0.0,467.37,Pending
9152,344,60,Rep_16,01-09-2025,02-09-2025,02-10-2025,12-10-2025,6,0.0,27836.64,Paid
9153,790,11,Rep_8,29-04-2024,01-05-2024,31-05-2024,29-05-2024,9,15.0,15434.87,Paid
9154,342,38,Rep_2,22-05-2025,23-05-2025,22-06-2025,24-06-2025,8,15.0,26230.05,Paid
9155,898,50,Rep_16,22-07-2024,23-07-2024,22-08-2024,20-08-2024,10,10.0,14636.52,Paid
9156,491,52,Rep_2,07-03-2025,08-03-2025,07-04-2025,06-04-2025,1,15.0,6219.64,Paid
9157,801,82,Rep_16,15-11-2024,15-11-2024,15-12-2024,24-01-2025,3,0.0,11892.42,Late
9158,444,58,Rep_28,31-07-2024,02-08-2024,01-09-2024,03-09-2024,3,20.0,6455.38,Paid
9159,98,19,Rep_29,21-05-2024,21-05-2024,20-06-2024,26-06-2024,3,10.0,25320.09,Paid
9160,936,37,Rep_20,04-02-2024,06-02-2024,07-03-2024,03-05-2024,6,5.0,38597.61,Late
9161,403,50,Rep_7,23-05-2025,25-05-2025,24-06-2025,28-06-2025,8,20.0,10408.19,Paid
9162,999,98,Rep_8,27-09-2024,28-09-2024,28-10-2024,06-11-2024,10,15.0,10081.0,Paid
9163,938,20,Rep_24,09-06-2025,09-06-2025,09-07-2025,,9,15.0,15606.08,Pending
9164,261,46,Rep_3,27-08-2024,29-08-2024,28-09-2024,01-10-2024,9,15.0,6379.56,Paid
9165,689,34,Rep_19,19-07-2025,21-07-2025,20-08-2025,28-08-2025,4,20.0,12756.74,Paid
9166,930,10,Rep_30,05-10-2025,05-10-2025,04-11-2025,06-01-2026,7,0.0,35625.66,Late
9167,949,76,Rep_19,17-08-2024,19-08-2024,18-09-2024,25-09-2024,9,0.0,90354.06,Paid
9168,581,54,Rep_16,04-10-2024,06-10-2024,05-11-2024,06-11-2024,8,0.0,53345.28,Paid
9169,815,30,Rep_17,22-08-2024,22-08-2024,21-09-2024,01-10-2024,5,0.0,9933.35,Paid
9170,653,95,Rep_9,06-01-2025,08-01-2025,07-02-2025,17-02-2025,5,20.0,3983.36,Paid
9171,147,22,Rep_10,23-08-2025,24-08-2025,23-09-2025,24-09-2025,1,5.0,800.23,Paid
9172,174,68,Rep_18,03-04-2025,04-04-2025,04-05-2025,12-05-2025,10,10.0,86250.06,Paid
9173,869,18,Rep_4,30-04-2024,30-04-2024,30-05-2024,05-06-2024,5,0.0,10940.3,Paid
9174,576,7,Rep_3,31-07-2025,02-08-2025,01-09-2025,04-09-2025,10,20.0,5616.24,Paid
9175,795,27,Rep_14,01-07-2024,01-07-2024,31-07-2024,31-07-2024,6,0.0,9079.68,Paid
9176,327,83,Rep_13,20-11-2024,21-11-2024,21-12-2024,26-12-2024,4,20.0,7159.87,Paid
9177,33,83,Rep_8,07-10-2025,09-10-2025,08-11-2025,18-11-2025,2,20.0,3579.94,Paid
9178,384,22,Rep_27,28-01-2024,29-01-2024,28-02-2024,01-03-2024,8,0.0,6738.8,Paid
9179,703,17,Rep_22,20-10-2024,22-10-2024,21-11-2024,27-11-2024,9,10.0,62632.76,Paid
9180,682,44,Rep_6,12-12-2025,12-12-2025,11-01-2026,21-01-2026,4,10.0,17660.52,Paid
9181,992,33,Rep_21,18-09-2025,18-09-2025,18-10-2025,27-10-2025,6,15.0,7531.02,Paid
9182,117,18,Rep_6,26-07-2025,27-07-2025,26-08-2025,27-08-2025,5,5.0,10393.28,Paid
9183,134,36,Rep_28,15-02-2025,17-02-2025,19-03-2025,19-05-2025,6,0.0,5362.74,Late
9184,233,1,Rep_10,05-09-2024,05-09-2024,05-10-2024,05-10-2024,2,0.0,10843.44,Paid
9185,917,36,Rep_15,23-06-2024,23-06-2024,23-07-2024,31-07-2024,10,15.0,7597.21,Paid
9186,3,1,Rep_13,06-10-2025,07-10-2025,06-11-2025,12-11-2025,4,20.0,17349.5,Paid
9187,395,51,Rep_18,16-05-2024,17-05-2024,16-06-2024,,9,20.0,69983.64,Pending
9188,866,90,Rep_11,22-07-2024,24-07-2024,23-08-2024,,2,0.0,11306.18,BadDebt
9189,367,27,Rep_1,26-05-2025,27-05-2025,26-06-2025,01-07-2025,4,10.0,5447.81,Paid
9190,86,45,Rep_17,01-09-2025,01-09-2025,01-10-2025,01-10-2025,2,5.0,7662.22,Paid
9191,505,4,Rep_26,16-09-2024,16-09-2024,16-10-2024,14-10-2024,9,0.0,26424.36,Paid
9192,530,93,Rep_27,05-08-2025,07-08-2025,06-09-2025,16-09-2025,10,20.0,14491.76,Paid
9193,442,62,Rep_2,20-07-2024,20-07-2024,19-08-2024,30-10-2024,6,20.0,34042.94,Late
9194,495,14,Rep_27,19-12-2025,20-12-2025,19-01-2026,19-01-2026,5,15.0,12755.61,Paid
9195,338,3,Rep_9,03-06-2024,03-06-2024,03-07-2024,06-07-2024,3,20.0,19885.87,Paid
9196,667,21,Rep_3,29-10-2024,31-10-2024,30-11-2024,04-12-2024,2,5.0,8875.81,Paid
9197,302,1,Rep_8,02-01-2024,02-01-2024,01-02-2024,,9,20.0,39036.38,BadDebt
9198,548,87,Rep_16,26-06-2024,27-06-2024,27-07-2024,02-08-2024,9,0.0,14850.27,Paid
9199,162,39,Rep_6,25-07-2024,25-07-2024,24-08-2024,28-08-2024,10,10.0,65537.19,Paid
9200,21,12,Rep_1,27-06-2024,29-06-2024,29-07-2024,29-07-2024,9,5.0,87468.47,Paid
9201,630,8,Rep_7,05-02-2024,05-02-2024,06-03-2024,06-03-2024,5,5.0,39131.07,Paid
9202,404,31,Rep_3,07-12-2025,07-12-2025,06-01-2026,,2,20.0,7439.98,Pending
9203,917,36,Rep_12,09-05-2025,11-05-2025,10-06-2025,03-09-2025,5,0.0,4468.95,Late
9204,159,93,Rep_28,28-05-2025,28-05-2025,27-06-2025,19-09-2025,4,0.0,7245.88,Late
9205,542,61,Rep_15,26-02-2024,26-02-2024,27-03-2024,03-04-2024,4,0.0,2982.68,Paid
9206,624,93,Rep_19,23-03-2024,25-03-2024,24-04-2024,25-04-2024,4,15.0,6159.0,Paid
9207,364,87,Rep_24,01-09-2025,01-09-2025,01-10-2025,29-09-2025,7,5.0,10972.7,Paid
9208,643,63,Rep_30,25-02-2025,25-02-2025,27-03-2025,26-03-2025,2,5.0,3173.63,Paid
9209,937,91,Rep_18,18-11-2025,20-11-2025,20-12-2025,26-12-2025,5,5.0,41662.63,Paid
9210,455,10,Rep_14,31-01-2024,31-01-2024,01-03-2024,11-03-2024,4,20.0,16286.02,Paid
9211,857,16,Rep_22,13-02-2025,14-02-2025,16-03-2025,,9,10.0,10765.79,BadDebt
9212,1,79,Rep_29,28-03-2025,28-03-2025,27-04-2025,05-05-2025,2,10.0,2912.15,Paid
9213,763,5,Rep_6,11-03-2025,11-03-2025,10-04-2025,08-06-2025,3,20.0,2457.7,Late
9214,713,68,Rep_7,04-06-2024,04-06-2024,04-07-2024,06-07-2024,3,5.0,27312.52,Paid
9215,961,82,Rep_5,16-04-2025,18-04-2025,18-05-2025,17-05-2025,3,15.0,10108.56,Paid
9216,241,26,Rep_5,01-10-2024,01-10-2024,31-10-2024,29-12-2024,5,5.0,40931.41,Late
9217,140,26,Rep_5,23-08-2025,25-08-2025,24-09-2025,,8,0.0,68937.12,Pending
9218,193,100,Rep_30,08-08-2025,09-08-2025,08-09-2025,10-09-2025,3,5.0,9543.54,Paid
9219,436,21,Rep_17,05-11-2025,07-11-2025,07-12-2025,10-12-2025,3,5.0,13313.72,Paid
9220,544,58,Rep_20,04-05-2024,05-05-2024,04-06-2024,08-06-2024,6,5.0,15331.52,Paid
9221,206,17,Rep_14,18-06-2025,20-06-2025,20-07-2025,18-07-2025,5,10.0,34795.98,Paid
9222,717,40,Rep_2,08-07-2025,10-07-2025,09-08-2025,13-08-2025,8,20.0,35274.62,Paid
9223,741,38,Rep_16,02-01-2025,03-01-2025,02-02-2025,02-02-2025,2,0.0,7714.72,Paid
9224,66,81,Rep_8,23-07-2025,25-07-2025,24-08-2025,28-08-2025,2,15.0,2153.95,Paid
9225,241,45,Rep_25,17-08-2024,17-08-2024,16-09-2024,18-09-2024,7,10.0,25406.32,Paid
9226,530,23,Rep_16,25-07-2025,25-07-2025,24-08-2025,27-08-2025,4,10.0,10512.97,Paid
9227,796,83,Rep_13,24-01-2025,26-01-2025,25-02-2025,01-04-2025,4,5.0,8502.35,Late
9228,808,15,Rep_27,09-06-2025,10-06-2025,10-07-2025,11-07-2025,5,0.0,30882.1,Paid
9229,859,7,Rep_8,29-07-2025,29-07-2025,28-08-2025,,8,10.0,5054.62,Pending
9230,907,61,Rep_1,29-09-2025,01-10-2025,31-10-2025,07-11-2025,5,10.0,3355.52,Paid
9231,147,81,Rep_14,01-05-2025,02-05-2025,01-06-2025,02-06-2025,9,0.0,11403.27,Paid
9232,464,36,Rep_20,07-12-2025,09-12-2025,08-01-2026,08-01-2026,9,20.0,6435.29,Paid
9233,375,39,Rep_21,26-12-2024,27-12-2024,26-01-2025,28-01-2025,2,10.0,13107.44,Paid
9234,938,4,Rep_22,13-10-2024,15-10-2024,14-11-2024,10-02-2025,7,0.0,20552.28,Late
9235,746,23,Rep_18,13-10-2024,15-10-2024,14-11-2024,23-11-2024,4,20.0,9344.86,Paid
9236,338,77,Rep_17,23-02-2024,24-02-2024,25-03-2024,,9,10.0,7505.14,Pending
9237,942,74,Rep_28,28-10-2024,28-10-2024,27-11-2024,28-11-2024,5,15.0,37220.35,Paid
9238,638,99,Rep_11,11-05-2025,13-05-2025,12-06-2025,12-06-2025,7,20.0,9927.85,Paid
9239,532,25,Rep_6,14-03-2024,16-03-2024,15-04-2024,22-04-2024,2,15.0,769.74,Paid
9240,242,99,Rep_8,27-09-2025,27-09-2025,27-10-2025,29-10-2025,10,20.0,14182.64,Paid
9241,153,80,Rep_20,16-03-2025,17-03-2025,16-04-2025,14-04-2025,7,5.0,24952.46,Paid
9242,899,23,Rep_23,27-12-2025,29-12-2025,28-01-2026,30-01-2026,10,0.0,29202.7,Paid
9243,558,40,Rep_7,03-01-2025,05-01-2025,04-02-2025,22-04-2025,7,5.0,36652.54,Late
9244,506,57,Rep_3,10-11-2024,10-11-2024,10-12-2024,18-12-2024,2,10.0,1314.0,Paid
9245,11,9,Rep_30,23-03-2025,24-03-2025,23-04-2025,02-05-2025,8,5.0,1577.91,Paid
9246,619,2,Rep_10,09-03-2024,09-03-2024,08-04-2024,17-04-2024,4,15.0,28694.2,Paid
9247,293,33,Rep_14,07-01-2025,07-01-2025,06-02-2025,04-02-2025,2,15.0,2510.34,Paid
9248,833,48,Rep_29,22-05-2024,22-05-2024,21-06-2024,23-06-2024,10,20.0,40431.68,Paid
9249,115,41,Rep_9,10-05-2024,12-05-2024,11-06-2024,15-06-2024,5,10.0,16015.82,Paid
9250,737,70,Rep_21,19-01-2025,20-01-2025,19-02-2025,17-02-2025,4,0.0,34237.08,Paid
9251,370,71,Rep_11,09-11-2025,10-11-2025,10-12-2025,,8,10.0,3365.06,Pending
9252,579,31,Rep_3,30-05-2024,01-06-2024,01-07-2024,05-07-2024,4,5.0,17669.96,Paid
9253,641,21,Rep_25,09-09-2025,11-09-2025,11-10-2025,18-10-2025,9,20.0,33634.66,Paid
9254,113,53,Rep_8,10-09-2025,12-09-2025,12-10-2025,16-10-2025,10,15.0,37548.58,Paid
9255,365,51,Rep_8,23-05-2025,24-05-2025,23-06-2025,30-06-2025,4,0.0,38879.8,Paid
9256,511,13,Rep_18,20-09-2024,20-09-2024,20-10-2024,28-10-2024,8,5.0,51082.34,Paid
9257,309,66,Rep_21,05-03-2025,06-03-2025,05-04-2025,15-05-2025,9,20.0,79667.64,Late
9258,254,68,Rep_10,11-10-2025,11-10-2025,10-11-2025,30-12-2025,10,15.0,81458.39,Late
9259,10,84,Rep_8,10-06-2024,10-06-2024,10-07-2024,19-07-2024,7,15.0,5574.14,Paid
9260,674,20,Rep_27,10-09-2025,12-09-2025,12-10-2025,14-10-2025,9,5.0,17442.09,Paid
9261,263,29,Rep_7,15-05-2024,15-05-2024,14-06-2024,19-06-2024,2,0.0,10544.92,Paid
9262,356,93,Rep_2,17-05-2025,19-05-2025,18-06-2025,24-06-2025,2,20.0,2898.35,Paid
9263,918,37,Rep_9,13-01-2024,14-01-2024,13-02-2024,18-02-2024,10,20.0,54172.08,Paid
9264,751,71,Rep_10,04-12-2025,05-12-2025,04-01-2026,02-01-2026,6,15.0,2383.59,Paid
9265,313,47,Rep_30,08-01-2025,08-01-2025,07-02-2025,07-05-2025,3,15.0,6863.63,Late
9266,502,78,Rep_17,01-07-2024,02-07-2024,01-08-2024,07-08-2024,4,5.0,25457.15,Paid
9267,587,56,Rep_2,23-09-2025,24-09-2025,24-10-2025,31-10-2025,6,15.0,12824.31,Paid
9268,454,52,Rep_8,06-11-2025,07-11-2025,07-12-2025,07-02-2026,9,20.0,52683.98,Late
9269,8,62,Rep_29,03-11-2024,04-11-2024,04-12-2024,10-12-2024,7,20.0,39716.77,Paid
9270,5,54,Rep_7,21-10-2025,23-10-2025,22-11-2025,25-11-2025,9,15.0,51011.42,Paid
9271,908,56,Rep_8,16-03-2024,18-03-2024,17-04-2024,26-04-2024,7,10.0,15841.79,Paid
9272,453,5,Rep_28,09-12-2025,10-12-2025,09-01-2026,08-01-2026,1,15.0,870.43,Paid
9273,669,88,Rep_20,09-12-2024,09-12-2024,08-01-2025,,7,0.0,43709.4,BadDebt
9274,837,91,Rep_18,07-05-2024,09-05-2024,08-06-2024,,2,10.0,15787.94,Pending
9275,277,44,Rep_2,15-05-2025,17-05-2025,16-06-2025,19-06-2025,7,0.0,34339.9,Paid
9276,478,57,Rep_26,26-03-2024,26-03-2024,25-04-2024,25-04-2024,5,5.0,3467.5,Paid
9277,185,48,Rep_4,25-12-2025,25-12-2025,24-01-2026,22-01-2026,7,0.0,35377.72,Paid
9278,891,30,Rep_1,02-05-2025,04-05-2025,03-06-2025,05-06-2025,5,5.0,9436.68,Paid
9279,609,22,Rep_14,06-03-2024,08-03-2024,07-04-2024,07-04-2024,9,5.0,7202.09,Paid
9280,879,88,Rep_21,16-01-2025,17-01-2025,16-02-2025,,8,10.0,44958.24,Pending
9281,891,23,Rep_4,02-09-2025,04-09-2025,04-10-2025,06-10-2025,2,5.0,5548.51,Paid
9282,977,95,Rep_7,01-05-2024,03-05-2024,02-06-2024,,7,20.0,5576.7,Pending
9283,406,52,Rep_9,14-01-2025,15-01-2025,14-02-2025,23-02-2025,9,0.0,65854.98,Paid
9284,405,99,Rep_1,04-12-2024,04-12-2024,03-01-2025,09-01-2025,5,0.0,8864.15,Paid
9285,632,6,Rep_8,16-02-2024,18-02-2024,19-03-2024,22-03-2024,9,10.0,79229.99,Paid
9286,772,83,Rep_8,29-08-2025,30-08-2025,29-09-2025,02-10-2025,7,10.0,14096.0,Paid
9287,707,71,Rep_28,10-01-2024,10-01-2024,09-02-2024,,5,5.0,2220.01,Pending
9288,430,79,Rep_1,28-05-2025,29-05-2025,28-06-2025,27-06-2025,5,15.0,6875.9,Paid
9289,405,24,Rep_6,18-11-2024,20-11-2024,20-12-2024,19-12-2024,1,10.0,3260.01,Paid
9290,55,10,Rep_14,16-11-2025,17-11-2025,17-12-2025,08-02-2026,5,15.0,21629.86,Late
9291,550,74,Rep_3,13-10-2025,14-10-2025,13-11-2025,21-11-2025,1,0.0,8757.73,Paid
9292,632,87,Rep_20,03-08-2025,04-08-2025,03-09-2025,07-09-2025,7,5.0,10972.7,Paid
9293,367,27,Rep_29,13-12-2025,14-12-2025,13-01-2026,11-03-2026,5,20.0,6053.12,Late
9294,579,62,Rep_4,16-03-2025,17-03-2025,16-04-2025,18-06-2025,9,15.0,54255.94,Late
9295,853,22,Rep_16,25-12-2024,25-12-2024,24-01-2025,23-01-2025,4,5.0,3200.93,Paid
9296,508,7,Rep_28,10-08-2025,11-08-2025,10-09-2025,16-09-2025,5,0.0,3510.15,Paid
9297,699,25,Rep_21,10-03-2025,10-03-2025,09-04-2025,08-04-2025,10,0.0,4527.9,Paid
9298,796,50,Rep_1,15-01-2024,15-01-2024,14-02-2024,17-02-2024,2,0.0,3252.56,Paid
9299,227,13,Rep_19,22-09-2024,22-09-2024,22-10-2024,,4,15.0,22852.62,BadDebt
9300,126,83,Rep_6,07-06-2024,08-06-2024,08-07-2024,06-07-2024,5,0.0,11187.3,Paid
9301,955,4,Rep_28,09-10-2025,10-10-2025,09-11-2025,10-11-2025,2,10.0,5284.87,Paid
9302,175,54,Rep_7,05-10-2024,05-10-2024,04-11-2024,09-11-2024,2,5.0,12669.5,Paid
9303,642,67,Rep_15,17-04-2025,17-04-2025,17-05-2025,09-08-2025,8,0.0,28202.4,Late
9304,114,92,Rep_7,14-10-2025,15-10-2025,14-11-2025,,5,20.0,17364.64,Pending
9305,847,81,Rep_21,06-02-2024,08-02-2024,09-03-2024,10-03-2024,10,15.0,10769.76,Paid
9306,735,37,Rep_27,01-10-2025,02-10-2025,01-11-2025,01-11-2025,6,15.0,34534.7,Paid
9307,6,98,Rep_6,11-02-2024,13-02-2024,14-03-2024,16-03-2024,10,0.0,11860.0,Paid
9308,287,60,Rep_4,27-03-2024,29-03-2024,28-04-2024,,1,10.0,4175.5,Pending
9309,635,27,Rep_18,07-11-2025,07-11-2025,07-12-2025,,6,10.0,8171.71,Pending
9310,800,15,Rep_11,11-06-2025,11-06-2025,11-07-2025,18-07-2025,10,20.0,49411.36,Paid
9311,418,74,Rep_14,29-07-2025,31-07-2025,30-08-2025,05-09-2025,9,15.0,66996.63,Paid
9312,727,50,Rep_17,09-07-2024,10-07-2024,09-08-2024,05-11-2024,2,10.0,2927.3,Late
9313,190,88,Rep_4,06-02-2025,08-02-2025,10-03-2025,25-04-2025,2,15.0,10615.14,Late
9314,239,4,Rep_6,20-01-2025,20-01-2025,19-02-2025,19-02-2025,7,20.0,16441.82,Paid
9315,789,15,Rep_17,12-08-2025,13-08-2025,12-09-2025,20-09-2025,1,0.0,6176.42,Paid
9316,688,39,Rep_5,22-08-2025,24-08-2025,23-09-2025,25-09-2025,6,5.0,41506.89,Paid
9317,809,75,Rep_20,06-01-2024,06-01-2024,05-02-2024,11-02-2024,5,0.0,37802.35,Paid
9318,679,95,Rep_16,28-07-2025,28-07-2025,27-08-2025,01-09-2025,8,5.0,7568.38,Paid
9319,450,69,Rep_22,11-03-2024,11-03-2024,10-04-2024,11-04-2024,3,15.0,21385.06,Paid
9320,34,55,Rep_22,12-06-2024,13-06-2024,13-07-2024,13-07-2024,7,5.0,38046.38,Paid
9321,174,88,Rep_28,23-01-2025,23-01-2025,22-02-2025,04-03-2025,7,5.0,41523.93,Paid
9322,558,64,Rep_5,23-05-2024,24-05-2024,23-06-2024,29-06-2024,1,15.0,3479.64,Paid
9323,222,27,Rep_1,07-03-2024,09-03-2024,08-04-2024,07-04-2024,4,20.0,4842.5,Paid
9324,471,73,Rep_16,21-05-2025,21-05-2025,20-06-2025,22-06-2025,10,0.0,36170.4,Paid
9325,268,92,Rep_26,14-01-2024,15-01-2024,14-02-2024,24-02-2024,6,5.0,24744.61,Paid
9326,999,8,Rep_12,24-02-2025,25-02-2025,27-03-2025,06-04-2025,4,5.0,31304.86,Paid
9327,431,24,Rep_8,04-04-2024,04-04-2024,04-05-2024,05-05-2024,8,0.0,28977.84,Paid
9328,831,35,Rep_26,29-07-2025,30-07-2025,29-08-2025,07-09-2025,4,10.0,21576.42,Paid
9329,806,60,Rep_30,12-03-2024,12-03-2024,11-04-2024,,7,20.0,25980.86,Pending
9330,575,57,Rep_3,05-06-2025,06-06-2025,06-07-2025,11-08-2025,5,20.0,2920.0,Late
9331,844,55,Rep_26,06-01-2024,06-01-2024,05-02-2024,10-02-2024,6,15.0,29178.43,Paid
9332,242,2,Rep_11,07-11-2025,07-11-2025,07-12-2025,,8,0.0,67515.76,Pending
9333,542,45,Rep_19,22-05-2024,23-05-2024,22-06-2024,,3,20.0,9678.6,Pending
9334,784,44,Rep_6,28-05-2025,30-05-2025,29-06-2025,,6,0.0,29434.2,Pending
9335,290,78,Rep_15,11-10-2024,13-10-2024,12-11-2024,17-11-2024,1,20.0,5359.4,Paid
9336,751,35,Rep_13,03-06-2025,04-06-2025,04-07-2025,08-07-2025,10,0.0,59934.5,Paid
9337,397,52,Rep_15,25-06-2024,25-06-2024,25-07-2024,03-08-2024,1,10.0,6585.5,Paid
9338,780,16,Rep_30,06-03-2024,06-03-2024,05-04-2024,,9,0.0,11961.99,Pending
9339,515,69,Rep_22,17-10-2025,19-10-2025,18-11-2025,19-11-2025,10,20.0,67090.4,Paid
9340,383,42,Rep_21,09-03-2025,10-03-2025,09-04-2025,09-04-2025,1,0.0,10466.96,Paid
9341,805,21,Rep_27,17-02-2024,19-02-2024,20-03-2024,,4,5.0,17751.62,Pending
9342,292,73,Rep_12,11-03-2025,11-03-2025,10-04-2025,,4,5.0,13744.75,Pending
9343,195,51,Rep_15,21-06-2025,21-06-2025,21-07-2025,31-07-2025,1,20.0,7775.96,Paid
9344,485,37,Rep_28,04-08-2025,05-08-2025,04-09-2025,11-09-2025,5,15.0,28778.92,Paid
9345,710,74,Rep_24,05-09-2024,06-09-2024,06-10-2024,04-10-2024,10,0.0,87577.3,Paid
9346,815,61,Rep_13,04-05-2025,05-05-2025,04-06-2025,04-06-2025,9,10.0,6039.93,Paid
9347,749,24,Rep_12,26-12-2025,28-12-2025,27-01-2026,28-01-2026,10,15.0,30788.96,Paid
9348,828,64,Rep_10,09-07-2024,11-07-2024,10-08-2024,13-08-2024,5,0.0,20468.5,Paid
9349,602,95,Rep_5,22-03-2024,24-03-2024,23-04-2024,22-04-2024,7,5.0,6622.34,Paid
9350,803,31,Rep_1,21-06-2025,23-06-2025,23-07-2025,02-08-2025,2,10.0,8369.98,Paid
9351,399,70,Rep_28,03-04-2025,03-04-2025,03-05-2025,,7,0.0,59914.89,Pending
9352,440,92,Rep_9,04-04-2025,04-04-2025,04-05-2025,,6,10.0,23442.26,Pending
9353,393,57,Rep_15,27-01-2025,28-01-2025,27-02-2025,01-04-2025,6,15.0,3723.0,Late
9354,387,82,Rep_16,17-10-2024,18-10-2024,17-11-2024,18-11-2024,1,20.0,3171.31,Paid
9355,493,11,Rep_4,17-12-2025,18-12-2025,17-01-2026,26-01-2026,7,5.0,13417.24,Paid
9356,800,91,Rep_26,08-06-2025,08-06-2025,08-07-2025,08-07-2025,3,10.0,23681.92,Paid
9357,122,77,Rep_3,22-11-2024,24-11-2024,24-12-2024,,3,15.0,2362.73,Pending
9358,78,45,Rep_12,04-05-2024,06-05-2024,05-06-2024,10-06-2024,9,20.0,29035.8,Paid
9359,226,46,Rep_20,22-07-2024,22-07-2024,21-08-2024,28-08-2024,3,5.0,2376.7,Paid
9360,46,29,Rep_3,30-05-2025,30-05-2025,29-06-2025,08-07-2025,8,20.0,33743.74,Paid
9361,678,47,Rep_13,09-09-2024,11-09-2024,11-10-2024,17-10-2024,6,5.0,15342.23,Paid
9362,257,83,Rep_28,18-04-2025,18-04-2025,18-05-2025,24-05-2025,7,5.0,14879.11,Paid
9363,261,28,Rep_8,11-07-2024,13-07-2024,12-08-2024,19-08-2024,6,15.0,20525.61,Paid
9364,300,75,Rep_12,12-02-2024,14-02-2024,15-03-2024,,8,5.0,57459.57,Pending
9365,875,25,Rep_6,16-08-2025,18-08-2025,17-09-2025,22-09-2025,9,0.0,4075.11,Paid
9366,419,38,Rep_17,07-08-2025,08-08-2025,07-09-2025,16-09-2025,2,15.0,6557.51,Paid
9367,37,11,Rep_27,28-07-2024,30-07-2024,29-08-2024,02-09-2024,3,5.0,5750.25,Paid
9368,217,26,Rep_30,15-02-2025,15-02-2025,17-03-2025,21-03-2025,1,5.0,8186.28,Paid
9369,857,94,Rep_18,19-12-2024,20-12-2024,19-01-2025,13-03-2025,4,5.0,10551.84,Late
9370,328,32,Rep_21,07-02-2024,09-02-2024,10-03-2024,18-03-2024,2,15.0,4731.15,Paid
9371,154,27,Rep_23,24-01-2024,25-01-2024,24-02-2024,,5,10.0,6809.76,Pending
9372,360,13,Rep_22,27-11-2025,27-11-2025,27-12-2025,31-12-2025,4,20.0,21508.35,Paid
9373,356,77,Rep_29,10-07-2024,10-07-2024,09-08-2024,13-08-2024,10,15.0,7875.76,Paid
9374,993,48,Rep_9,08-10-2025,09-10-2025,08-11-2025,18-11-2025,5,0.0,25269.8,Paid
9375,553,2,Rep_21,27-05-2025,28-05-2025,27-06-2025,26-06-2025,7,10.0,53168.66,Paid
9376,683,47,Rep_10,17-09-2025,17-09-2025,17-10-2025,21-10-2025,2,0.0,5383.24,Paid
9377,102,50,Rep_2,20-09-2024,21-09-2024,21-10-2024,25-10-2024,10,0.0,16262.8,Paid
9378,338,27,Rep_15,07-09-2024,07-09-2024,07-10-2024,,5,0.0,7566.4,Pending
9379,915,91,Rep_12,30-01-2025,31-01-2025,02-03-2025,01-03-2025,5,20.0,35084.32,Paid
9380,578,1,Rep_15,12-04-2024,13-04-2024,13-05-2024,20-05-2024,4,20.0,17349.5,Paid
9381,485,88,Rep_28,29-01-2024,31-01-2024,01-03-2024,28-02-2024,8,20.0,39962.88,Paid
9382,304,19,Rep_30,26-12-2024,28-12-2024,27-01-2025,05-02-2025,7,20.0,52515.74,Paid
9383,238,94,Rep_7,25-10-2024,27-10-2024,26-11-2024,30-12-2024,8,10.0,19992.96,Late
9384,177,3,Rep_18,18-07-2025,18-07-2025,17-08-2025,18-09-2025,2,20.0,13257.25,Late
9385,920,39,Rep_7,10-07-2024,10-07-2024,09-08-2024,12-08-2024,10,15.0,61896.24,Paid
9386,883,86,Rep_11,11-12-2025,13-12-2025,12-01-2026,21-01-2026,3,10.0,13183.26,Paid
9387,528,22,Rep_26,23-09-2025,24-09-2025,24-10-2025,29-10-2025,2,5.0,1600.46,Paid
9388,162,98,Rep_6,04-03-2025,05-03-2025,04-04-2025,05-04-2025,8,0.0,9488.0,Paid
9389,725,53,Rep_25,13-02-2025,13-02-2025,15-03-2025,21-03-2025,10,5.0,41966.06,Paid
9390,842,4,Rep_23,12-03-2024,14-03-2024,13-04-2024,12-04-2024,6,5.0,16735.43,Paid
9391,44,87,Rep_8,21-02-2024,23-02-2024,24-03-2024,26-03-2024,7,10.0,10395.19,Paid
9392,688,26,Rep_6,16-12-2024,18-12-2024,17-01-2025,24-01-2025,5,10.0,38777.13,Paid
9393,744,49,Rep_23,25-06-2025,25-06-2025,25-07-2025,24-07-2025,1,10.0,6825.26,Paid
9394,921,40,Rep_27,23-08-2025,23-08-2025,22-09-2025,02-10-2025,7,5.0,36652.54,Paid
9395,87,11,Rep_29,19-10-2024,21-10-2024,20-11-2024,19-11-2024,10,0.0,20176.3,Paid
9396,363,28,Rep_15,28-09-2025,28-09-2025,28-10-2025,05-11-2025,9,20.0,28977.34,Paid
9397,479,84,Rep_5,03-09-2025,05-09-2025,05-10-2025,09-10-2025,6,10.0,5058.88,Paid
9398,235,25,Rep_5,13-04-2025,15-04-2025,15-05-2025,13-05-2025,3,10.0,1222.53,Paid
9399,985,20,Rep_4,14-03-2025,15-03-2025,14-04-2025,20-04-2025,3,15.0,5202.03,Paid
9400,122,20,Rep_14,31-05-2024,01-06-2024,01-07-2024,11-07-2024,5,20.0,8160.04,Paid
9401,305,81,Rep_2,15-10-2024,17-10-2024,16-11-2024,31-01-2025,4,5.0,4814.71,Late
9402,897,62,Rep_19,13-03-2024,13-03-2024,12-04-2024,14-04-2024,3,10.0,19149.16,Paid
9403,999,70,Rep_24,16-10-2024,18-10-2024,17-11-2024,,2,10.0,15406.69,Pending
9404,134,75,Rep_23,07-06-2024,07-06-2024,07-07-2024,09-07-2024,3,15.0,19279.2,Paid
9405,782,54,Rep_17,24-09-2024,24-09-2024,24-10-2024,25-10-2024,2,10.0,12002.69,Paid
9406,987,83,Rep_6,11-05-2025,13-05-2025,12-06-2025,14-06-2025,7,0.0,15662.22,Paid
9407,296,88,Rep_16,23-11-2025,24-11-2025,24-12-2025,12-02-2026,4,15.0,21230.28,Late
9408,57,71,,29-07-2024,31-07-2024,30-08-2024,06-09-2024,8,0.0,3738.96,Paid
9409,999,43,Rep_27,18-07-2024,18-07-2024,17-08-2024,22-08-2024,6,15.0,1061.21,Paid
9410,414,79,Rep_21,13-01-2025,14-01-2025,13-02-2025,18-02-2025,7,20.0,9060.02,Paid
9411,793,47,Rep_10,01-04-2025,02-04-2025,02-05-2025,01-05-2025,1,5.0,2557.04,Paid
9412,286,70,Rep_16,31-10-2024,31-10-2024,30-11-2024,09-12-2024,3,15.0,21826.14,Paid
9413,684,80,Rep_6,28-08-2024,28-08-2024,27-09-2024,,6,20.0,18010.8,Pending
9414,69,84,Rep_13,01-12-2024,02-12-2024,01-01-2025,08-02-2025,7,5.0,6229.92,Late
9415,326,14,Rep_17,22-03-2024,22-03-2024,21-04-2024,26-04-2024,5,15.0,12755.61,Paid
9416,25,52,Rep_28,21-05-2024,21-05-2024,20-06-2024,28-06-2024,8,5.0,55610.87,Paid
9417,413,73,Rep_3,08-12-2024,09-12-2024,08-01-2025,17-01-2025,2,15.0,6148.97,Paid
9418,886,21,Rep_28,05-07-2024,05-07-2024,04-08-2024,10-08-2024,3,15.0,11912.27,Paid
9419,734,5,Rep_26,12-04-2025,12-04-2025,12-05-2025,14-05-2025,3,0.0,3072.12,Paid
9420,648,79,Rep_10,22-01-2025,22-01-2025,21-02-2025,01-03-2025,9,10.0,13104.67,Paid
9421,172,12,Rep_4,09-02-2024,09-02-2024,10-03-2024,13-03-2024,4,20.0,32736.74,Paid
9422,787,73,Rep_23,11-02-2024,13-02-2024,14-03-2024,14-03-2024,3,5.0,10308.56,Paid
9423,420,40,Rep_24,29-09-2024,29-09-2024,29-10-2024,06-11-2024,2,5.0,10472.15,Paid
9424,873,17,Rep_10,20-08-2024,22-08-2024,21-09-2024,01-10-2024,2,15.0,13145.15,Paid
9425,495,10,Rep_13,17-08-2025,19-08-2025,18-09-2025,17-09-2025,10,15.0,43259.73,Paid
9426,327,87,Rep_17,10-02-2024,10-02-2024,11-03-2024,,4,20.0,5280.1,Pending
9427,90,34,Rep_25,23-04-2024,23-04-2024,23-05-2024,,8,0.0,31891.84,Pending
9428,449,75,Rep_20,21-07-2025,21-07-2025,20-08-2025,21-08-2025,3,5.0,21547.34,Paid
9429,858,61,Rep_11,30-06-2025,02-07-2025,01-08-2025,,3,20.0,1789.61,Pending
9430,208,47,Rep_29,19-08-2025,20-08-2025,19-09-2025,20-09-2025,2,5.0,5114.08,Paid
9431,878,24,Rep_10,29-09-2025,30-09-2025,30-10-2025,02-11-2025,7,20.0,20284.49,Paid
9432,75,82,Rep_24,15-10-2024,17-10-2024,16-11-2024,23-11-2024,8,10.0,28541.81,Paid
9433,256,59,Rep_8,10-02-2025,10-02-2025,12-03-2025,19-03-2025,5,5.0,14083.51,Paid
9434,507,69,Rep_5,16-01-2024,17-01-2024,16-02-2024,14-02-2024,8,5.0,63735.88,Paid
9435,514,98,Rep_26,27-01-2025,29-01-2025,28-02-2025,27-02-2025,3,0.0,3558.0,Paid
9436,379,54,Rep_14,06-09-2024,07-09-2024,07-10-2024,17-10-2024,2,5.0,12669.5,Paid
9437,600,4,Rep_23,23-08-2025,23-08-2025,22-09-2025,23-09-2025,10,15.0,24956.34,Paid
9438,679,20,Rep_20,15-07-2025,16-07-2025,15-08-2025,16-09-2025,8,15.0,13872.07,Late
9439,418,23,Rep_20,20-04-2024,21-04-2024,21-05-2024,25-05-2024,2,10.0,5256.49,Paid
9440,524,53,Rep_29,05-12-2025,06-12-2025,05-01-2026,09-01-2026,9,5.0,37769.45,Paid
9441,88,77,Rep_1,16-12-2025,18-12-2025,17-01-2026,18-01-2026,9,5.0,7922.09,Paid
9442,980,93,Rep_2,15-07-2024,16-07-2024,15-08-2024,,3,20.0,4347.53,Pending
9443,912,15,Rep_4,21-11-2024,22-11-2024,22-12-2024,26-12-2024,8,10.0,44470.22,Paid
9444,540,54,Rep_10,09-02-2024,09-02-2024,10-03-2024,09-03-2024,5,10.0,30006.72,Paid
9445,991,68,Rep_6,27-12-2025,28-12-2025,27-01-2026,05-02-2026,7,10.0,60375.04,Paid
9446,253,68,Rep_12,12-11-2025,12-11-2025,12-12-2025,,2,5.0,18208.35,Pending
9447,427,38,Rep_1,10-10-2024,12-10-2024,11-11-2024,19-11-2024,8,5.0,29315.94,Paid
9448,19,86,Rep_11,11-06-2025,11-06-2025,11-07-2025,17-07-2025,10,10.0,43944.21,Paid
9449,95,42,Rep_18,05-07-2025,07-07-2025,06-08-2025,07-08-2025,3,5.0,29830.84,Paid
9450,452,27,Rep_15,03-07-2025,04-07-2025,03-08-2025,02-08-2025,7,0.0,10592.96,Paid
9451,694,93,Rep_16,18-12-2024,18-12-2024,17-01-2025,23-01-2025,6,10.0,9781.94,Paid
9452,367,52,Rep_23,06-03-2024,08-03-2024,07-04-2024,,6,15.0,37317.82,BadDebt
9453,817,62,Rep_29,15-06-2025,17-06-2025,17-07-2025,15-07-2025,3,15.0,18085.31,Paid
9454,415,41,Rep_28,11-10-2024,11-10-2024,10-11-2024,13-11-2024,4,20.0,11389.02,Paid
9455,219,20,Rep_18,19-01-2025,20-01-2025,19-02-2025,25-02-2025,9,5.0,17442.09,Paid
9456,838,45,Rep_20,14-01-2024,16-01-2024,15-02-2024,18-02-2024,1,0.0,4032.75,Paid
9457,55,63,Rep_24,02-04-2025,03-04-2025,03-05-2025,09-05-2025,3,20.0,4008.79,Paid
9458,248,48,Rep_17,11-07-2025,12-07-2025,11-08-2025,11-08-2025,9,0.0,45485.64,Paid
9459,109,43,Rep_28,02-02-2024,02-02-2024,03-03-2024,13-03-2024,2,5.0,395.35,Paid
9460,245,64,Rep_26,14-09-2025,14-09-2025,14-10-2025,14-10-2025,8,5.0,31112.12,Paid
9461,608,29,Rep_9,16-12-2024,18-12-2024,17-01-2025,27-01-2025,10,10.0,47452.14,Paid
9462,158,44,Rep_17,02-09-2025,04-09-2025,04-10-2025,06-10-2025,2,20.0,7849.12,Paid
9463,785,70,Rep_20,15-11-2025,16-11-2025,16-12-2025,18-01-2026,3,15.0,21826.14,Late
9464,53,53,Rep_2,21-12-2025,23-12-2025,22-01-2026,27-01-2026,9,5.0,37769.45,Paid
9465,203,78,Rep_7,29-01-2025,31-01-2025,02-03-2025,11-03-2025,7,15.0,39860.54,Paid
9466,587,18,Rep_12,10-06-2024,10-06-2024,10-07-2024,08-07-2024,8,10.0,15754.03,Paid
9467,488,8,Rep_20,17-05-2024,18-05-2024,17-06-2024,20-07-2024,8,20.0,52723.97,Late
9468,472,71,Rep_10,28-03-2024,28-03-2024,27-04-2024,,2,15.0,794.53,Pending
9469,598,5,Rep_8,07-05-2024,09-05-2024,08-06-2024,15-06-2024,3,15.0,2611.3,Paid
9470,577,9,Rep_4,05-01-2025,06-01-2025,05-02-2025,06-02-2025,5,5.0,986.19,Paid
9471,122,27,Rep_24,18-11-2024,20-11-2024,20-12-2024,27-12-2024,6,20.0,7263.74,Paid
9472,393,71,Rep_30,09-04-2024,10-04-2024,10-05-2024,10-05-2024,7,20.0,2617.27,Paid
9473,221,57,Rep_25,05-04-2024,06-04-2024,06-05-2024,05-05-2024,5,0.0,3650.0,Paid
9474,508,16,Rep_16,23-04-2024,23-04-2024,23-05-2024,22-05-2024,8,5.0,10101.24,Paid
9475,318,98,Rep_24,21-10-2024,23-10-2024,22-11-2024,,8,15.0,8064.8,Pending
9476,58,70,Rep_12,13-01-2025,15-01-2025,14-02-2025,12-02-2025,5,20.0,34237.08,Paid
9477,664,80,Rep_14,05-11-2024,05-11-2024,05-12-2024,10-12-2024,6,20.0,18010.8,Paid
9478,548,54,Rep_14,03-10-2024,04-10-2024,03-11-2024,,3,15.0,17003.81,Pending
9479,985,33,Rep_25,01-05-2025,02-05-2025,01-06-2025,08-06-2025,5,15.0,6275.85,Paid
9480,409,30,Rep_7,10-12-2024,12-12-2024,11-01-2025,,2,10.0,3576.01,Pending
9481,441,31,Rep_14,06-05-2025,07-05-2025,06-06-2025,07-06-2025,10,5.0,44174.9,Paid
9482,436,68,Rep_28,21-12-2024,21-12-2024,20-01-2025,24-01-2025,8,5.0,72833.38,Paid
9483,603,84,Rep_6,19-09-2024,21-09-2024,21-10-2024,27-10-2024,4,15.0,3185.22,Paid
9484,336,23,Rep_5,29-06-2025,30-06-2025,30-07-2025,11-10-2025,1,5.0,2774.26,Late
9485,292,41,Rep_13,25-03-2025,26-03-2025,25-04-2025,04-05-2025,4,5.0,13524.47,Paid
9486,491,25,Rep_28,18-06-2025,19-06-2025,19-07-2025,24-07-2025,4,15.0,1539.49,Paid
9487,722,70,Rep_20,22-12-2025,23-12-2025,22-01-2026,29-01-2026,8,0.0,68474.16,Paid
9488,238,99,Rep_28,08-07-2024,10-07-2024,09-08-2024,14-08-2024,3,5.0,5052.57,Paid
9489,229,21,Rep_14,07-08-2024,07-08-2024,06-09-2024,30-11-2024,1,15.0,3970.76,Late
9490,569,72,Rep_23,14-03-2024,16-03-2024,15-04-2024,20-04-2024,8,10.0,38900.95,Paid
9491,104,96,Rep_18,30-09-2025,30-09-2025,30-10-2025,06-11-2025,3,0.0,23931.66,Paid
9492,964,8,Rep_18,03-09-2025,03-09-2025,03-10-2025,06-10-2025,1,0.0,8238.12,Paid
9493,906,83,Rep_15,22-02-2024,24-02-2024,25-03-2024,29-03-2024,2,15.0,3803.68,Paid
9494,55,6,Rep_8,30-06-2024,01-07-2024,31-07-2024,04-08-2024,10,10.0,88033.32,Paid
9495,348,8,Rep_4,02-02-2025,04-02-2025,06-03-2025,04-03-2025,1,0.0,8238.12,Paid
9496,8,61,Rep_8,02-07-2024,04-07-2024,03-08-2024,,9,15.0,5704.38,Pending
9497,604,66,Rep_16,17-08-2024,18-08-2024,17-09-2024,19-09-2024,2,15.0,18810.42,Paid
9498,400,47,Rep_30,05-02-2025,06-02-2025,08-03-2025,,9,10.0,21802.12,Pending
9499,991,37,Rep_2,01-01-2025,01-01-2025,31-01-2025,30-01-2025,5,20.0,27086.04,Paid
9500,805,3,Rep_29,05-10-2025,06-10-2025,05-11-2025,,10,0.0,82857.8,Pending
9501,298,34,Rep_18,17-04-2024,19-04-2024,19-05-2024,24-05-2024,7,20.0,22324.29,Paid
9502,722,61,Rep_22,11-10-2025,11-10-2025,10-11-2025,14-11-2025,6,20.0,3579.22,Paid
9503,601,24,Rep_7,03-08-2024,05-08-2024,04-09-2024,29-11-2024,4,15.0,12315.58,Late
9504,489,51,Rep_13,22-08-2025,23-08-2025,22-09-2025,27-09-2025,3,20.0,23327.88,Paid
9505,691,82,Rep_19,27-07-2025,29-07-2025,28-08-2025,,5,5.0,18829.66,Pending
9506,238,76,Rep_17,07-05-2024,08-05-2024,07-06-2024,,4,20.0,32125.89,Pending
9507,453,3,Rep_9,22-11-2024,22-11-2024,22-12-2024,28-12-2024,4,15.0,28171.65,Paid
9508,994,83,Rep_11,02-02-2025,03-02-2025,05-03-2025,,10,0.0,22374.6,BadDebt
9509,337,40,Rep_27,25-05-2024,26-05-2024,25-06-2024,28-06-2024,6,20.0,26455.97,Paid
9510,969,44,Rep_29,22-11-2025,22-11-2025,22-12-2025,30-12-2025,9,15.0,37528.6,Paid
9511,570,19,Rep_18,20-09-2024,20-09-2024,20-10-2024,22-10-2024,2,10.0,16880.06,Paid
9512,196,50,Rep_26,15-02-2025,15-02-2025,17-03-2025,20-03-2025,4,15.0,5529.35,Paid
9513,105,42,Rep_25,06-08-2025,07-08-2025,06-09-2025,11-09-2025,2,15.0,17793.83,Paid
9514,297,63,Rep_30,03-10-2024,03-10-2024,02-11-2024,05-11-2024,8,20.0,10690.11,Paid
9515,749,34,Rep_6,06-06-2024,08-06-2024,08-07-2024,05-10-2024,3,10.0,10763.5,Late
9516,393,12,Rep_17,05-09-2025,07-09-2025,07-10-2025,07-10-2025,4,20.0,32736.74,Paid
9517,943,91,Rep_26,12-09-2024,12-09-2024,12-10-2024,14-10-2024,3,10.0,23681.92,Paid
9518,773,27,Rep_20,06-10-2025,08-10-2025,07-11-2025,11-11-2025,9,5.0,12938.54,Paid
9519,209,84,Rep_12,28-12-2024,30-12-2024,29-01-2025,08-02-2025,6,15.0,4777.83,Paid
9520,553,45,Rep_21,03-09-2024,05-09-2024,05-10-2024,14-10-2024,10,5.0,38311.12,Paid
9521,310,95,Rep_30,22-06-2024,24-06-2024,24-07-2024,03-08-2024,8,20.0,6373.38,Paid
9522,72,31,Rep_20,21-03-2024,22-03-2024,21-04-2024,21-04-2024,1,10.0,4184.99,Paid
9523,876,29,Rep_29,14-09-2025,15-09-2025,15-10-2025,,7,20.0,29525.78,Pending
9524,529,33,Rep_6,17-09-2025,17-09-2025,17-10-2025,15-10-2025,7,0.0,10336.69,Paid
9525,950,49,Rep_14,17-08-2025,19-08-2025,18-09-2025,28-09-2025,2,10.0,13650.52,Paid
9526,190,68,Rep_13,26-06-2024,28-06-2024,28-07-2024,,6,0.0,57500.04,Pending
9527,919,43,Rep_1,17-08-2024,19-08-2024,18-09-2024,25-09-2024,4,20.0,665.86,Paid
9528,313,58,Rep_14,26-12-2025,28-12-2025,27-01-2026,30-01-2026,2,10.0,4841.53,Paid
9529,561,67,Rep_7,18-11-2024,18-11-2024,18-12-2024,19-12-2024,1,5.0,3349.04,Paid
9530,886,1,Rep_3,07-11-2024,08-11-2024,08-12-2024,17-12-2024,8,20.0,34699.01,Paid
9531,718,68,Rep_21,15-10-2024,17-10-2024,16-11-2024,17-11-2024,10,0.0,95833.4,Paid
9532,54,24,Rep_30,02-07-2024,03-07-2024,02-08-2024,31-07-2024,7,0.0,25355.61,Paid
9533,877,18,Rep_16,09-05-2024,09-05-2024,08-06-2024,11-06-2024,4,0.0,8752.24,Paid
9534,251,22,Rep_27,05-06-2025,07-06-2025,07-07-2025,06-07-2025,7,15.0,5011.98,Paid
9535,830,14,Rep_18,22-04-2024,24-04-2024,24-05-2024,05-07-2024,5,20.0,12005.28,Late
9536,695,28,Rep_14,12-06-2024,13-06-2024,13-07-2024,18-07-2024,5,10.0,18110.84,Paid
9537,380,69,Rep_18,19-08-2024,20-08-2024,19-09-2024,17-09-2024,4,5.0,31867.94,Paid
9538,873,77,Rep_10,09-03-2025,11-03-2025,10-04-2025,09-04-2025,4,0.0,3706.24,Paid
9539,118,7,Rep_15,10-11-2024,12-11-2024,12-12-2024,,7,20.0,3931.37,Pending
9540,406,9,Rep_19,28-09-2024,29-09-2024,29-10-2024,,9,20.0,1494.86,Pending
9541,937,80,Rep_15,19-08-2024,19-08-2024,18-09-2024,28-09-2024,2,0.0,7504.5,Paid
9542,783,73,Rep_25,12-09-2025,13-09-2025,13-10-2025,12-10-2025,9,10.0,29298.02,Paid
9543,668,70,Rep_3,31-10-2025,01-11-2025,01-12-2025,04-12-2025,9,15.0,65478.42,Paid
9544,339,37,Rep_28,03-12-2025,03-12-2025,02-01-2026,12-01-2026,6,15.0,34534.7,Paid
9545,344,72,Rep_30,19-12-2024,19-12-2024,18-01-2025,28-01-2025,2,5.0,10265.53,Paid
9546,482,55,Rep_7,21-04-2024,23-04-2024,23-05-2024,21-05-2024,2,10.0,10298.27,Paid
9547,926,13,Rep_7,22-06-2024,22-06-2024,22-07-2024,,2,10.0,12098.45,BadDebt
9548,860,83,Rep_26,11-05-2025,12-05-2025,11-06-2025,21-06-2025,5,15.0,9509.2,Paid
9549,990,31,Rep_2,14-06-2025,16-06-2025,16-07-2025,14-07-2025,1,0.0,4649.99,Paid
9550,917,30,Rep_26,18-03-2024,20-03-2024,19-04-2024,03-07-2024,8,15.0,13509.36,Late
9551,896,71,Rep_28,20-02-2024,21-02-2024,22-03-2024,30-04-2024,5,0.0,2336.85,Late
9552,45,97,Rep_25,13-05-2025,13-05-2025,12-06-2025,21-06-2025,10,20.0,61130.88,Paid
9553,501,45,Rep_15,11-02-2025,13-02-2025,15-03-2025,29-04-2025,5,20.0,16131.0,Late
9554,540,77,Rep_7,24-07-2024,25-07-2024,24-08-2024,,5,5.0,4401.16,Pending
9555,967,35,Rep_1,04-06-2025,06-06-2025,06-07-2025,,1,0.0,5993.45,BadDebt
9556,211,72,Rep_7,30-04-2025,02-05-2025,01-06-2025,09-06-2025,2,10.0,9725.24,Paid
9557,887,90,Rep_9,08-05-2024,08-05-2024,07-06-2024,16-06-2024,4,5.0,21481.74,Paid
9558,242,100,Rep_30,22-09-2024,24-09-2024,24-10-2024,,6,10.0,18082.49,Pending
9559,58,87,Rep_27,12-05-2025,14-05-2025,13-06-2025,23-08-2025,4,0.0,6600.12,Late
9560,4,7,Rep_25,18-11-2025,19-11-2025,19-12-2025,24-12-2025,7,10.0,4422.79,Paid
9561,314,94,Rep_12,06-02-2025,06-02-2025,08-03-2025,06-03-2025,4,15.0,9441.12,Paid
9562,529,6,Rep_28,18-10-2025,18-10-2025,17-11-2025,24-11-2025,2,5.0,18584.81,Paid
9563,73,30,Rep_14,25-06-2024,27-06-2024,27-07-2024,05-08-2024,1,0.0,1986.67,Paid
9564,633,100,Rep_26,03-06-2024,04-06-2024,04-07-2024,12-07-2024,4,0.0,13394.44,Paid
9565,964,42,Rep_17,28-12-2024,28-12-2024,27-01-2025,06-02-2025,7,0.0,73268.72,Paid
9566,723,96,Rep_23,04-01-2025,04-01-2025,03-02-2025,02-02-2025,8,15.0,54245.1,Paid
9567,635,96,Rep_24,15-02-2024,16-02-2024,17-03-2024,27-03-2024,8,20.0,51054.21,Paid
9568,661,66,Rep_24,06-01-2025,06-01-2025,05-02-2025,15-02-2025,10,10.0,99584.55,Paid
9569,588,55,Rep_9,08-11-2024,09-11-2024,09-12-2024,09-12-2024,5,5.0,27175.98,Paid
9570,577,78,Rep_18,28-05-2024,29-05-2024,28-06-2024,05-07-2024,6,20.0,32156.4,Paid
9571,816,20,Rep_26,03-04-2024,04-04-2024,04-05-2024,12-06-2024,3,5.0,5814.03,Late
9572,470,76,Rep_11,05-11-2025,06-11-2025,06-12-2025,10-12-2025,4,15.0,34133.76,Paid
9573,277,97,Rep_3,26-01-2025,27-01-2025,26-02-2025,08-03-2025,7,15.0,45466.09,Paid
9574,417,11,Rep_7,13-04-2025,13-04-2025,13-05-2025,20-05-2025,7,10.0,12711.07,Paid
9575,782,66,Rep_7,14-04-2025,15-04-2025,15-05-2025,24-07-2025,2,5.0,21023.4,Late
9576,696,89,Rep_12,24-08-2024,24-08-2024,23-09-2024,,2,5.0,3577.95,Pending
9577,46,5,Rep_28,29-04-2024,30-04-2024,30-05-2024,06-06-2024,3,5.0,2918.51,Paid
9578,424,84,Rep_26,04-10-2024,04-10-2024,03-11-2024,13-11-2024,5,5.0,4449.94,Paid
9579,564,71,,02-02-2024,03-02-2024,04-03-2024,14-03-2024,1,15.0,397.26,Paid
9580,679,81,Rep_28,27-01-2025,29-01-2025,28-02-2025,06-03-2025,5,5.0,6018.39,Paid
9581,371,78,Rep_16,10-05-2025,12-05-2025,11-06-2025,21-06-2025,3,5.0,19092.86,Paid
9582,95,35,Rep_2,23-03-2025,23-03-2025,22-04-2025,27-04-2025,8,5.0,45550.22,Paid
9583,606,39,Rep_14,13-07-2025,13-07-2025,12-08-2025,15-08-2025,4,20.0,23302.11,Paid
9584,89,23,Rep_23,21-07-2025,21-07-2025,20-08-2025,,5,0.0,14601.35,Pending
9585,582,90,Rep_19,28-11-2025,29-11-2025,29-12-2025,06-01-2026,6,20.0,27134.83,Paid
9586,76,19,Rep_22,24-09-2025,25-09-2025,25-10-2025,29-10-2025,1,5.0,8908.92,Paid
9587,873,4,Rep_10,06-01-2025,08-01-2025,07-02-2025,10-02-2025,3,10.0,7927.31,Paid
9588,188,20,Rep_20,16-08-2025,16-08-2025,15-09-2025,25-09-2025,5,15.0,8670.04,Paid
9589,861,58,Rep_15,23-06-2025,24-06-2025,24-07-2025,,6,20.0,12910.75,Pending
9590,704,53,Rep_2,02-07-2024,02-07-2024,01-08-2024,31-07-2024,1,0.0,4417.48,Paid
9591,708,40,Rep_3,03-11-2024,05-11-2024,05-12-2024,15-12-2024,2,0.0,11023.32,Paid
9592,616,97,Rep_22,10-01-2024,10-01-2024,09-02-2024,,4,15.0,25980.62,Pending
9593,522,86,Rep_6,25-01-2025,27-01-2025,26-02-2025,,2,15.0,8300.57,Pending
9594,793,70,Rep_10,12-06-2025,12-06-2025,12-07-2025,20-07-2025,10,20.0,68474.16,Paid
9595,177,22,Rep_11,25-01-2024,26-01-2024,25-02-2024,26-02-2024,2,20.0,1347.76,Paid
9596,407,24,Rep_23,11-06-2025,11-06-2025,11-07-2025,15-07-2025,8,10.0,26080.06,Paid
9597,242,95,Rep_24,06-04-2025,06-04-2025,06-05-2025,31-07-2025,6,10.0,5377.54,Late
9598,68,68,Rep_22,05-09-2025,05-09-2025,05-10-2025,14-10-2025,10,0.0,95833.4,Paid
9599,765,96,Rep_7,12-10-2025,14-10-2025,13-11-2025,07-01-2026,2,10.0,14359.0,Late
9600,78,96,Rep_16,30-08-2024,31-08-2024,30-09-2024,07-10-2024,3,0.0,23931.66,Paid
9601,711,67,Rep_16,01-10-2025,03-10-2025,02-11-2025,,9,10.0,28554.93,Pending
9602,941,72,Rep_20,26-10-2024,28-10-2024,27-11-2024,07-12-2024,7,5.0,35929.35,Paid
9603,913,24,Rep_16,16-05-2024,17-05-2024,16-06-2024,20-06-2024,2,20.0,5795.57,Paid
9604,915,16,Rep_14,03-03-2024,05-03-2024,04-04-2024,06-04-2024,4,10.0,4784.8,Paid
9605,97,20,Rep_22,29-04-2024,01-05-2024,31-05-2024,03-06-2024,2,20.0,3264.02,Paid
9606,785,19,Rep_18,19-02-2024,19-02-2024,20-03-2024,18-03-2024,10,20.0,75022.48,Paid
9607,614,57,Rep_22,11-06-2024,13-06-2024,13-07-2024,21-09-2024,10,10.0,6570.0,Late
9608,754,3,Rep_16,11-04-2024,11-04-2024,11-05-2024,14-05-2024,4,0.0,33143.12,Paid
9609,511,91,Rep_10,13-07-2024,15-07-2024,14-08-2024,18-08-2024,5,15.0,37277.09,Paid
9610,728,19,Rep_2,07-09-2024,08-09-2024,08-10-2024,15-10-2024,2,5.0,17817.84,Paid
9611,792,28,Rep_30,15-08-2025,15-08-2025,14-09-2025,20-11-2025,2,10.0,7244.33,Late
9612,90,6,Rep_21,16-02-2025,16-02-2025,18-03-2025,25-03-2025,7,5.0,65046.84,Paid
9613,775,70,Rep_19,04-02-2024,05-02-2024,06-03-2024,16-03-2024,10,0.0,85592.7,Paid
9614,851,26,Rep_28,13-10-2025,15-10-2025,14-11-2025,17-11-2025,2,15.0,14649.14,Paid
9615,414,74,Rep_4,26-04-2024,26-04-2024,26-05-2024,30-05-2024,6,20.0,42037.1,Paid
9616,228,46,Rep_30,30-09-2025,30-09-2025,30-10-2025,29-10-2025,4,15.0,2835.36,Paid
9617,598,38,Rep_18,13-12-2025,15-12-2025,14-01-2026,24-01-2026,10,5.0,36644.92,Paid
9618,10,14,Rep_19,21-02-2025,23-02-2025,25-03-2025,02-04-2025,4,5.0,11405.02,Paid
9619,471,24,Rep_27,23-03-2025,24-03-2025,23-04-2025,,8,0.0,28977.84,Pending
9620,157,49,Rep_10,19-03-2025,21-03-2025,20-04-2025,26-04-2025,2,15.0,12892.15,Paid
9621,384,66,Rep_4,23-01-2024,23-01-2024,22-02-2024,22-02-2024,5,0.0,55324.75,Paid
9622,933,76,Rep_19,26-11-2025,26-11-2025,26-12-2025,31-12-2025,1,5.0,9537.37,Paid
9623,889,77,Rep_14,28-04-2024,29-04-2024,29-05-2024,02-06-2024,6,5.0,5281.39,Paid
9624,714,21,Rep_18,26-09-2024,26-09-2024,26-10-2024,28-10-2024,4,10.0,16817.33,Paid
9625,724,3,Rep_27,09-02-2024,10-02-2024,11-03-2024,31-05-2024,6,20.0,39771.74,Late
9626,787,30,Rep_26,15-12-2024,17-12-2024,16-01-2025,31-03-2025,2,10.0,3576.01,Late
9627,147,38,Rep_13,29-07-2024,30-07-2024,29-08-2024,22-11-2024,8,10.0,27772.99,Late
9628,171,63,Rep_10,22-05-2025,22-05-2025,21-06-2025,20-06-2025,1,5.0,1586.81,Paid
9629,130,12,Rep_28,26-02-2024,27-02-2024,28-03-2024,06-04-2024,1,0.0,10230.23,Paid
9630,279,38,Rep_30,01-05-2024,01-05-2024,31-05-2024,18-08-2024,6,0.0,23144.16,Late
9631,732,99,Rep_26,13-06-2025,15-06-2025,15-07-2025,23-07-2025,8,10.0,12764.38,Paid
9632,558,29,Rep_24,11-11-2025,11-11-2025,11-12-2025,18-12-2025,6,5.0,30053.02,Paid
9633,751,91,Rep_6,17-07-2024,19-07-2024,18-08-2024,18-08-2024,1,20.0,7016.86,Paid
9634,64,95,Rep_15,29-01-2024,30-01-2024,29-02-2024,10-03-2024,2,5.0,1892.1,Paid
9635,767,92,Rep_27,25-11-2024,26-11-2024,26-12-2024,31-12-2024,1,5.0,4124.1,Paid
9636,351,59,Rep_24,16-09-2024,18-09-2024,18-10-2024,25-10-2024,10,0.0,29649.5,Paid
9637,689,55,Rep_11,24-07-2025,24-07-2025,23-08-2025,28-08-2025,9,10.0,46342.21,Paid
9638,761,5,Rep_4,05-02-2025,07-02-2025,09-03-2025,10-03-2025,5,0.0,5120.2,Paid
9639,580,59,Rep_4,08-11-2025,09-11-2025,09-12-2025,11-01-2026,3,0.0,8894.85,Late
9640,582,61,Rep_4,31-10-2024,02-11-2024,02-12-2024,10-12-2024,7,15.0,4436.74,Paid
9641,831,52,Rep_1,13-03-2024,14-03-2024,13-04-2024,11-04-2024,10,5.0,69513.59,Paid
9642,238,39,Rep_2,22-12-2024,22-12-2024,21-01-2025,20-01-2025,10,10.0,65537.19,Paid
9643,177,56,Rep_18,02-08-2024,03-08-2024,02-09-2024,14-10-2024,8,10.0,18104.9,Late
9644,591,54,Rep_22,04-09-2024,05-09-2024,05-10-2024,12-10-2024,10,20.0,53345.28,Paid
9645,338,62,Rep_11,03-01-2024,05-01-2024,04-02-2024,12-02-2024,8,10.0,51064.42,Paid
9646,538,52,Rep_21,22-07-2025,22-07-2025,21-08-2025,23-08-2025,4,5.0,27805.44,Paid
9647,93,9,Rep_17,14-11-2024,14-11-2024,14-12-2024,20-12-2024,4,5.0,788.96,Paid
9648,692,84,,14-10-2024,15-10-2024,14-11-2024,18-11-2024,9,15.0,7166.75,Paid
9649,688,42,Rep_29,19-11-2024,19-11-2024,19-12-2024,29-12-2024,9,0.0,94202.64,Paid
9650,433,91,Rep_26,05-01-2025,05-01-2025,04-02-2025,09-02-2025,1,20.0,7016.86,Paid
9651,924,70,Rep_24,20-02-2025,22-02-2025,24-03-2025,12-05-2025,10,15.0,72753.8,Late
9652,679,66,Rep_11,20-09-2025,22-09-2025,22-10-2025,22-10-2025,2,10.0,19916.91,Paid
9653,978,94,Rep_28,14-09-2024,14-09-2024,14-10-2024,21-10-2024,3,15.0,7080.84,Paid
9654,669,5,Rep_6,11-05-2024,13-05-2024,12-06-2024,22-06-2024,9,10.0,8294.72,Paid
9655,422,16,Rep_23,27-05-2024,29-05-2024,28-06-2024,18-08-2024,5,0.0,6645.55,Late
9656,942,73,Rep_6,17-06-2025,19-06-2025,19-07-2025,23-09-2025,4,10.0,13021.34,Late
9657,71,6,Rep_7,25-12-2024,25-12-2024,24-01-2025,25-01-2025,6,20.0,46951.1,Paid
9658,936,30,Rep_16,27-03-2025,28-03-2025,27-04-2025,27-04-2025,8,0.0,15893.36,Paid
9659,30,80,Rep_25,04-02-2025,04-02-2025,06-03-2025,16-03-2025,1,0.0,3752.25,Paid
9660,529,61,Rep_28,23-02-2024,24-02-2024,25-03-2024,01-04-2024,4,5.0,2833.55,Paid
9661,288,20,Rep_13,13-03-2025,15-03-2025,14-04-2025,28-06-2025,4,15.0,6936.03,Late
9662,529,36,Rep_23,16-04-2025,17-04-2025,17-05-2025,17-06-2025,7,20.0,5005.22,Late
9663,174,14,Rep_15,14-07-2025,14-07-2025,13-08-2025,02-11-2025,4,20.0,9604.22,Late
9664,28,54,Rep_1,17-07-2024,19-07-2024,18-08-2024,,2,10.0,12002.69,BadDebt
9665,847,36,Rep_16,25-08-2025,27-08-2025,26-09-2025,09-11-2025,8,15.0,6077.77,Late
9666,30,81,Rep_20,27-06-2024,27-06-2024,27-07-2024,27-08-2024,1,10.0,1140.33,Late
9667,978,94,Rep_2,23-06-2024,24-06-2024,24-07-2024,20-09-2024,7,10.0,17493.84,Late
9668,921,19,Rep_29,11-07-2025,12-07-2025,11-08-2025,17-08-2025,9,10.0,75960.26,Paid
9669,73,59,Rep_6,02-02-2025,03-02-2025,05-03-2025,07-03-2025,8,5.0,22533.62,Paid
9670,774,38,Rep_18,13-10-2025,13-10-2025,12-11-2025,15-01-2026,1,10.0,3471.62,Late
9671,979,30,Rep_2,26-12-2025,28-12-2025,27-01-2026,26-01-2026,2,5.0,3774.67,Paid
9672,297,8,Rep_6,17-11-2025,19-11-2025,19-12-2025,08-02-2026,7,15.0,49016.81,Late
9673,260,33,Rep_13,05-02-2025,07-02-2025,09-03-2025,,8,20.0,9450.69,Pending
9674,325,62,Rep_25,08-10-2025,09-10-2025,08-11-2025,12-11-2025,7,5.0,47163.66,Paid
9675,287,98,Rep_17,26-11-2024,26-11-2024,26-12-2024,05-01-2025,2,20.0,1897.6,Paid
9676,183,34,Rep_2,07-09-2024,09-09-2024,09-10-2024,10-10-2024,2,0.0,7972.96,Paid
9677,354,60,Rep_23,26-06-2025,26-06-2025,26-07-2025,19-10-2025,5,0.0,23197.2,Late
9678,54,85,Rep_2,24-09-2024,26-09-2024,26-10-2024,,8,5.0,17915.94,BadDebt
9679,605,82,Rep_3,19-03-2025,21-03-2025,20-04-2025,18-04-2025,2,0.0,7928.28,Paid
9680,933,59,Rep_2,17-09-2024,17-09-2024,17-10-2024,,5,20.0,11859.8,Pending
9681,807,48,Rep_19,05-11-2025,07-11-2025,07-12-2025,07-12-2025,1,5.0,4801.26,Paid
9682,380,13,Rep_22,17-07-2024,19-07-2024,18-08-2024,25-08-2024,9,20.0,48393.79,Paid
9683,317,97,Rep_8,07-05-2025,09-05-2025,08-06-2025,16-06-2025,1,15.0,6495.16,Paid
9684,683,24,Rep_24,28-03-2024,29-03-2024,28-04-2024,26-04-2024,2,5.0,6882.24,Paid
9685,347,79,Rep_6,05-06-2025,06-06-2025,06-07-2025,10-07-2025,3,0.0,4853.58,Paid
9686,444,69,Rep_18,03-05-2024,03-05-2024,02-06-2024,,7,20.0,46963.28,Pending
9687,790,32,Rep_26,24-11-2025,26-11-2025,26-12-2025,27-12-2025,6,15.0,14193.45,Paid
9688,924,3,Rep_9,08-05-2024,10-05-2024,09-06-2024,,5,15.0,35214.56,Pending
9689,139,86,Rep_19,08-08-2025,08-08-2025,07-09-2025,20-10-2025,9,20.0,35155.37,Late
9690,222,58,Rep_6,16-05-2024,18-05-2024,17-06-2024,,9,0.0,24207.66,BadDebt
9691,927,84,Rep_20,13-04-2024,13-04-2024,13-05-2024,22-05-2024,2,10.0,1686.29,Paid
9692,910,3,Rep_25,26-02-2025,28-02-2025,30-03-2025,,5,20.0,33143.12,Pending
9693,84,33,Rep_3,02-06-2025,03-06-2025,03-07-2025,05-07-2025,7,5.0,9819.86,Paid
9694,161,45,Rep_21,05-11-2024,06-11-2024,06-12-2024,07-12-2024,4,0.0,16131.0,Paid
9695,68,18,Rep_13,16-12-2024,17-12-2024,16-01-2025,26-01-2025,7,15.0,13018.96,Paid
9696,621,46,Rep_8,04-02-2025,04-02-2025,06-03-2025,06-03-2025,7,15.0,4961.88,Paid
9697,582,22,Rep_26,09-01-2024,09-01-2024,08-02-2024,06-02-2024,1,20.0,673.88,Paid
9698,630,27,Rep_24,26-08-2025,27-08-2025,26-09-2025,24-12-2025,6,15.0,7717.73,Late
9699,565,68,Rep_23,06-04-2024,08-04-2024,08-05-2024,15-06-2024,9,10.0,77625.05,Late
9700,600,65,Rep_22,19-12-2025,21-12-2025,20-01-2026,18-01-2026,2,0.0,6355.14,Paid
9701,119,96,Rep_8,22-03-2024,23-03-2024,22-04-2024,28-04-2024,9,15.0,61025.73,Paid
9702,233,99,Rep_29,05-07-2024,05-07-2024,04-08-2024,26-09-2024,4,10.0,6382.19,Late
9703,769,86,Rep_25,15-10-2024,15-10-2024,14-11-2024,19-11-2024,9,15.0,37352.58,Paid
9704,506,36,Rep_14,16-03-2024,17-03-2024,16-04-2024,22-04-2024,2,0.0,1787.58,Paid
9705,281,12,Rep_26,27-09-2025,29-09-2025,29-10-2025,20-12-2025,6,5.0,58312.31,Late
9706,691,84,Rep_3,15-05-2025,16-05-2025,15-06-2025,,1,0.0,936.83,Pending
9707,573,69,Rep_8,23-01-2024,25-01-2024,24-02-2024,25-02-2024,10,10.0,75476.7,Paid
9708,757,62,Rep_25,22-03-2024,22-03-2024,21-04-2024,10-06-2024,4,20.0,22695.3,Late
9709,664,53,Rep_12,25-05-2025,26-05-2025,25-06-2025,02-07-2025,5,15.0,18774.29,Paid
9710,440,93,,11-06-2024,11-06-2024,11-07-2024,,4,5.0,6883.59,Pending
9711,12,40,Rep_28,28-04-2024,29-04-2024,29-05-2024,04-06-2024,4,0.0,22046.64,Paid
9712,804,53,Rep_27,30-10-2024,31-10-2024,30-11-2024,30-11-2024,2,5.0,8393.21,Paid
9713,744,11,Rep_4,02-01-2024,04-01-2024,03-02-2024,01-02-2024,7,20.0,11298.73,Paid
9714,654,35,Rep_25,28-11-2025,30-11-2025,30-12-2025,06-01-2026,3,0.0,17980.35,Paid
9715,64,86,Rep_4,30-01-2024,01-02-2024,02-03-2024,12-03-2024,3,10.0,13183.26,Paid
9716,603,93,Rep_23,20-02-2024,22-02-2024,23-03-2024,01-04-2024,3,15.0,4619.25,Paid
9717,945,14,Rep_1,03-06-2025,04-06-2025,04-07-2025,04-07-2025,6,0.0,18007.92,Paid
9718,414,44,Rep_14,08-06-2025,09-06-2025,09-07-2025,18-07-2025,1,5.0,4660.42,Paid
9719,105,14,Rep_2,04-02-2024,04-02-2024,05-03-2024,13-03-2024,5,0.0,15006.6,Paid
9720,882,7,Rep_16,29-10-2024,31-10-2024,30-11-2024,07-01-2025,3,15.0,1790.18,Late
9721,725,35,Rep_25,07-11-2024,09-11-2024,09-12-2024,,8,15.0,40755.46,BadDebt
9722,797,73,Rep_17,11-10-2024,12-10-2024,11-11-2024,17-11-2024,8,20.0,23149.06,Paid
9723,730,95,Rep_5,01-08-2024,02-08-2024,01-09-2024,08-10-2024,6,15.0,5078.78,Late
9724,180,55,Rep_2,23-07-2025,24-07-2025,23-08-2025,22-08-2025,7,15.0,34041.5,Paid
9725,575,46,Rep_8,19-03-2024,21-03-2024,20-04-2024,28-04-2024,2,20.0,1334.29,Paid
9726,606,56,Rep_9,19-08-2025,19-08-2025,18-09-2025,28-09-2025,2,15.0,4274.77,Paid
9727,905,62,,12-01-2025,12-01-2025,11-02-2025,09-02-2025,4,10.0,25532.21,Paid
9728,931,36,Rep_10,30-05-2025,31-05-2025,30-06-2025,04-07-2025,4,10.0,3217.64,Paid
9729,429,19,Rep_6,27-08-2024,27-08-2024,26-09-2024,22-12-2024,2,15.0,15942.28,Late
9730,790,13,Rep_8,20-08-2025,21-08-2025,20-09-2025,21-09-2025,3,20.0,16131.26,Paid
9731,744,33,Rep_29,26-05-2024,26-05-2024,25-06-2024,23-06-2024,4,5.0,5611.35,Paid
9732,282,12,Rep_16,07-07-2025,07-07-2025,06-08-2025,06-08-2025,4,0.0,40920.92,Paid
9733,651,87,Rep_25,30-10-2025,31-10-2025,30-11-2025,29-11-2025,1,0.0,1650.03,Paid
9734,802,18,Rep_8,15-08-2025,17-08-2025,16-09-2025,14-09-2025,7,5.0,14550.6,Paid
9735,182,84,Rep_14,16-08-2024,18-08-2024,17-09-2024,,3,10.0,2529.44,Pending
9736,693,28,Rep_3,03-09-2024,03-09-2024,03-10-2024,,5,5.0,19116.99,Pending
9737,844,73,Rep_16,02-09-2025,04-09-2025,04-10-2025,02-10-2025,7,10.0,22787.35,Paid
9738,310,44,Rep_10,20-07-2025,20-07-2025,19-08-2025,26-08-2025,8,10.0,35321.04,Paid
9739,180,58,Rep_5,20-08-2024,20-08-2024,19-09-2024,22-09-2024,10,5.0,25552.53,Paid
9740,421,8,Rep_28,10-10-2025,10-10-2025,09-11-2025,08-11-2025,3,20.0,19771.49,Paid
9741,564,79,Rep_15,06-01-2024,06-01-2024,05-02-2024,09-02-2024,8,20.0,10354.3,Paid
9742,347,52,Rep_25,10-10-2025,10-10-2025,09-11-2025,19-11-2025,9,0.0,65854.98,Paid
9743,508,70,Rep_22,29-09-2024,29-09-2024,29-10-2024,02-11-2024,9,20.0,61626.74,Paid
9744,318,69,Rep_15,30-12-2024,31-12-2024,30-01-2025,03-02-2025,7,5.0,55768.89,Paid
9745,929,37,Rep_3,06-07-2025,07-07-2025,06-08-2025,06-08-2025,2,20.0,10834.42,Paid
9746,983,20,Rep_13,12-04-2024,13-04-2024,13-05-2024,04-07-2024,10,0.0,20400.1,Late
9747,151,41,Rep_19,11-08-2024,11-08-2024,10-09-2024,15-11-2024,5,0.0,17795.35,Late
9748,262,64,Rep_9,29-01-2024,31-01-2024,01-03-2024,,3,15.0,10438.93,Pending
9749,840,20,Rep_6,23-07-2024,25-07-2024,24-08-2024,28-08-2024,2,5.0,3876.02,Paid
9750,976,11,Rep_25,10-12-2025,12-12-2025,11-01-2026,18-01-2026,5,0.0,10088.15,Paid
9751,422,68,Rep_28,08-03-2025,09-03-2025,08-04-2025,,10,20.0,76666.72,Pending
9752,357,91,Rep_23,19-03-2024,20-03-2024,19-04-2024,17-04-2024,5,0.0,43855.4,Paid
9753,726,21,Rep_21,16-05-2025,17-05-2025,16-06-2025,20-06-2025,7,5.0,31065.34,Paid
9754,33,2,Rep_4,08-10-2024,09-10-2024,08-11-2024,18-11-2024,2,20.0,13503.15,Paid
9755,742,93,Rep_10,05-10-2024,06-10-2024,05-11-2024,,4,10.0,6521.29,Pending
9756,442,57,Rep_26,29-02-2024,02-03-2024,01-04-2024,,6,0.0,4380.0,Pending
9757,495,9,Rep_9,04-11-2025,04-11-2025,04-12-2025,11-12-2025,9,0.0,1868.58,Paid
9758,297,69,Rep_27,12-12-2024,12-12-2024,11-01-2025,15-03-2025,3,10.0,22643.01,Late
9759,105,59,Rep_18,30-05-2025,01-06-2025,01-07-2025,11-07-2025,6,10.0,16010.73,Paid
9760,76,17,Rep_28,06-03-2025,07-03-2025,06-04-2025,04-04-2025,8,20.0,49487.62,Paid
9761,840,47,Rep_28,11-10-2025,13-10-2025,12-11-2025,19-11-2025,2,5.0,5114.08,Paid
9762,221,38,Rep_26,13-06-2024,13-06-2024,13-07-2024,,10,20.0,30858.88,BadDebt
9763,419,13,Rep_17,30-08-2025,01-09-2025,01-10-2025,09-10-2025,3,10.0,18147.67,Paid
9764,520,13,Rep_15,16-07-2024,17-07-2024,16-08-2024,16-08-2024,8,15.0,45705.25,Paid
9765,47,86,Rep_10,11-12-2024,12-12-2024,11-01-2025,12-01-2025,4,0.0,19530.76,Paid
9766,158,32,Rep_16,25-06-2025,25-06-2025,25-07-2025,02-08-2025,4,15.0,9462.3,Paid
9767,318,35,Rep_6,06-04-2024,06-04-2024,06-05-2024,11-05-2024,5,15.0,25472.16,Paid
9768,869,52,Rep_30,08-10-2025,10-10-2025,09-11-2025,18-11-2025,3,0.0,21951.66,Paid
9769,531,1,Rep_7,01-04-2025,01-04-2025,01-05-2025,12-07-2025,6,0.0,32530.32,Late
9770,471,35,Rep_6,28-09-2024,30-09-2024,30-10-2024,02-11-2024,1,0.0,5993.45,Paid
9771,772,12,Rep_3,27-05-2025,29-05-2025,28-06-2025,08-07-2025,10,15.0,86956.95,Paid
9772,250,64,Rep_4,11-09-2024,13-09-2024,13-10-2024,11-12-2024,5,0.0,20468.5,Late
9773,160,55,Rep_30,19-08-2024,19-08-2024,18-09-2024,14-12-2024,1,0.0,5721.26,Late
9774,605,95,Rep_12,26-07-2025,28-07-2025,27-08-2025,27-08-2025,9,20.0,7170.05,Paid
9775,557,46,Rep_14,08-02-2025,10-02-2025,12-03-2025,17-03-2025,6,20.0,4002.86,Paid
9776,171,20,Rep_4,17-04-2024,18-04-2024,18-05-2024,29-06-2024,9,0.0,18360.09,Late
9777,738,3,Rep_8,04-01-2024,04-01-2024,03-02-2024,04-02-2024,5,15.0,35214.56,Paid
9778,295,29,Rep_6,19-03-2025,20-03-2025,19-04-2025,19-04-2025,1,10.0,4745.21,Paid
9779,532,3,Rep_29,16-08-2024,16-08-2024,15-09-2024,25-11-2024,8,15.0,56343.3,Late
9780,176,92,Rep_23,02-09-2024,02-09-2024,02-10-2024,,10,10.0,39070.44,Pending
9781,20,95,Rep_5,07-03-2024,08-03-2024,07-04-2024,,4,0.0,3983.36,BadDebt
9782,895,69,Rep_5,28-05-2025,28-05-2025,27-06-2025,27-06-2025,7,10.0,52833.69,Paid
9783,288,36,Rep_11,05-11-2025,07-11-2025,07-12-2025,14-12-2025,9,15.0,6837.49,Paid
9784,127,8,Rep_24,16-02-2024,16-02-2024,17-03-2024,27-03-2024,4,10.0,29657.23,Paid
9785,90,43,Rep_28,06-07-2024,07-07-2024,06-08-2024,07-08-2024,9,5.0,1779.08,Paid
9786,84,58,Rep_15,24-03-2024,26-03-2024,25-04-2024,30-04-2024,10,15.0,22862.79,Paid
9787,959,35,Rep_17,22-03-2024,22-03-2024,21-04-2024,,7,5.0,39856.44,Pending
9788,803,67,Rep_14,13-03-2024,15-03-2024,14-04-2024,15-04-2024,6,15.0,17979.03,Paid
9789,503,2,Rep_24,14-02-2024,16-02-2024,17-03-2024,16-03-2024,3,5.0,24052.49,Paid
9790,402,24,Rep_25,11-03-2025,13-03-2025,12-04-2025,13-04-2025,7,10.0,22820.05,Paid
9791,473,58,Rep_29,28-08-2024,28-08-2024,27-09-2024,27-09-2024,4,10.0,9683.06,Paid
9792,154,69,Rep_30,03-09-2025,04-09-2025,04-10-2025,02-10-2025,7,10.0,52833.69,Paid
9793,355,88,Rep_23,30-12-2024,31-12-2024,30-01-2025,30-01-2025,5,0.0,31221.0,Paid
9794,386,43,Rep_21,09-07-2024,11-07-2024,10-08-2024,17-08-2024,9,20.0,1498.18,Paid
9795,898,47,Rep_13,20-08-2025,20-08-2025,19-09-2025,17-09-2025,7,5.0,17899.27,Paid
9796,837,59,Rep_20,24-09-2025,24-09-2025,24-10-2025,24-10-2025,9,10.0,24016.1,Paid
9797,492,26,Rep_26,02-06-2024,02-06-2024,02-07-2024,27-08-2024,3,20.0,20681.14,Late
9798,683,5,Rep_25,27-12-2025,27-12-2025,26-01-2026,02-02-2026,9,20.0,7373.09,Paid
9799,127,79,Rep_2,21-06-2024,21-06-2024,21-07-2024,13-10-2024,7,10.0,10192.52,Late
9800,378,71,Rep_24,02-09-2025,03-09-2025,03-10-2025,13-10-2025,3,20.0,1121.69,Paid
9801,232,47,Rep_4,02-04-2025,04-04-2025,04-05-2025,24-07-2025,9,10.0,21802.12,Late
9802,781,36,Rep_10,24-04-2024,25-04-2024,25-05-2024,23-05-2024,6,10.0,4826.47,Paid
9803,40,39,Rep_27,31-12-2024,02-01-2025,01-02-2025,10-02-2025,6,15.0,37137.74,Paid
9804,885,19,Rep_18,12-03-2025,14-03-2025,13-04-2025,16-04-2025,7,5.0,62362.44,Paid
9805,872,50,Rep_11,31-05-2024,02-06-2024,02-07-2024,27-08-2024,1,20.0,1301.02,Late
9806,815,71,Rep_9,30-05-2025,30-05-2025,29-06-2025,02-07-2025,10,20.0,3738.96,Paid
9807,613,51,Rep_16,06-03-2024,07-03-2024,06-04-2024,08-04-2024,5,5.0,46169.76,Paid
9808,574,17,Rep_26,13-09-2024,15-09-2024,15-10-2024,21-10-2024,10,20.0,61859.52,Paid
9809,582,72,Rep_26,15-12-2024,16-12-2024,15-01-2025,09-03-2025,1,15.0,4592.47,Late
9810,301,56,Rep_21,30-09-2024,02-10-2024,01-11-2024,03-11-2024,6,20.0,12069.94,Paid
9811,769,92,Rep_26,18-11-2025,20-11-2025,20-12-2025,18-12-2025,7,0.0,30388.12,Paid
9812,238,52,Rep_3,30-01-2025,31-01-2025,02-03-2025,14-05-2025,3,20.0,17561.33,Late
9813,49,88,Rep_10,25-03-2025,27-03-2025,26-04-2025,06-05-2025,9,10.0,50578.02,Paid
9814,580,37,Rep_20,19-01-2025,21-01-2025,20-02-2025,03-04-2025,3,10.0,18283.08,Late
9815,972,87,Rep_8,31-07-2024,31-07-2024,30-08-2024,31-08-2024,1,10.0,1485.03,Paid
9816,12,65,Rep_8,16-05-2025,16-05-2025,15-06-2025,23-06-2025,5,15.0,13504.67,Paid
9817,527,50,Rep_3,28-04-2024,29-04-2024,29-05-2024,08-06-2024,10,5.0,15449.66,Paid
9818,206,77,Rep_19,13-12-2024,15-12-2024,14-01-2025,17-01-2025,3,5.0,2640.7,Paid
9819,596,27,Rep_21,24-03-2024,25-03-2024,24-04-2024,03-05-2024,8,0.0,12106.24,Paid
9820,288,5,Rep_3,24-09-2025,24-09-2025,24-10-2025,02-11-2025,1,5.0,972.84,Paid
9821,449,87,Rep_2,02-02-2024,02-02-2024,03-03-2024,13-03-2024,7,5.0,10972.7,Paid
9822,843,27,Rep_16,09-06-2025,10-06-2025,10-07-2025,,7,0.0,10592.96,Pending
9823,786,57,Rep_3,27-02-2025,28-02-2025,30-03-2025,29-03-2025,1,0.0,730.0,Paid
9824,176,63,Rep_8,12-04-2025,13-04-2025,13-05-2025,25-06-2025,9,15.0,12778.02,Late
9825,670,95,Rep_18,24-07-2024,26-07-2024,25-08-2024,,6,20.0,4780.03,BadDebt
9826,809,17,Rep_14,03-06-2025,04-06-2025,04-07-2025,12-07-2025,6,10.0,41755.18,Paid
9827,876,91,Rep_3,18-08-2024,18-08-2024,17-09-2024,22-09-2024,9,15.0,67098.76,Paid
9828,897,82,Rep_25,25-03-2025,25-03-2025,24-04-2025,24-04-2025,10,10.0,35677.26,Paid
9829,96,63,Rep_17,26-04-2024,26-04-2024,26-05-2024,01-06-2024,7,5.0,11107.69,Paid
9830,371,65,Rep_17,19-05-2024,21-05-2024,20-06-2024,26-08-2024,3,20.0,7626.17,Late
9831,145,67,Rep_6,07-03-2024,08-03-2024,07-04-2024,20-06-2024,9,5.0,30141.32,Late
9832,673,15,Rep_11,12-08-2025,13-08-2025,12-09-2025,,1,0.0,6176.42,BadDebt
9833,776,98,Rep_3,18-04-2024,19-04-2024,19-05-2024,04-08-2024,8,10.0,8539.2,Late
9834,15,42,Rep_7,07-01-2024,08-01-2024,07-02-2024,06-02-2024,3,15.0,26690.75,Paid
9835,435,53,Rep_24,13-07-2025,14-07-2025,13-08-2025,20-08-2025,4,15.0,15019.43,Paid
9836,492,66,Rep_27,23-03-2025,25-03-2025,24-04-2025,02-05-2025,9,20.0,79667.64,Paid
9837,57,93,Rep_3,19-02-2024,20-02-2024,21-03-2024,22-03-2024,9,20.0,13042.58,Paid
9838,760,21,Rep_13,15-10-2025,16-10-2025,15-11-2025,11-01-2026,4,15.0,15883.03,Late
9839,444,54,Rep_22,09-03-2024,11-03-2024,10-04-2024,08-04-2024,8,0.0,53345.28,Paid
9840,472,9,Rep_5,08-04-2024,09-04-2024,09-05-2024,11-05-2024,2,5.0,394.48,Paid
9841,853,3,Rep_25,24-06-2025,25-06-2025,25-07-2025,26-07-2025,3,10.0,22371.61,Paid
9842,496,14,Rep_1,05-03-2025,05-03-2025,04-04-2025,06-04-2025,8,10.0,21609.5,Paid
9843,908,19,Rep_18,16-09-2025,16-09-2025,16-10-2025,20-10-2025,8,5.0,71271.36,Paid
9844,57,10,Rep_25,03-02-2025,03-02-2025,05-03-2025,05-03-2025,3,5.0,14504.73,Paid
9845,38,70,Rep_24,24-09-2025,26-09-2025,26-10-2025,05-12-2025,1,20.0,6847.42,Late
9846,650,100,Rep_2,11-11-2024,13-11-2024,13-12-2024,,1,0.0,3348.61,BadDebt
9847,118,24,Rep_6,10-10-2025,11-10-2025,10-11-2025,08-01-2026,7,0.0,25355.61,Late
9848,706,25,Rep_18,11-11-2025,11-11-2025,11-12-2025,12-12-2025,2,20.0,724.46,Paid
9849,76,2,Rep_11,01-12-2025,01-12-2025,31-12-2025,05-01-2026,5,0.0,42197.35,Paid
9850,675,64,Rep_16,02-04-2025,02-04-2025,02-05-2025,03-05-2025,1,0.0,4093.7,Paid
9851,143,79,Rep_29,13-03-2024,13-03-2024,12-04-2024,,1,5.0,1536.97,BadDebt
9852,614,70,Rep_10,17-10-2024,19-10-2024,18-11-2024,22-11-2024,4,0.0,34237.08,Paid
9853,576,97,Rep_18,19-07-2025,20-07-2025,19-08-2025,20-08-2025,5,10.0,34386.12,Paid
9854,430,86,Rep_3,20-04-2024,22-04-2024,22-05-2024,30-07-2024,4,0.0,19530.76,Late
9855,712,66,Rep_30,15-05-2024,16-05-2024,15-06-2024,13-06-2024,4,10.0,39833.82,Paid
9856,111,20,Rep_19,21-08-2024,22-08-2024,21-09-2024,25-09-2024,7,0.0,14280.07,Paid
9857,593,88,Rep_30,15-01-2024,17-01-2024,16-02-2024,,9,20.0,44958.24,BadDebt
9858,429,91,Rep_16,27-12-2025,28-12-2025,27-01-2026,26-01-2026,3,5.0,24997.58,Paid
9859,348,96,Rep_23,07-01-2024,07-01-2024,06-02-2024,15-02-2024,5,0.0,39886.1,Paid
9860,40,58,Rep_21,20-05-2025,22-05-2025,21-06-2025,22-06-2025,3,0.0,8069.22,Paid
9861,884,74,Rep_22,27-12-2025,27-12-2025,26-01-2026,,5,10.0,39409.78,Pending
9862,210,62,Rep_2,08-07-2024,08-07-2024,07-08-2024,15-08-2024,1,0.0,7092.28,Paid
9863,698,42,Rep_15,23-07-2024,24-07-2024,23-08-2024,22-08-2024,4,0.0,41867.84,Paid
9864,836,17,Rep_6,30-12-2025,01-01-2026,31-01-2026,,9,0.0,69591.96,Pending
9865,494,13,Rep_13,24-01-2025,25-01-2025,24-02-2025,03-03-2025,7,20.0,37639.62,Paid
9866,328,81,Rep_16,02-08-2024,04-08-2024,03-09-2024,10-09-2024,3,5.0,3611.04,Paid
9867,427,58,Rep_18,06-08-2024,06-08-2024,05-09-2024,10-09-2024,2,20.0,4303.58,Paid
9868,404,54,Rep_4,27-04-2024,27-04-2024,27-05-2024,03-06-2024,3,15.0,17003.81,Paid
9869,532,26,Rep_5,04-05-2025,06-05-2025,05-06-2025,20-08-2025,6,5.0,49117.7,Late
9870,732,94,Rep_13,11-01-2025,13-01-2025,12-02-2025,21-02-2025,3,10.0,7497.36,Paid
9871,800,50,Rep_16,05-09-2024,07-09-2024,07-10-2024,17-10-2024,4,20.0,5204.1,Paid
9872,327,81,Rep_29,11-03-2024,13-03-2024,12-04-2024,11-04-2024,4,5.0,4814.71,Paid
9873,257,37,Rep_10,07-05-2024,08-05-2024,07-06-2024,12-06-2024,9,20.0,48754.87,Paid
9874,373,21,Rep_3,17-05-2025,19-05-2025,18-06-2025,26-06-2025,4,5.0,17751.62,Paid
9875,239,15,Rep_26,01-01-2024,01-01-2024,31-01-2024,01-02-2024,4,15.0,20999.83,Paid
9876,317,88,Rep_29,26-08-2024,26-08-2024,25-09-2024,02-10-2024,2,15.0,10615.14,Paid
9877,244,22,Rep_26,19-12-2024,20-12-2024,19-01-2025,18-01-2025,9,10.0,6823.04,Paid
9878,400,87,Rep_24,28-08-2024,30-08-2024,29-09-2024,30-09-2024,1,15.0,1402.53,Paid
9879,101,30,Rep_9,21-06-2024,22-06-2024,22-07-2024,08-09-2024,4,0.0,7946.68,Late
9880,989,2,Rep_7,06-03-2025,06-03-2025,05-04-2025,10-04-2025,10,5.0,80174.96,Paid
9881,21,48,Rep_21,10-09-2024,11-09-2024,11-10-2024,17-11-2024,1,10.0,4548.56,Late
9882,746,26,Rep_12,24-09-2024,26-09-2024,26-10-2024,,8,5.0,65490.26,Pending
9883,83,40,Rep_30,30-01-2025,01-02-2025,03-03-2025,01-03-2025,7,0.0,38581.62,Paid
9884,990,25,Rep_6,01-10-2025,03-10-2025,02-11-2025,01-11-2025,4,5.0,1720.6,Paid
9885,209,79,Rep_28,24-05-2025,26-05-2025,25-06-2025,23-06-2025,3,5.0,4610.9,Paid
9886,559,34,Rep_1,21-10-2025,22-10-2025,21-11-2025,25-11-2025,1,5.0,3787.16,Paid
9887,230,66,Rep_9,03-03-2025,04-03-2025,03-04-2025,10-04-2025,10,5.0,105117.02,Paid
9888,539,88,Rep_20,14-09-2025,16-09-2025,16-10-2025,22-11-2025,9,10.0,50578.02,Late
9889,108,88,Rep_12,10-07-2025,12-07-2025,11-08-2025,11-08-2025,1,15.0,5307.57,Paid
9890,132,78,Rep_23,16-04-2024,18-04-2024,18-05-2024,21-05-2024,7,15.0,39860.54,Paid
9891,470,23,Rep_5,11-03-2025,13-03-2025,12-04-2025,21-04-2025,10,0.0,29202.7,Paid
9892,636,57,Rep_3,11-02-2025,13-02-2025,15-03-2025,21-03-2025,2,20.0,1168.0,Paid
9893,112,67,Rep_27,13-02-2024,13-02-2024,14-03-2024,,6,0.0,21151.8,Pending
9894,405,42,Rep_27,12-08-2024,12-08-2024,11-09-2024,19-09-2024,10,0.0,104669.6,Paid
9895,710,27,Rep_29,05-12-2025,05-12-2025,04-01-2026,07-01-2026,2,0.0,3026.56,Paid
9896,483,64,Rep_17,03-05-2025,05-05-2025,04-06-2025,06-06-2025,10,5.0,38890.15,Paid
9897,349,40,Rep_22,26-12-2024,28-12-2024,27-01-2025,29-01-2025,2,20.0,8818.66,Paid
9898,838,48,Rep_16,10-10-2024,10-10-2024,09-11-2024,14-11-2024,1,20.0,4043.17,Paid
9899,160,12,Rep_17,13-08-2025,15-08-2025,14-09-2025,,1,20.0,8184.18,Pending
9900,889,81,Rep_6,26-02-2024,26-02-2024,27-03-2024,02-04-2024,4,15.0,4307.9,Paid
9901,41,27,Rep_3,14-12-2025,16-12-2025,15-01-2026,15-01-2026,6,5.0,8625.7,Paid
9902,545,78,Rep_1,25-04-2024,26-04-2024,26-05-2024,05-06-2024,6,20.0,32156.4,Paid
9903,563,50,Rep_19,21-01-2024,22-01-2024,21-02-2024,01-03-2024,3,15.0,4147.01,Paid
9904,187,10,Rep_12,23-10-2024,23-10-2024,22-11-2024,27-11-2024,1,5.0,4834.91,Paid
9905,814,60,Rep_6,24-10-2025,24-10-2025,23-11-2025,,7,10.0,29228.47,Pending
9906,723,98,Rep_18,10-02-2025,11-02-2025,13-03-2025,20-04-2025,7,20.0,6641.6,Late
9907,856,89,Rep_12,18-06-2025,20-06-2025,20-07-2025,20-07-2025,9,15.0,14405.94,Paid
9908,521,67,Rep_18,06-03-2024,07-03-2024,06-04-2024,15-04-2024,2,5.0,6698.07,Paid
9909,90,90,Rep_11,03-10-2025,03-10-2025,02-11-2025,01-11-2025,1,15.0,4805.13,Paid
9910,676,48,Rep_9,04-11-2024,04-11-2024,04-12-2024,,4,20.0,16172.67,Pending
9911,277,22,Rep_29,02-04-2024,04-04-2024,04-05-2024,09-05-2024,5,5.0,4001.16,Paid
9912,535,19,Rep_27,11-05-2024,12-05-2024,11-06-2024,,1,15.0,7971.14,BadDebt
9913,503,87,Rep_15,08-06-2024,08-06-2024,08-07-2024,09-07-2024,10,0.0,16500.3,Paid
9914,985,58,Rep_27,14-06-2024,15-06-2024,15-07-2024,23-07-2024,5,20.0,10758.96,Paid
9915,140,69,Rep_15,02-03-2024,02-03-2024,01-04-2024,31-03-2024,5,10.0,37738.35,Paid
9916,765,59,Rep_23,22-09-2024,22-09-2024,22-10-2024,26-10-2024,2,15.0,5040.42,Paid
9917,470,48,Rep_24,03-10-2025,04-10-2025,03-11-2025,04-11-2025,5,15.0,21479.33,Paid
9918,90,2,Rep_26,28-09-2024,28-09-2024,28-10-2024,05-11-2024,7,20.0,47261.03,Paid
9919,571,51,Rep_19,22-01-2024,24-01-2024,23-02-2024,04-03-2024,5,5.0,46169.76,Paid
9920,93,31,Rep_21,14-10-2025,14-10-2025,13-11-2025,15-12-2025,9,20.0,33479.93,Late
9921,280,100,Rep_30,07-01-2025,07-01-2025,06-02-2025,11-02-2025,4,15.0,11385.27,Paid
9922,814,40,Rep_5,30-12-2025,30-12-2025,29-01-2026,02-02-2026,7,15.0,32794.38,Paid
9923,759,55,Rep_15,23-10-2025,24-10-2025,23-11-2025,23-11-2025,9,10.0,46342.21,Paid
9924,569,91,Rep_4,13-03-2024,15-03-2024,14-04-2024,16-04-2024,2,15.0,14910.84,Paid
9925,358,83,Rep_18,05-05-2025,05-05-2025,04-06-2025,12-06-2025,3,20.0,5369.9,Paid
9926,554,47,Rep_9,18-11-2025,20-11-2025,20-12-2025,,9,5.0,23013.35,Pending
9927,508,49,Rep_26,08-12-2025,10-12-2025,09-01-2026,06-04-2026,1,0.0,7583.62,Late
9928,916,1,Rep_4,30-05-2024,30-05-2024,29-06-2024,27-06-2024,8,20.0,34699.01,Paid
9929,545,48,Rep_9,20-03-2024,21-03-2024,20-04-2024,28-04-2024,4,10.0,18194.26,Paid
9930,696,37,Rep_25,14-03-2024,15-03-2024,14-04-2024,10-07-2024,6,5.0,38597.61,Late
9931,956,35,Rep_8,28-01-2025,30-01-2025,01-03-2025,01-03-2025,5,5.0,28468.89,Paid
9932,980,85,Rep_26,22-04-2025,22-04-2025,22-05-2025,28-05-2025,1,5.0,2239.49,Paid
9933,409,73,Rep_24,08-05-2024,08-05-2024,07-06-2024,08-06-2024,1,0.0,3617.04,Paid
9934,84,2,Rep_13,10-06-2024,11-06-2024,11-07-2024,,6,10.0,45573.14,BadDebt
9935,909,99,Rep_11,14-03-2025,14-03-2025,13-04-2025,21-04-2025,5,15.0,7534.53,Paid
9936,637,31,Rep_17,25-07-2025,27-07-2025,26-08-2025,12-10-2025,3,15.0,11857.47,Late
9937,492,88,Rep_11,17-09-2025,17-09-2025,17-10-2025,17-10-2025,1,15.0,5307.57,Paid
9938,779,32,Rep_6,08-02-2025,08-02-2025,10-03-2025,22-05-2025,1,5.0,2643.88,Late
9939,225,90,Rep_30,09-12-2025,11-12-2025,10-01-2026,17-01-2026,10,15.0,48051.26,Paid
9940,426,30,Rep_25,16-11-2025,17-11-2025,17-12-2025,02-03-2026,1,0.0,1986.67,Late
9941,507,86,Rep_21,02-05-2025,03-05-2025,02-06-2025,12-06-2025,7,10.0,30760.95,Paid
9942,953,29,Rep_24,12-05-2024,14-05-2024,13-06-2024,08-09-2024,8,10.0,37961.71,Late
9943,497,27,Rep_23,25-11-2025,26-11-2025,26-12-2025,29-01-2026,6,0.0,9079.68,Late
9944,389,67,Rep_8,11-11-2024,12-11-2024,12-12-2024,11-12-2024,1,20.0,2820.24,Paid
9945,981,45,Rep_2,16-07-2025,17-07-2025,16-08-2025,24-08-2025,10,20.0,32262.0,Paid
9946,343,82,Rep_27,12-09-2025,13-09-2025,13-10-2025,13-10-2025,9,20.0,28541.81,Paid
9947,352,49,Rep_29,25-06-2024,26-06-2024,26-07-2024,01-08-2024,4,10.0,27301.03,Paid
9948,493,23,Rep_29,15-10-2024,15-10-2024,14-11-2024,,1,10.0,2628.24,Pending
9949,424,56,Rep_30,11-01-2025,13-01-2025,12-02-2025,,8,20.0,16093.25,Pending
9950,571,26,Rep_4,18-06-2025,20-06-2025,20-07-2025,22-07-2025,9,5.0,73676.55,Paid
9951,807,89,Rep_23,26-07-2025,28-07-2025,27-08-2025,30-08-2025,5,5.0,8944.87,Paid
9952,500,99,Rep_3,12-10-2024,12-10-2024,11-11-2024,,1,5.0,1684.19,Pending
9953,929,93,Rep_23,09-02-2024,11-02-2024,12-03-2024,20-03-2024,5,5.0,8604.48,Paid
9954,94,99,Rep_21,21-12-2025,21-12-2025,20-01-2026,21-01-2026,2,20.0,2836.53,Paid
9955,479,47,Rep_17,10-07-2024,12-07-2024,11-08-2024,,9,20.0,19379.66,Pending
9956,993,62,Rep_20,01-06-2025,03-06-2025,03-07-2025,06-07-2025,9,20.0,51064.42,Paid
9957,907,12,Rep_4,11-05-2025,13-05-2025,12-06-2025,,3,15.0,26087.09,BadDebt
9958,328,78,Rep_1,25-03-2024,25-03-2024,24-04-2024,,10,5.0,63642.88,Pending
9959,517,37,Rep_23,21-02-2025,22-02-2025,24-03-2025,03-06-2025,6,15.0,34534.7,Late
9960,167,28,Rep_26,21-06-2024,22-06-2024,22-07-2024,28-07-2024,3,15.0,10262.81,Paid
9961,86,32,Rep_15,01-08-2025,03-08-2025,02-09-2025,03-09-2025,2,15.0,4731.15,Paid
9962,111,40,Rep_22,09-08-2025,11-08-2025,10-09-2025,18-09-2025,9,10.0,44644.45,Paid
9963,72,21,Rep_23,25-09-2025,26-09-2025,26-10-2025,29-10-2025,5,0.0,23357.4,Paid
9964,712,64,Rep_29,12-10-2024,14-10-2024,13-11-2024,12-11-2024,10,0.0,40937.0,Paid
9965,759,8,Rep_30,23-10-2024,25-10-2024,24-11-2024,27-11-2024,1,0.0,8238.12,Paid
9966,685,93,Rep_15,21-12-2024,23-12-2024,22-01-2025,21-01-2025,10,15.0,15397.5,Paid
9967,565,14,Rep_7,04-10-2024,06-10-2024,05-11-2024,,1,20.0,2401.06,BadDebt
9968,731,70,Rep_6,02-09-2024,04-09-2024,04-10-2024,04-10-2024,7,5.0,56919.15,Paid
9969,859,44,Rep_2,09-07-2025,11-07-2025,10-08-2025,20-08-2025,2,15.0,8339.69,Paid
9970,77,91,Rep_8,01-10-2025,03-10-2025,02-11-2025,04-11-2025,7,20.0,49118.05,Paid
9971,978,12,Rep_13,07-01-2025,08-01-2025,07-02-2025,07-02-2025,7,0.0,71611.61,Paid
9972,70,44,Rep_9,29-03-2024,31-03-2024,30-04-2024,07-05-2024,4,5.0,18641.66,Paid
9973,875,33,Rep_7,14-04-2025,15-04-2025,15-05-2025,22-05-2025,2,5.0,2805.67,Paid
9974,95,23,,15-07-2025,17-07-2025,16-08-2025,,7,0.0,20441.89,Pending
9975,160,39,Rep_19,18-07-2025,20-07-2025,19-08-2025,21-08-2025,6,15.0,37137.74,Paid
9976,274,59,Rep_1,03-09-2024,05-09-2024,05-10-2024,08-11-2024,3,10.0,8005.36,Late
9977,637,77,Rep_29,02-04-2024,04-04-2024,04-05-2024,14-05-2024,8,10.0,6671.23,Paid
9978,773,62,Rep_27,01-05-2025,03-05-2025,02-06-2025,31-05-2025,5,20.0,28369.12,Paid
9979,589,38,Rep_22,22-10-2025,23-10-2025,22-11-2025,02-12-2025,1,10.0,3471.62,Paid
9980,72,79,Rep_4,20-05-2025,20-05-2025,19-06-2025,26-07-2025,9,5.0,13832.7,Late
9981,21,6,Rep_18,18-05-2025,20-05-2025,19-06-2025,,6,5.0,55754.44,Pending
9982,497,100,Rep_5,18-02-2024,18-02-2024,19-03-2024,27-03-2024,9,10.0,27123.74,Paid
9983,942,17,Rep_4,20-08-2024,21-08-2024,20-09-2024,27-09-2024,1,5.0,7345.82,Paid
9984,959,77,Rep_11,25-07-2025,27-07-2025,26-08-2025,28-08-2025,1,15.0,787.58,Paid
9985,568,50,Rep_20,19-10-2025,19-10-2025,18-11-2025,,5,10.0,7318.26,Pending
9986,873,35,Rep_1,28-09-2025,30-09-2025,30-10-2025,30-12-2025,2,15.0,10188.86,Late
9987,283,61,Rep_30,01-06-2024,02-06-2024,02-07-2024,02-07-2024,3,0.0,2237.01,Paid
9988,326,43,Rep_24,29-01-2024,31-01-2024,01-03-2024,01-03-2024,4,0.0,832.32,Paid
9989,937,1,,21-09-2024,23-09-2024,23-10-2024,27-10-2024,9,10.0,43915.93,Paid
9990,677,79,Rep_12,21-09-2025,23-09-2025,23-10-2025,,6,5.0,9221.8,Pending
9991,929,79,Rep_29,16-02-2025,17-02-2025,19-03-2025,19-03-2025,3,10.0,4368.22,Paid
9992,593,27,Rep_17,20-01-2025,20-01-2025,19-02-2025,01-03-2025,5,15.0,6431.44,Paid
9993,244,76,Rep_28,21-05-2024,23-05-2024,22-06-2024,23-06-2024,9,5.0,85836.36,Paid
9994,162,11,Rep_2,07-07-2024,09-07-2024,08-08-2024,18-10-2024,10,10.0,18158.67,Late
9995,952,72,Rep_20,25-09-2024,27-09-2024,27-10-2024,14-01-2025,10,0.0,54029.1,Late
9996,622,11,Rep_26,07-05-2025,08-05-2025,07-06-2025,07-06-2025,2,10.0,3631.73,Paid
9997,516,95,Rep_23,05-08-2024,07-08-2024,06-09-2024,14-09-2024,7,20.0,5576.7,Paid
9998,520,14,Rep_17,15-05-2024,16-05-2024,15-06-2024,21-06-2024,5,5.0,14256.27,Paid
9999,814,35,Rep_19,24-04-2024,25-04-2024,25-05-2024,,2,5.0,11387.55,Pending
10000,462,76,Rep_16,30-01-2024,01-02-2024,02-03-2024,11-03-2024,5,15.0,42667.2,Paid
